id,euclidean_correct_correct_mean,euclidean_correct_wrong_mean,euclidean_correct_shuffled_mean,euclidean_wrong_auc,euclidean_shuffled_auc,phf_cosine_correct_correct_mean,phf_cosine_correct_wrong_mean,phf_cosine_correct_shuffled_mean,phf_cosine_wrong_auc,phf_cosine_shuffled_auc,sinkhorn_correct_correct_mean,sinkhorn_correct_wrong_mean,sinkhorn_correct_shuffled_mean,sinkhorn_wrong_auc,sinkhorn_shuffled_auc,fgw_correct_correct_mean,fgw_correct_wrong_mean,fgw_correct_shuffled_mean,fgw_wrong_auc,fgw_shuffled_auc,uot_objective_correct_correct_mean,uot_objective_correct_wrong_mean,uot_objective_correct_shuffled_mean,uot_objective_wrong_auc,uot_objective_shuffled_auc,uot_transport_cost_raw_correct_correct_mean,uot_transport_cost_raw_correct_wrong_mean,uot_transport_cost_raw_correct_shuffled_mean,uot_transport_cost_raw_wrong_auc,uot_transport_cost_raw_shuffled_auc,uot_transport_cost_normalized_correct_correct_mean,uot_transport_cost_normalized_correct_wrong_mean,uot_transport_cost_normalized_correct_shuffled_mean,uot_transport_cost_normalized_wrong_auc,uot_transport_cost_normalized_shuffled_auc,uot_mass_correct_correct_mean,uot_mass_correct_wrong_mean,uot_mass_correct_shuffled_mean,uot_mass_wrong_auc,uot_mass_shuffled_auc
0,0.2087504044175148,0.23609936609864235,0.19145214185118675,0.7916666666666666,0.4583333333333333,0.034382437666257225,0.04070102609694004,0.030069970525801182,0.625,0.4166666666666667,0.03585207307090362,0.038247743621468544,0.03183481702581048,0.5,0.4166666666666667,0.027708638459444046,0.028613736387342215,0.025330170057713985,0.5,0.4166666666666667,0.24449361115694046,0.2466391623020172,0.2418493516743183,0.5,0.4166666666666667,0.03751329953471819,0.04062856361269951,0.03389552142471075,0.5,0.4166666666666667,0.032841115879515805,0.0355821093544364,0.029584751930087805,0.5,0.4166666666666667,1.145003855228424,1.141956478357315,1.1487602591514587,0.5,0.4166666666666667
1,0.22441493843992552,0.2480013594031334,0.1939072050154209,0.5833333333333334,0.375,0.03790089022368193,0.04404768347740173,0.03074967465363443,0.625,0.375,0.03437249734997749,0.03395446529611945,0.028953855158761144,0.5,0.5,0.024164142087101936,0.02356361271813512,0.020920088049024343,0.5,0.4583333333333333,0.24110842496156693,0.24120325222611427,0.23739618062973022,0.5416666666666666,0.5,0.036722670309245586,0.03760335221886635,0.03180800611153245,0.5416666666666666,0.5,0.03206430127223333,0.03273221803829074,0.027648643357679248,0.5416666666666666,0.5,1.1498108506202698,1.1496773958206177,1.1550851464271545,0.5416666666666666,0.5
2,0.18127573281526566,0.25459612905979156,0.1570767592638731,1.0,0.375,0.02432067847500245,0.045005979016423225,0.01836540549993515,1.0,0.375,0.032347299779454865,0.046810599975287914,0.02355650532990694,0.9166666666666666,0.2916666666666667,0.0251170393700401,0.03273536032065749,0.020179982064291835,0.7916666666666666,0.2916666666666667,0.2413651098807653,0.25195952504873276,0.23503763228654861,0.9583333333333334,0.2916666666666667,0.034296205577751,0.04994400031864643,0.025576714891940355,0.9583333333333334,0.2916666666666667,0.029907217249274254,0.044043758884072304,0.0221739849075675,0.9583333333333334,0.2916666666666667,1.1494478185971577,1.134398877620697,1.1584360003471375,0.9583333333333334,0.2916666666666667
3,0.17840671663482985,0.21135536581277847,0.1698268409818411,0.8333333333333334,0.4166666666666667,0.019786661490797997,0.026945908553898335,0.018233155482448637,1.0,0.4166666666666667,0.024508684563140076,0.030433849897235632,0.02146038319915533,0.75,0.3333333333333333,0.021206801912436884,0.02417432749643922,0.020093827974051237,0.75,0.4166666666666667,0.2349817231297493,0.23887456953525543,0.23274949193000793,0.75,0.375,0.02790022548288107,0.034450994804501534,0.024639872834086418,0.75,0.3333333333333333,0.02412021377434333,0.029882486909627914,0.021243153838440776,0.75,0.3333333333333333,1.1585159301757812,1.1529863476753235,1.161686658859253,0.75,0.375
4,0.19902395208676657,0.24308981373906136,0.17238614708185196,0.8333333333333334,0.4583333333333333,0.02543861713881294,0.035409624222666025,0.019379878416657448,0.8333333333333334,0.4583333333333333,0.02668342475468914,0.03277394222095609,0.020893658977001905,0.7083333333333334,0.4166666666666667,0.01941235704968373,0.02274757158011198,0.016380031825974584,0.7083333333333334,0.375,0.238491324086984,0.2430998757481575,0.23410119116306305,0.7083333333333334,0.4166666666666667,0.029535263311117887,0.036215854808688164,0.023125245701521635,0.7083333333333334,0.4166666666666667,0.025675808389981587,0.03163668420165777,0.02000623510684818,0.7083333333333334,0.4166666666666667,1.1535305579503377,1.1469843685626984,1.1597664654254913,0.7083333333333334,0.4166666666666667
5,0.20991931607325873,0.2304013855755329,0.1830520462244749,0.5833333333333334,0.375,0.02993084490299225,0.03423000406473875,0.02455965569242835,0.5833333333333334,0.375,0.03623611976703008,0.04100040066987276,0.032495570834726095,0.6666666666666666,0.4166666666666667,0.0285097931822141,0.030139679554849863,0.026458756998181343,0.625,0.4166666666666667,0.240159181257089,0.242058377712965,0.23721731454133987,0.5833333333333334,0.375,0.039955125811199345,0.04512492846697569,0.03568847756832838,0.6666666666666666,0.4166666666666667,0.03476271188507477,0.03930642269551754,0.030932174529880285,0.6666666666666666,0.4166666666666667,1.151160995165507,1.148463398218155,1.1553398370742798,0.5833333333333334,0.375
6,0.1634031261006991,0.2169315218925476,0.15186347626149654,0.9166666666666666,0.4166666666666667,0.018735884067912895,0.03179876133799553,0.016561612486839294,0.9583333333333334,0.4583333333333333,0.022393447967867058,0.0320737911388278,0.019383829785510898,0.7916666666666666,0.4583333333333333,0.018234339232246082,0.023425585124641657,0.01671175705268979,0.7916666666666666,0.4583333333333333,0.2359794701139132,0.24315806850790977,0.23381653055548668,0.7916666666666666,0.4583333333333333,0.02504152711480856,0.035487277433276176,0.02177349920384586,0.7916666666666666,0.4583333333333333,0.02165941537047426,0.03098884876817465,0.018816913361661136,0.7916666666666666,0.4583333333333333,1.1570985317230225,1.1469016671180725,1.1601707935333252,0.7916666666666666,0.4583333333333333
7,0.16206311558683714,0.20887842401862144,0.14497672952711582,0.75,0.375,0.020994143870969612,0.0273954039439559,0.01601770706474781,0.7083333333333334,0.375,0.03141558760156234,0.03383038938045502,0.023609960451722145,0.5,0.375,0.024305276572704315,0.025071735493838787,0.02026329329237342,0.5,0.3333333333333333,0.2373549516002337,0.2391117364168167,0.23209358751773834,0.5416666666666666,0.3333333333333333,0.0319723937039574,0.03661131765693426,0.024598172632977366,0.5416666666666666,0.3333333333333333,0.027804419087866943,0.03177407197654247,0.021245694253593683,0.5416666666666666,0.3333333333333333,1.1551426847775776,1.1526488065719604,1.1626166701316833,0.5416666666666666,0.3333333333333333
8,0.21836147954066595,0.22280310094356537,0.1916888039559126,0.5416666666666666,0.4166666666666667,0.031948697132368885,0.03305498091503978,0.026732567697763443,0.5416666666666666,0.3333333333333333,0.034330375492572784,0.0340173258446157,0.02869558660313487,0.5,0.4166666666666667,0.024107797692219417,0.023710872512310743,0.02093499293550849,0.5,0.4583333333333333,0.24179285764694214,0.24183011427521706,0.23793382197618484,0.5,0.4166666666666667,0.036323449884851776,0.03692876920104027,0.031190201407298446,0.4583333333333333,0.4166666666666667,0.031669274903833866,0.032176108099520206,0.027159591089002788,0.4583333333333333,0.4166666666666667,1.148840308189392,1.1487876772880554,1.1543220579624176,0.5,0.4166666666666667
9,0.17564326276381811,0.22916505858302116,0.14746625535190105,1.0,0.16666666666666666,0.019903183293839295,0.03147883852943778,0.014985925983637571,1.0,0.20833333333333334,0.024386034967998665,0.03332268539816141,0.01746814139187336,0.875,0.20833333333333334,0.021059236799677212,0.025689260568469763,0.016967762727290392,0.8333333333333334,0.16666666666666666,0.23554195712010065,0.2424999698996544,0.2304324209690094,0.875,0.16666666666666666,0.026177403206626575,0.036834727972745895,0.019157616887241602,0.875,0.25,0.02263491942236821,0.03211540775373578,0.016495094052515924,0.875,0.25,1.1577195525169373,1.147836446762085,1.1649776101112366,0.875,0.16666666666666666
10,0.1711891827483972,0.19608089327812195,0.14779997058212757,0.625,0.4166666666666667,0.019098534093548853,0.025164271239191294,0.016164920409210026,0.6666666666666666,0.4166666666666667,0.022201906734456617,0.024938121438026428,0.01786064449697733,0.625,0.375,0.01687402588625749,0.018320351373404264,0.014667693758383393,0.625,0.375,0.23441891620556513,0.236598689109087,0.2312522642314434,0.625,0.375,0.025110777467489243,0.02826039493083954,0.020303709898144007,0.625,0.375,0.0216981020445625,0.02446178114041686,0.01751280657481402,0.625,0.375,1.1593152284622192,1.1562191545963287,1.1638132333755493,0.625,0.375
11,0.1940766473611196,0.20507431030273438,0.1655633430927992,0.7083333333333334,0.3333333333333333,0.02385240172346433,0.025557153392583132,0.018230605288408697,0.625,0.3333333333333333,0.030108533489207428,0.030364578124135733,0.02232325973454863,0.5,0.2916666666666667,0.020207360697289307,0.020223270636051893,0.01594997080974281,0.5,0.25,0.24262982358535132,0.24302950873970985,0.23702754452824593,0.5416666666666666,0.3333333333333333,0.03230020528038343,0.03314478928223252,0.02466189826373011,0.5416666666666666,0.3333333333333333,0.028172143114109833,0.028913080226629972,0.021421604556962848,0.5416666666666666,0.3333333333333333,1.147651771704356,1.1470842361450195,1.1556097269058228,0.5416666666666666,0.3333333333333333
12,0.17353318880001703,0.2154674381017685,0.154458275064826,0.9166666666666666,0.3333333333333333,0.021222789771854877,0.03070139279589057,0.01818883023224771,0.9583333333333334,0.375,0.029560305799047153,0.03920995630323887,0.024674899643287063,0.7083333333333334,0.2916666666666667,0.022047495935112238,0.027182957623153925,0.019170364597812295,0.7083333333333334,0.2916666666666667,0.24162870148817697,0.24878233298659325,0.23791896179318428,0.7083333333333334,0.2916666666666667,0.031291721078256764,0.04156055208295584,0.026360020972788334,0.75,0.2916666666666667,0.0272968802601099,0.03651612438261509,0.022885170066729188,0.75,0.2916666666666667,1.1490736206372578,1.1389119923114777,1.1543432474136353,0.7083333333333334,0.2916666666666667
13,0.19403065741062164,0.22365959733724594,0.17502607963979244,0.7916666666666666,0.4166666666666667,0.024949070531874895,0.03261903207749128,0.02138317609205842,0.8333333333333334,0.375,0.02967164075622956,0.03529161913320422,0.025273384992033243,0.6666666666666666,0.4583333333333333,0.02022962039336562,0.023237525019794703,0.017753456952050328,0.625,0.4583333333333333,0.2418473164240519,0.24624786153435707,0.23872854560613632,0.6666666666666666,0.4583333333333333,0.031181725673377514,0.03792531928047538,0.027009525569155812,0.6666666666666666,0.4583333333333333,0.02720965739960472,0.03324868902564049,0.023510258411988616,0.6666666666666666,0.4583333333333333,1.1487630407015483,1.1425125300884247,1.1531932651996613,0.6666666666666666,0.4583333333333333
14,0.18590530008077621,0.2267567329108715,0.16923809610307217,0.8333333333333334,0.5833333333333334,0.022838524853189785,0.03354272246360779,0.021296314196661115,0.9166666666666666,0.625,0.027161894055704277,0.03695960994809866,0.025239007198251784,0.7916666666666666,0.75,0.022629907354712486,0.027791846077889204,0.02138457540422678,0.7916666666666666,0.75,0.236152745783329,0.24332207441329956,0.23454517126083374,0.7916666666666666,0.75,0.029977404822905857,0.04031039169058204,0.027381579158827662,0.7916666666666666,0.75,0.02592061460018158,0.0351938265375793,0.023728826199658215,0.7916666666666666,0.75,1.1568520665168762,1.1466678977012634,1.1591348946094513,0.7916666666666666,0.75
15,0.13685566311081251,0.21725569665431976,0.11965131014585495,1.0,0.2916666666666667,0.013165800832211971,0.029438195750117302,0.010127590619958937,1.0,0.2916666666666667,0.023279109348853428,0.044415103271603584,0.017986878287047148,1.0,0.25,0.020696195773780346,0.03248041868209839,0.01782304630614817,1.0,0.25,0.2354059840242068,0.25084224343299866,0.2317293956875801,1.0,0.25,0.02545881054053704,0.047589048743247986,0.02002178644761443,1.0,0.25,0.022033547516912222,0.04189659096300602,0.01725879404693842,1.0,0.25,1.157912790775299,1.1359860599040985,1.1631354093551636,1.0,0.25
16,0.14981420834859213,0.1679018698632717,0.1246202876791358,0.625,0.375,0.015280312392860651,0.017579870764166117,0.011530133720953017,0.625,0.375,0.02049563716476162,0.02128696721047163,0.015826537972316146,0.5416666666666666,0.3333333333333333,0.018572854964683454,0.018815050832927227,0.015854276018217206,0.5416666666666666,0.3333333333333333,0.22968764106432596,0.23041921854019165,0.22641246020793915,0.5416666666666666,0.375,0.022553404482702415,0.023891170043498278,0.017877533100545406,0.5416666666666666,0.3333333333333333,0.01937309466302395,0.020551871275529265,0.015315342228859663,0.5416666666666666,0.3333333333333333,1.1660347978274028,1.1649958193302155,1.1706874072551727,0.5416666666666666,0.375
17,0.15674055616060892,0.1795065961778164,0.1490489635616541,0.7083333333333334,0.2916666666666667,0.01887417600179712,0.02373835537582636,0.01625975570641458,0.7083333333333334,0.3333333333333333,0.023106261777381103,0.027057518251240253,0.01949445577338338,0.5,0.2916666666666667,0.018665941742559273,0.020698125939816236,0.017074215691536665,0.5416666666666666,0.2916666666666667,0.23476957778135935,0.23778195679187775,0.23241961002349854,0.5833333333333334,0.2916666666666667,0.02562729362398386,0.029974836856126785,0.021942913997918367,0.5,0.2916666666666667,0.022174428527553875,0.026021110359579325,0.018915470456704497,0.5,0.2916666666666667,1.158816675345103,1.1545381844043732,1.1621549725532532,0.5833333333333334,0.2916666666666667
18,0.16486951212088266,0.19714615866541862,0.13717475533485413,0.75,0.3333333333333333,0.01906725950539112,0.02665005112066865,0.013803626643493772,0.8333333333333334,0.3333333333333333,0.023094965455432732,0.030665116850286722,0.016813512542285025,0.7083333333333334,0.3333333333333333,0.018389800408234198,0.022232795134186745,0.014706773217767477,0.7083333333333334,0.3333333333333333,0.23491686582565308,0.24059728160500526,0.23010770976543427,0.7916666666666666,0.3333333333333333,0.02474134477476279,0.03368066297844052,0.018383795744739473,0.7916666666666666,0.3333333333333333,0.02142233184228341,0.029295204672962427,0.015853176009841263,0.7916666666666666,0.3333333333333333,1.1586073239644368,1.1505390107631683,1.165438711643219,0.7916666666666666,0.3333333333333333
19,0.20181354880332947,0.30579040944576263,0.1983925774693489,1.0,0.5,0.030390017665922642,0.06392747070640326,0.03170944284647703,1.0,0.5,0.02923357766121626,0.06652392260730267,0.030130929313600063,1.0,0.5833333333333334,0.020695782576998074,0.040612257085740566,0.021567213349044323,1.0,0.625,0.2391016980012258,0.2644219249486923,0.23975329473614693,1.0,0.5833333333333334,0.03186451829969883,0.06664871424436569,0.03230299009010196,1.0,0.5833333333333334,0.027711825134853523,0.05968813877552748,0.028091553132981062,1.0,0.5833333333333334,1.152663032213847,1.1166953444480896,1.1517371833324432,1.0,0.5833333333333334
20,0.18745182702938715,0.20719736441969872,0.17102076206356287,0.7083333333333334,0.5833333333333334,0.023920850828289986,0.026617851108312607,0.02151239401428029,0.6666666666666666,0.5416666666666666,0.030911509258051712,0.033447894267737865,0.028276091907173395,0.625,0.625,0.02330893153945605,0.024309495696797967,0.02144641475751996,0.625,0.625,0.24266587446133295,0.2449546419084072,0.2409522719681263,0.625,0.625,0.03374714062859615,0.03666873089969158,0.030788819422014058,0.625,0.625,0.029430972101787727,0.032142179319635034,0.02696288173319772,0.625,0.625,1.1476005514462788,1.1443495750427246,1.1500346958637238,0.625,0.625
21,0.13566075141231218,0.17947999387979507,0.1220878753811121,1.0,0.4166666666666667,0.012755686805273095,0.01958309719339013,0.010405291162896901,1.0,0.4166666666666667,0.017208479810506105,0.023625262547284365,0.0141102010384202,0.7083333333333334,0.4166666666666667,0.01850581696877877,0.021814115811139345,0.016929549630731344,0.6666666666666666,0.4166666666666667,0.23045444736878076,0.23540332913398743,0.22810620442032814,0.75,0.4166666666666667,0.019404008674124878,0.0266488054767251,0.016111932462081313,0.7916666666666666,0.4166666666666667,0.016685499499241512,0.023022400680929422,0.013823149027302861,0.7916666666666666,0.4166666666666667,1.1649464964866638,1.1579169929027557,1.1682820320129395,0.75,0.4166666666666667
22,0.16237560038765272,0.1945827715098858,0.13622677884995937,0.6666666666666666,0.375,0.018201646705468495,0.024088700767606497,0.012988534872420132,0.6666666666666666,0.375,0.02580777881667018,0.027203392703086138,0.017919635633006692,0.5416666666666666,0.375,0.022722696730246145,0.02321344381198287,0.0184246557764709,0.5416666666666666,0.375,0.23749475926160812,0.23896122723817825,0.23195622488856316,0.5416666666666666,0.375,0.027852067723870277,0.030370459891855717,0.01995439874008298,0.5416666666666666,0.375,0.024249115648368996,0.026373466942459345,0.01724413561169058,0.5416666666666666,0.375,1.1549457708994548,1.1528630554676056,1.1628132164478302,0.5416666666666666,0.375
23,0.19729159275690714,0.205685056746006,0.16021644696593285,0.5833333333333334,0.2916666666666667,0.026987756912906963,0.0278358799405396,0.01930210122372955,0.5416666666666666,0.25,0.025392137778302033,0.025907663628458977,0.018643023446202278,0.5416666666666666,0.2916666666666667,0.02087006624788046,0.021084229927510023,0.01715017342939973,0.5416666666666666,0.2916666666666667,0.23713903625806174,0.2375594936311245,0.2321082428097725,0.5416666666666666,0.2916666666666667,0.028428054725130398,0.029280433896929026,0.020997215062379837,0.5416666666666666,0.2916666666666667,0.02466649639730652,0.025378789752721786,0.018092910526320338,0.5416666666666666,0.2916666666666667,1.1554513573646545,1.1548542976379395,1.1625973880290985,0.5416666666666666,0.2916666666666667
24,0.1845730096101761,0.22450605779886246,0.166599927470088,1.0,0.4166666666666667,0.022183832712471485,0.03277420811355114,0.020235117292031646,1.0,0.4583333333333333,0.02546489393959443,0.03458293108269572,0.020490474067628384,0.9583333333333334,0.4166666666666667,0.0186173552647233,0.02347691310569644,0.015870242146775126,0.9583333333333334,0.375,0.23843488345543543,0.24517840519547462,0.23467260971665382,0.9583333333333334,0.4166666666666667,0.028565678435067337,0.03797285072505474,0.023119279416278005,0.9583333333333334,0.375,0.02477926667779684,0.033200671430677176,0.02002323465421796,0.9583333333333334,0.375,1.15361084540685,1.1440319120883942,1.1589548587799072,0.9583333333333334,0.4166666666666667
25,0.19488855948050818,0.23438774421811104,0.16686729714274406,1.0,0.2916666666666667,0.024843978385130566,0.03425974678248167,0.01960703427903354,1.0,0.25,0.021727328499158222,0.02612191718071699,0.016350317280739546,0.8333333333333334,0.2916666666666667,0.019604094016055267,0.02184662874788046,0.016565653728321195,0.8333333333333334,0.25,0.2282721921801567,0.23121074959635735,0.2241211272776127,0.8333333333333334,0.2916666666666667,0.024964870885014534,0.03015513252466917,0.018994474317878485,0.8333333333333334,0.2916666666666667,0.021398816257715225,0.025909457821398973,0.01621287944726646,0.8333333333333334,0.2916666666666667,1.1680460770924885,1.163871943950653,1.1739423274993896,0.8333333333333334,0.2916666666666667
26,0.34306615591049194,0.4150279834866524,0.34208129346370697,0.9166666666666666,0.5833333333333334,0.08326377595464389,0.11434801109135151,0.08567657880485058,0.9583333333333334,0.5833333333333334,0.07633288825551669,0.09693182073533535,0.07157766446471214,0.875,0.5,0.04998857155442238,0.06092810444533825,0.047250617295503616,0.875,0.5,0.2658268262942632,0.2790360599756241,0.26271846145391464,0.875,0.5,0.07813912630081177,0.09714694507420063,0.07418296113610268,0.875,0.5,0.0702259832372268,0.08867773413658142,0.06638534180819988,0.875,0.5,1.114697774251302,1.0959347486495972,1.119114726781845,0.875,0.5
27,0.19585651655991873,0.22780146449804306,0.1661346536129713,1.0,0.3333333333333333,0.02527882655461629,0.03221389418467879,0.019560596789233387,0.9583333333333334,0.3333333333333333,0.02714206837117672,0.03349023079499602,0.020958991022780538,0.875,0.375,0.02156851316491763,0.02522258972749114,0.018380507128313184,0.875,0.375,0.23823833465576172,0.2429460473358631,0.23364627733826637,0.875,0.375,0.03037692792713642,0.037352134473621845,0.023757023853249848,0.875,0.375,0.026339069319268067,0.03256669593974948,0.020540925324894488,0.875,0.375,1.1538899540901184,1.147202879190445,1.160412758588791,0.875,0.375
28,0.19982815782229105,0.24922778084874153,0.18648742884397507,0.9583333333333334,0.4166666666666667,0.02732753163824479,0.04083138611167669,0.024172326549887657,0.9583333333333334,0.4166666666666667,0.03456914766381184,0.04413669090718031,0.029833382461220026,0.8333333333333334,0.375,0.026335202157497406,0.031023785937577486,0.023860246408730745,0.7916666666666666,0.375,0.24067178865273794,0.24728362634778023,0.2374611422419548,0.8333333333333334,0.375,0.03725751178960005,0.04791536182165146,0.03258973965421319,0.875,0.375,0.0324327169607083,0.04200438130646944,0.028264707420021296,0.875,0.375,1.150432785352071,1.1410401463508606,1.1549934148788452,0.8333333333333334,0.375
29,0.20067649334669113,0.2845415994524956,0.18504993990063667,1.0,0.4583333333333333,0.025668203830718994,0.049730210565030575,0.023350033909082413,1.0,0.4583333333333333,0.03712611614416043,0.0527497623115778,0.03461803309619427,0.9166666666666666,0.5,0.031430021238823734,0.03978992532938719,0.030335411429405212,0.875,0.5,0.2433506374557813,0.2546445056796074,0.24157511070370674,0.9166666666666666,0.5,0.04054079297930002,0.057690348476171494,0.0374056831933558,0.9166666666666666,0.4583333333333333,0.03541298800458511,0.05106543377041817,0.032641516998410225,0.9166666666666666,0.4583333333333333,1.1466279029846191,1.1305853128433228,1.1491497159004211,0.9166666666666666,0.5
30,0.17909807711839676,0.20860844105482101,0.16005356796085835,0.7916666666666666,0.375,0.020588440354913473,0.02680960763245821,0.017687849001958966,0.75,0.375,0.025866613102455933,0.02968692360445857,0.02415724564343691,0.6666666666666666,0.4583333333333333,0.024269613437354565,0.026880154851824045,0.023640436585992575,0.6666666666666666,0.4583333333333333,0.23561667402585348,0.23898208513855934,0.23367814347147942,0.7083333333333334,0.4583333333333333,0.029019532725214958,0.03358710929751396,0.026868995279073715,0.6666666666666666,0.4583333333333333,0.025109529495239258,0.02915995568037033,0.02321956236846745,0.6666666666666666,0.4583333333333333,1.1576130787531536,1.1528334021568298,1.1603665351867676,0.7083333333333334,0.4583333333333333
31,0.19049154967069626,0.22041738778352737,0.1662585660815239,0.875,0.2916666666666667,0.026692138674358528,0.0338812991976738,0.02188500063493848,0.875,0.375,0.024443759272495907,0.030855756253004074,0.018863375764340162,0.7083333333333334,0.375,0.02156027841071288,0.02522330218926072,0.018392394995316863,0.7083333333333334,0.375,0.23492285112539926,0.23984381929039955,0.23088200762867928,0.7083333333333334,0.375,0.026725875524183113,0.03368539083749056,0.02105221850797534,0.7083333333333334,0.375,0.02309986234953006,0.02928095404058695,0.018124080263078213,0.7083333333333334,0.375,1.1585990985234578,1.1516091227531433,1.1643390357494354,0.7083333333333334,0.375
32,0.1935268392165502,0.19783670455217361,0.1698265541344881,0.5416666666666666,0.375,0.02698917097101609,0.027840537019073963,0.021575973369181156,0.5416666666666666,0.2916666666666667,0.037940667321284614,0.035724795423448086,0.03078371682204306,0.4166666666666667,0.4583333333333333,0.026627734924356144,0.025816921144723892,0.02285800175741315,0.4583333333333333,0.4166666666666667,0.24162516246239343,0.24117803573608398,0.23691415786743164,0.4583333333333333,0.4583333333333333,0.04002697051813205,0.039067935198545456,0.03322849748656154,0.4166666666666667,0.5,0.03487915452569723,0.03401579800993204,0.02884000656194985,0.4166666666666667,0.5,1.1490778923034668,1.14971324801445,1.155769169330597,0.4583333333333333,0.4583333333333333
33,0.17771121114492416,0.2305450439453125,0.14859671331942081,0.9166666666666666,0.3333333333333333,0.021867635970314343,0.03497710078954697,0.016844770405441523,1.0,0.3333333333333333,0.031663937494158745,0.037721097469329834,0.02583703165873885,0.625,0.4166666666666667,0.02023986369992296,0.023446673061698675,0.01722485269419849,0.625,0.4166666666666667,0.22702300548553467,0.2318831868469715,0.22306489944458008,0.625,0.375,0.035161347749332585,0.04197770170867443,0.029279437847435474,0.625,0.4166666666666667,0.030111904876927536,0.036135721020400524,0.024981447961181402,0.625,0.4166666666666667,1.1698193748792012,1.1629154980182648,1.1754419803619385,0.625,0.375
34,0.19834294418493906,0.2341645248234272,0.16725780442357063,0.75,0.2916666666666667,0.02577178707967202,0.035460168961435556,0.018284873804077506,0.8333333333333334,0.2916666666666667,0.028888372393945854,0.03499933052808046,0.02150106243789196,0.625,0.3333333333333333,0.023010526938984793,0.026124584954231977,0.019102412275969982,0.625,0.2916666666666667,0.23689959198236465,0.2419905960559845,0.23185132816433907,0.6666666666666666,0.3333333333333333,0.030902277678251266,0.03871015086770058,0.023847018601372838,0.7083333333333334,0.3333333333333333,0.026826100734372933,0.033721550833433867,0.020545651204884052,0.7083333333333334,0.3333333333333333,1.1557910442352295,1.1485599875450134,1.1629621982574463,0.6666666666666666,0.3333333333333333
35,0.1575937122106552,0.23541253805160522,0.146566741168499,1.0,0.4583333333333333,0.017162252217531204,0.034026212990283966,0.014697387930937111,1.0,0.4583333333333333,0.01971949605892102,0.03409476391971111,0.015208426513709128,0.9583333333333334,0.4166666666666667,0.01693426709001263,0.024118566885590553,0.014327770099043846,0.9166666666666666,0.4166666666666667,0.2331517959634463,0.24402859061956406,0.22986754402518272,1.0,0.4166666666666667,0.021534757999082405,0.03751261346042156,0.01700469572097063,1.0,0.4166666666666667,0.01858155910546581,0.03275429084897041,0.014615513267926872,1.0,0.4166666666666667,1.1611148317654927,1.1456650495529175,1.1657800674438477,1.0,0.4166666666666667
36,0.24445877720912298,0.26889605447649956,0.2283373810350895,0.75,0.375,0.04322448497017225,0.04961837735027075,0.0394708588719368,0.7083333333333334,0.375,0.04927346979578336,0.0506248464807868,0.04351273411884904,0.5416666666666666,0.375,0.03535960583637158,0.03615991724655032,0.03201516950502992,0.5416666666666666,0.375,0.2478719229499499,0.24928804859519005,0.2439308874309063,0.5416666666666666,0.375,0.051117307196060814,0.05300020147114992,0.045933336950838566,0.5416666666666666,0.375,0.044962468867500625,0.04660032503306866,0.0401485962793231,0.5416666666666666,0.375,1.1402044693628948,1.138192594051361,1.1458012461662292,0.5416666666666666,0.375
37,0.1610439419746399,0.21959588676691055,0.15116098523139954,1.0,0.5416666666666666,0.017312228369216125,0.029421847313642502,0.015767070115543902,1.0,0.5416666666666666,0.02097372788315018,0.03207314619794488,0.018434272496961057,0.8333333333333334,0.5416666666666666,0.015979400059829157,0.021880273707211018,0.014600299182347953,0.8333333333333334,0.5416666666666666,0.23527092734972635,0.24383190646767616,0.23352555930614471,0.875,0.5416666666666666,0.022478672365347546,0.03538500005379319,0.020087403245270252,0.9166666666666666,0.5416666666666666,0.019433568697422743,0.03091311827301979,0.01737960788886994,0.9166666666666666,0.5416666666666666,1.158104697863261,1.1459445357322693,1.160584032535553,0.875,0.5416666666666666
38,0.1724061369895935,0.20039888098835945,0.14947969280183315,1.0,0.4166666666666667,0.020118269758919876,0.02458842657506466,0.015244426089338958,0.8333333333333334,0.3333333333333333,0.028083227574825287,0.028181010391563177,0.02023840369656682,0.4166666666666667,0.2916666666666667,0.01902871299535036,0.018999378895387053,0.014846550533547997,0.4166666666666667,0.2916666666666667,0.24120369305213293,0.24164492636919022,0.23548541218042374,0.4583333333333333,0.2916666666666667,0.02955711477746566,0.03069385513663292,0.021696824580430984,0.4583333333333333,0.2916666666666667,0.02572279827048381,0.02676178188994527,0.018813225906342268,0.4583333333333333,0.2916666666666667,1.149677316347758,1.1490508913993835,1.1578001081943512,0.4583333333333333,0.2916666666666667
39,0.16799182693163553,0.20397737994790077,0.14385830238461494,0.8333333333333334,0.4166666666666667,0.020558767796804506,0.028167435433715582,0.015723504242487252,0.7916666666666666,0.4166666666666667,0.021704227197915316,0.025093563366681337,0.01588079985231161,0.625,0.4166666666666667,0.01677641101802389,0.018232591450214386,0.013519617263227701,0.625,0.4166666666666667,0.23526902496814728,0.2382485419511795,0.23111474886536598,0.6666666666666666,0.4166666666666667,0.022758954515059788,0.027674568817019463,0.017257825937122107,0.6666666666666666,0.4166666666666667,0.019722672645002604,0.024026816710829735,0.01488116872496903,0.6666666666666666,0.4166666666666667,1.1581071615219116,1.1538754403591156,1.164008378982544,0.6666666666666666,0.4166666666666667
40,0.14866171032190323,0.1973414346575737,0.13547388277947903,0.9583333333333334,0.4166666666666667,0.016189164482057095,0.025376392528414726,0.013484578230418265,0.9166666666666666,0.4166666666666667,0.019472578695664804,0.02407852141186595,0.013286802917718887,0.625,0.2916666666666667,0.018653176724910736,0.02089756168425083,0.015040520345792174,0.625,0.2916666666666667,0.23349518328905106,0.23736652731895447,0.2292175330221653,0.625,0.2916666666666667,0.020264115805427235,0.02647046186029911,0.01446798152755946,0.6666666666666666,0.2916666666666667,0.01752576387176911,0.02293200185522437,0.012439641053788364,0.6666666666666666,0.2916666666666667,1.1606258153915405,1.155127376317978,1.1667026579380035,0.625,0.2916666666666667
41,0.13199024461209774,0.19385617598891258,0.12390777468681335,1.0,0.5,0.01184913570371767,0.022194907069206238,0.010562792071141303,1.0,0.5,0.012104337879767021,0.021581303793936968,0.0095422895392403,0.875,0.4583333333333333,0.009437473646054665,0.014408450573682785,0.008011108031496406,0.875,0.4583333333333333,0.22962967058022818,0.23696013167500496,0.22767122834920883,0.875,0.4583333333333333,0.01379363409553965,0.024516569916158915,0.010956197802443057,0.875,0.4583333333333333,0.01186741100779424,0.021229603327810764,0.009405469987541437,0.875,0.4583333333333333,1.1661181449890137,1.1557057201862335,1.168899953365326,0.875,0.4583333333333333
42,0.18818145742019018,0.20778197050094604,0.14539973810315132,0.625,0.3333333333333333,0.022280573689689238,0.026221387088298798,0.014947076968383044,0.625,0.3333333333333333,0.02534248897184928,0.02910842141136527,0.017958462238311768,0.625,0.3333333333333333,0.020425827863315742,0.02250630920752883,0.016463144915178418,0.625,0.3333333333333333,0.23656818767388663,0.239151481539011,0.23093027248978615,0.625,0.3333333333333333,0.02864754820863406,0.03273912658914924,0.020476524718105793,0.625,0.3333333333333333,0.024834200118978817,0.028473434504121542,0.017673956463113427,0.625,0.3333333333333333,1.1562623182932537,1.1525928378105164,1.1642706096172333,0.625,0.3333333333333333
43,0.1504450427989165,0.164872944355011,0.13622230291366577,0.6666666666666666,0.375,0.01936612914626797,0.02117479732260108,0.018395467894151807,0.625,0.5,0.02291899702201287,0.026454598177224398,0.020230496767908335,0.75,0.375,0.018284632203479607,0.020229128189384937,0.016717390157282352,0.7083333333333334,0.3333333333333333,0.2336461842060089,0.23641705513000488,0.23164676502346992,0.7916666666666666,0.4166666666666667,0.025278842076659203,0.0291191297583282,0.02217677515000105,0.7916666666666666,0.3333333333333333,0.021802726201713085,0.025193829089403152,0.019089567242190242,0.7916666666666666,0.3333333333333333,1.1604126294453938,1.1564767062664032,1.1632526218891144,0.7916666666666666,0.4166666666666667
44,0.2050468052426974,0.2096961997449398,0.16668317653238773,0.625,0.2916666666666667,0.029318147028485935,0.02897470537573099,0.021119643235579133,0.5,0.25,0.03508956854542097,0.03144788648933172,0.02434772194828838,0.375,0.20833333333333334,0.025624882740279038,0.02340773493051529,0.01967892120592296,0.375,0.20833333333333334,0.24226647367080054,0.23987652361392975,0.23463724181056023,0.375,0.20833333333333334,0.038122459004322685,0.03488348051905632,0.02694938681088388,0.375,0.20833333333333334,0.03324613720178604,0.0303200320340693,0.023349797003902495,0.375,0.20833333333333334,1.1481673121452332,1.1515627801418304,1.1590049266815186,0.375,0.20833333333333334
45,0.1530629719297091,0.17970524355769157,0.12301694601774216,0.9166666666666666,0.2916666666666667,0.014863756330062946,0.021321930922567844,0.010270421276800334,0.9166666666666666,0.2916666666666667,0.01999585625405113,0.024306422099471092,0.014514360344037414,0.7083333333333334,0.2916666666666667,0.017749424713353317,0.020055262837558985,0.014571067644283175,0.7083333333333334,0.2916666666666667,0.23022066801786423,0.23381852731108665,0.22617186605930328,0.75,0.2916666666666667,0.022274316598971684,0.027483592741191387,0.016435458441264927,0.7916666666666666,0.2916666666666667,0.0191332899654905,0.023703130427747965,0.014067707932554185,0.7916666666666666,0.2916666666666667,1.1652780373891194,1.1601679623126984,1.1710293591022491,0.75,0.2916666666666667
46,0.16187096883853277,0.19211400672793388,0.14231261610984802,0.75,0.5416666666666666,0.01818602749456962,0.02447460452094674,0.015601407503709197,0.75,0.5833333333333334,0.0166506408713758,0.02281920053064823,0.014156119897961617,0.75,0.5833333333333334,0.01648194482550025,0.019617792451754212,0.01492341747507453,0.75,0.5,0.23212731877962747,0.23680369555950165,0.23025964945554733,0.75,0.625,0.01904568417618672,0.02577445888891816,0.01618711929768324,0.75,0.5833333333333334,0.016384282770256203,0.022326224017888308,0.013928658852819353,0.75,0.5833333333333334,1.1625705361366272,1.1559278964996338,1.1652232706546783,0.75,0.625
47,0.2049104372660319,0.21705079078674316,0.1861028578132391,0.625,0.4583333333333333,0.02778499914954106,0.03078010492026806,0.02391401049681008,0.7083333333333334,0.4583333333333333,0.035382986068725586,0.03751928824931383,0.03014904260635376,0.6666666666666666,0.4583333333333333,0.029519525667031605,0.03094014199450612,0.02649127645418048,0.7083333333333334,0.4583333333333333,0.239529920121034,0.2409573458135128,0.23573323711752892,0.625,0.4583333333333333,0.03959579517443975,0.04205394070595503,0.03408338222652674,0.7083333333333334,0.4583333333333333,0.03440376122792562,0.03657504729926586,0.029550754465162754,0.7083333333333334,0.4583333333333333,1.152054230372111,1.1500277519226074,1.157448261976242,0.625,0.4583333333333333
48,0.18529068802793822,0.24947256594896317,0.1878555566072464,1.0,0.4166666666666667,0.028146591037511826,0.043280075304210186,0.026744743809103966,1.0,0.3333333333333333,0.04056849889457226,0.050121632404625416,0.03541257930919528,0.7916666666666666,0.3333333333333333,0.029034377075731754,0.033713361248373985,0.02598030725494027,0.75,0.3333333333333333,0.23974175254503885,0.24674224108457565,0.23629087954759598,0.8333333333333334,0.3333333333333333,0.042856283175448574,0.05405903980135918,0.038459270261228085,0.8333333333333334,0.375,0.03727024638404449,0.047366904094815254,0.03327682940289378,0.8333333333333334,0.375,1.151752809683482,1.1418092250823975,1.156654953956604,0.8333333333333334,0.3333333333333333
49,0.17477957159280777,0.21195604652166367,0.16178036108613014,0.9583333333333334,0.4583333333333333,0.02097522544985016,0.028119206428527832,0.01971931813750416,0.9583333333333334,0.5,0.02304965117946267,0.028504847548902035,0.022772527765482664,0.75,0.5,0.017918455724914868,0.020911481231451035,0.017571005737408996,0.7916666666666666,0.5,0.23621069639921188,0.24058112502098083,0.23588521778583527,0.7916666666666666,0.4583333333333333,0.025137311468521755,0.0316176931373775,0.024760848842561245,0.7916666666666666,0.5,0.021787317702546716,0.02749531390145421,0.02147997822612524,0.7916666666666666,0.5,1.156769871711731,1.1505621373653412,1.1572321653366089,0.7916666666666666,0.4583333333333333
50,0.16330452635884285,0.20630792155861855,0.14889175817370415,1.0,0.4166666666666667,0.01745324271420638,0.027192008681595325,0.014919117616955191,1.0,0.375,0.027018845546990633,0.030430695973336697,0.021847799886018038,0.5833333333333334,0.3333333333333333,0.022944338930149872,0.024363968521356583,0.019649127265438437,0.5416666666666666,0.3333333333333333,0.23667644460995993,0.23950647935271263,0.23302390798926353,0.5833333333333334,0.3333333333333333,0.029667158611118793,0.0339725180529058,0.02428466617129743,0.5833333333333334,0.3333333333333333,0.02571733792622884,0.029508354607969522,0.02100332989357412,0.5833333333333334,0.3333333333333333,1.1561080416043599,1.1520881652832031,1.161296308040619,0.5833333333333334,0.3333333333333333
51,0.14690533156196275,0.2002236805856228,0.14738263189792633,1.0,0.6666666666666666,0.015360107257341346,0.025798519141972065,0.01574264105875045,1.0,0.7083333333333334,0.02010279738654693,0.03002285398542881,0.018028650316409767,0.9166666666666666,0.4166666666666667,0.02143910837670167,0.027392183430492878,0.02028674492612481,0.9166666666666666,0.375,0.23302092403173447,0.24024643376469612,0.23138414695858955,0.9166666666666666,0.4166666666666667,0.022457279575367767,0.03285068366676569,0.02038471109699458,0.9166666666666666,0.4166666666666667,0.019366423754642408,0.028552609961479902,0.01756381441373378,0.9166666666666666,0.4166666666666667,1.1613008578618367,1.151037335395813,1.163625955581665,0.9166666666666666,0.4166666666666667
52,0.2086555783947309,0.226311307400465,0.20422586798667908,0.625,0.5,0.030945890272657078,0.033636634703725576,0.028334785485640168,0.5416666666666666,0.5,0.029235966814061005,0.03210014617070556,0.026419831439852715,0.5416666666666666,0.5,0.023197397279242676,0.024727324955165386,0.021681451704353094,0.5416666666666666,0.5,0.2406997854510943,0.2429323010146618,0.2388264276087284,0.5416666666666666,0.5,0.03159426897764206,0.035335577093064785,0.02931131306104362,0.5416666666666666,0.5,0.027551320536683004,0.03084495896473527,0.02548902342095971,0.5416666666666666,0.5,1.150393267472585,1.1472223401069641,1.1530544757843018,0.5416666666666666,0.5
53,0.3154470274845759,0.35119107365608215,0.28757352381944656,0.9166666666666666,0.25,0.061130935326218605,0.07268364541232586,0.0532108461484313,0.9166666666666666,0.2916666666666667,0.07536237314343452,0.08507494814693928,0.06881898269057274,0.5416666666666666,0.3333333333333333,0.049755884955326714,0.05488647613674402,0.0463573494926095,0.5416666666666666,0.3333333333333333,0.2692769169807434,0.2759583964943886,0.2647918574512005,0.625,0.3333333333333333,0.07936886139214039,0.08970296941697598,0.07311778981238604,0.625,0.375,0.07163858165343602,0.08158228360116482,0.06569062266498804,0.625,0.375,1.1097997625668843,1.1003086864948273,1.1161706745624542,0.625,0.3333333333333333
54,0.18419377754131952,0.1834111250936985,0.15575691685080528,0.5416666666666666,0.3333333333333333,0.022699798922985792,0.02205795468762517,0.016547933337278664,0.5,0.3333333333333333,0.030007881733278435,0.02822735160589218,0.021278729662299156,0.5833333333333334,0.3333333333333333,0.02005953233068188,0.018947905162349343,0.015356563148088753,0.5833333333333334,0.3333333333333333,0.24160800874233246,0.24046416580677032,0.23519767075777054,0.5833333333333334,0.3333333333333333,0.03267964503417412,0.031113900244235992,0.023778358357958496,0.5,0.3333333333333333,0.0285338768735528,0.027101909276098013,0.020629637176170945,0.5,0.3333333333333333,1.149103303750356,1.150728166103363,1.1582090258598328,0.5833333333333334,0.3333333333333333
55,0.1716215486327807,0.19737882167100906,0.1356963119469583,0.8333333333333334,0.4166666666666667,0.019199786397318046,0.026458537206053734,0.013945931539637968,0.875,0.375,0.02567019872367382,0.033200993202626705,0.018788650282658637,0.6666666666666666,0.4583333333333333,0.021350175142288208,0.02533415099605918,0.0173308034427464,0.6666666666666666,0.4166666666666667,0.23726367702086767,0.24305779859423637,0.23224970325827599,0.7083333333333334,0.4166666666666667,0.027824378572404385,0.03598670149222016,0.020680374756921083,0.75,0.375,0.024139732588082552,0.03142605256289244,0.017898919992148876,0.75,0.375,1.1552740732828777,1.1470438838005066,1.1623962223529816,0.7083333333333334,0.4166666666666667
56,0.13219445322950682,0.1657266542315483,0.10832351446151733,0.9166666666666666,0.2916666666666667,0.011243065275872747,0.016006771940737963,0.008313773258123547,0.8333333333333334,0.3333333333333333,0.012879918329417706,0.017704665660858154,0.008596007712185383,0.75,0.2916666666666667,0.010546852368861437,0.013362532714381814,0.008212186046876013,0.7916666666666666,0.25,0.22893046339352927,0.2327125072479248,0.22566236183047295,0.75,0.2916666666666667,0.014681036118417978,0.020402835216373205,0.009940933086909354,0.7916666666666666,0.2916666666666667,0.012602572872613868,0.017566343070939183,0.008502870739903301,0.7916666666666666,0.2916666666666667,1.1671113173166912,1.1617392599582672,1.1717534363269806,0.75,0.2916666666666667
57,0.21656755357980728,0.2548978701233864,0.19604016095399857,0.9166666666666666,0.4166666666666667,0.031246831640601158,0.0410273689776659,0.028027847642078996,0.9166666666666666,0.375,0.03293881999949614,0.0448552668094635,0.025848618242889643,0.9166666666666666,0.16666666666666666,0.02360106197496255,0.03026760183274746,0.019710865570232272,0.9583333333333334,0.16666666666666666,0.2418728470802307,0.2498132884502411,0.23677381873130798,0.9166666666666666,0.16666666666666666,0.03603249198446671,0.04702647961676121,0.02903635799884796,0.9166666666666666,0.16666666666666666,0.03138747780273358,0.04137067962437868,0.025145388208329678,0.9166666666666666,0.16666666666666666,1.1487270792325337,1.1374475061893463,1.1559702157974243,0.9166666666666666,0.16666666666666666
58,0.20448962350686392,0.2182578146457672,0.1797732412815094,0.5833333333333334,0.375,0.029807922895997763,0.0320039102807641,0.024242796702310443,0.5416666666666666,0.4166666666666667,0.044223932859798275,0.04538622684776783,0.03735973220318556,0.5,0.375,0.03249333457400402,0.03205188177525997,0.028944986406713724,0.5,0.375,0.24420123547315598,0.24459685012698174,0.23990409821271896,0.5,0.375,0.046643611043691635,0.049063922837376595,0.040763125754892826,0.5,0.375,0.040899356827139854,0.04286158364266157,0.035505563486367464,0.5,0.375,1.1454184651374817,1.1448563933372498,1.1515234112739563,0.5,0.375
59,0.22100414335727692,0.20886600017547607,0.19608119688928127,0.5,0.5,0.03352085004250208,0.029429086949676275,0.02934982778970152,0.5,0.5,0.04197985058029493,0.03519812785089016,0.03677168441936374,0.2916666666666667,0.4583333333333333,0.024864762245366972,0.021077531622722745,0.02195935870986432,0.2916666666666667,0.4583333333333333,0.2508648658792178,0.24627398699522018,0.24738527834415436,0.3333333333333333,0.4583333333333333,0.04267035393665234,0.03667737124487758,0.03810925409197807,0.375,0.5416666666666666,0.03765245651205381,0.03221849608235061,0.033662014873698354,0.375,0.5416666666666666,1.1359534462292988,1.1424748599529266,1.1408964097499847,0.3333333333333333,0.4583333333333333
60,0.14567341282963753,0.19831480830907822,0.12494505755603313,0.9583333333333334,0.3333333333333333,0.015950223430991173,0.024576868396252394,0.012702245730906725,0.875,0.4166666666666667,0.0206288689126571,0.027603146620094776,0.015893523581326008,0.625,0.375,0.017266592166076105,0.021040648687630892,0.014769706409424543,0.625,0.375,0.23373946795860925,0.2390987128019333,0.23035060241818428,0.625,0.375,0.02243268257007003,0.03113383101299405,0.017556817270815372,0.625,0.375,0.01941258367151022,0.027023729402571917,0.015111480141058564,0.625,0.375,1.1602800091107686,1.1526679396629333,1.1650937497615814,0.625,0.375
61,0.2046589950720469,0.2203104943037033,0.18692626617848873,0.7916666666666666,0.5,0.03161383171876272,0.03592213802039623,0.028710107784718275,0.7083333333333334,0.5,0.035178616953392826,0.035995304584503174,0.029167109401896596,0.5416666666666666,0.375,0.02336542618771394,0.023553983308374882,0.01998830563388765,0.5416666666666666,0.375,0.24170328676700592,0.24261243268847466,0.23737908899784088,0.5416666666666666,0.3333333333333333,0.03814346839984258,0.03934155870229006,0.03224894287995994,0.5416666666666666,0.3333333333333333,0.03322664679338535,0.034314032178372145,0.028046326246112585,0.5416666666666666,0.3333333333333333,1.1489668488502502,1.147675782442093,1.155109941959381,0.5416666666666666,0.3333333333333333
62,0.22014600286881128,0.2368466854095459,0.1894601434469223,0.7916666666666666,0.3333333333333333,0.03543766774237156,0.03927267715334892,0.028283866704441607,0.7083333333333334,0.2916666666666667,0.04307595764597257,0.0415961854159832,0.033519416116178036,0.4166666666666667,0.3333333333333333,0.026856280863285065,0.026064686477184296,0.021663240157067776,0.4166666666666667,0.3333333333333333,0.2476587618390719,0.24731428548693657,0.24123282730579376,0.4583333333333333,0.3333333333333333,0.04392464210589727,0.04434566292911768,0.03545088227838278,0.5416666666666666,0.3333333333333333,0.038589815609157085,0.03897563321515918,0.031006722943857312,0.5416666666666666,0.3333333333333333,1.140507439772288,1.1409972608089447,1.149635672569275,0.4583333333333333,0.3333333333333333
63,0.17459115634361902,0.21567877382040024,0.1588580198585987,1.0,0.4583333333333333,0.01993094291538,0.029042780864983797,0.017533603589981794,1.0,0.5,0.02540672632555167,0.031018927693367004,0.022222734289243817,0.7916666666666666,0.375,0.019280239163587492,0.022338765673339367,0.017549196258187294,0.8333333333333334,0.375,0.2363783965508143,0.2406044378876686,0.23393581435084343,0.7916666666666666,0.3333333333333333,0.028365084591011207,0.034906803630292416,0.025124873500317335,0.8333333333333334,0.375,0.024538108458121616,0.03035027300938964,0.02171486266888678,0.8333333333333334,0.375,1.156531850496928,1.1505290865898132,1.1600014567375183,0.7916666666666666,0.3333333333333333
64,0.23376513520876566,0.2668033838272095,0.19783159345388412,0.875,0.25,0.03404364579667648,0.04390924796462059,0.026909233769401908,0.9583333333333334,0.25,0.04172351708014806,0.05017741955816746,0.031244200421497226,0.8333333333333334,0.25,0.02952450110266606,0.03342680539935827,0.02368777757510543,0.7916666666666666,0.25,0.246462973455588,0.25263218581676483,0.2384909652173519,0.8333333333333334,0.25,0.04543925573428472,0.05480169039219618,0.034430005587637424,0.875,0.25,0.03984618093818426,0.04836207441985607,0.029958001105114818,0.875,0.25,1.1422054171562195,1.1334432363510132,1.1535305678844452,0.8333333333333334,0.25
65,0.21259047339359918,0.24791593104600906,0.19158567674458027,0.7916666666666666,0.4583333333333333,0.031240823368231457,0.04122877633199096,0.0265318047022447,0.7916666666666666,0.4166666666666667,0.03910798113793135,0.04335625981912017,0.03282737568952143,0.5833333333333334,0.375,0.028053203287223976,0.030222042463719845,0.024490895913913846,0.5416666666666666,0.4166666666666667,0.24519696086645126,0.24882301688194275,0.24081888049840927,0.5833333333333334,0.4166666666666667,0.04168099972109,0.04683615919202566,0.03596199303865433,0.6666666666666666,0.4583333333333333,0.03651560967167219,0.041212573647499084,0.0314548232126981,0.6666666666666666,0.4583333333333333,1.1440038084983826,1.138853132724762,1.1502238810062408,0.5833333333333334,0.4166666666666667
66,0.1933030734459559,0.20280253887176514,0.1806474942713976,0.5,0.5416666666666666,0.02516217576339841,0.026194085832685232,0.024130602017976344,0.4583333333333333,0.5416666666666666,0.03550724840412537,0.03610353823751211,0.03228580392897129,0.5,0.4583333333333333,0.025535799097269773,0.02551031718030572,0.023685160325840116,0.5,0.4583333333333333,0.24416311333576837,0.24474287033081055,0.2417861968278885,0.5,0.4583333333333333,0.037727389484643936,0.03880712250247598,0.0345574920065701,0.5,0.5,0.033027750750382744,0.03396809892728925,0.03030342678539455,0.5,0.5,1.1454735199610393,1.144650161266327,1.1488498449325562,0.5,0.4583333333333333
67,0.16291171063979468,0.19811652600765228,0.14783739112317562,0.625,0.4583333333333333,0.019955809383342665,0.027012312319129705,0.016570648411288857,0.625,0.4583333333333333,0.021744695802529652,0.025536140892654657,0.018056896748021245,0.625,0.4583333333333333,0.015766207594424486,0.017529182601720095,0.013798740226775408,0.625,0.4583333333333333,0.23652153462171555,0.2395174875855446,0.2338012047111988,0.625,0.4583333333333333,0.023769184947013855,0.028130479156970978,0.020020176423713565,0.625,0.4583333333333333,0.02063730141768853,0.024456758052110672,0.017310595139861107,0.625,0.4583333333333333,1.1563283999760945,1.1520729064941406,1.1601926684379578,0.625,0.4583333333333333
68,0.19730492929617563,0.23174884542822838,0.18222303874790668,0.625,0.3333333333333333,0.027461888268589973,0.03360866755247116,0.023289829725399613,0.625,0.3333333333333333,0.03006301897888382,0.03609614307060838,0.023709476925432682,0.625,0.3333333333333333,0.020699286988625925,0.02362144971266389,0.017031077528372407,0.625,0.3333333333333333,0.24092508604129156,0.2459823414683342,0.2367493323981762,0.625,0.3333333333333333,0.03191329321513573,0.03942734934389591,0.0261659761890769,0.625,0.3333333333333333,0.02783668227493763,0.03454520087689161,0.02271597203798592,0.625,0.3333333333333333,1.1500731507937114,1.1428898870944977,1.1560048758983612,0.625,0.3333333333333333
69,0.20370284716288248,0.2073080986738205,0.1731881182640791,0.5,0.375,0.026246023830026388,0.026501446962356567,0.019636597950011492,0.4583333333333333,0.375,0.030611750359336536,0.028263484127819538,0.022082188399508595,0.4166666666666667,0.2916666666666667,0.026533839913705986,0.024223824962973595,0.021232104627415538,0.3333333333333333,0.25,0.23757799218098322,0.23609768226742744,0.23152855038642883,0.4583333333333333,0.2916666666666667,0.033018446837862335,0.031497543677687645,0.024706862401217222,0.4583333333333333,0.2916666666666667,0.02863714254150788,0.027254811488091946,0.021298004081472754,0.4583333333333333,0.2916666666666667,1.154827356338501,1.1569304466247559,1.1634206175804138,0.4583333333333333,0.2916666666666667
70,0.17608918497959772,0.18965642899274826,0.15642077289521694,0.6666666666666666,0.5416666666666666,0.01992244025071462,0.022913468768820167,0.016998061211779714,0.6666666666666666,0.5,0.02754835815479358,0.028252143878489733,0.0214573061093688,0.5416666666666666,0.375,0.02124792772034804,0.02147719939239323,0.017875727266073227,0.5416666666666666,0.375,0.23868806660175323,0.2395748235285282,0.2343839667737484,0.5416666666666666,0.4166666666666667,0.029492381339271862,0.031200438737869263,0.02353176288306713,0.5833333333333334,0.4583333333333333,0.02561473815391461,0.027141225524246693,0.020398576511070132,0.5833333333333334,0.4583333333333333,1.1532507340113323,1.1519914269447327,1.1593647301197052,0.5416666666666666,0.4166666666666667
71,0.13941005741556486,0.16923394426703453,0.12598508968949318,0.9166666666666666,0.375,0.015027461728701988,0.02146337926387787,0.01267983706202358,0.9166666666666666,0.3333333333333333,0.017703521065413952,0.022244153544306755,0.01368564204312861,0.625,0.3333333333333333,0.016890423682828743,0.019409668631851673,0.014661951921880245,0.625,0.3333333333333333,0.2294317086537679,0.23269549012184143,0.22640149295330048,0.625,0.3333333333333333,0.019425982298950355,0.0245312862098217,0.01529730623587966,0.6666666666666666,0.3333333333333333,0.016677746859689552,0.021124759688973427,0.013106440426781774,0.6666666666666666,0.3333333333333333,1.1663989424705505,1.1617630124092102,1.170703262090683,0.625,0.3333333333333333
72,0.17832786589860916,0.20516211912035942,0.1795143112540245,0.7916666666666666,0.7083333333333334,0.023221605146924656,0.027892612386494875,0.023953474359586835,0.7916666666666666,0.6666666666666666,0.026817863807082176,0.02998504228889942,0.024907232727855444,0.6666666666666666,0.4583333333333333,0.02077526692301035,0.022203231696039438,0.01965644909068942,0.6666666666666666,0.4583333333333333,0.2358399381240209,0.2381838858127594,0.23464807122945786,0.6666666666666666,0.4583333333333333,0.02965891206016143,0.0331485359929502,0.027773982612416148,0.6666666666666666,0.5,0.025649031003316242,0.028741609770804644,0.02401687647216022,0.6666666666666666,0.5,1.1572964390118916,1.1539670825004578,1.1589895188808441,0.6666666666666666,0.4583333333333333
73,0.16283047944307327,0.25291261076927185,0.1797049306333065,1.0,0.75,0.01730404080202182,0.04012303985655308,0.021559059619903564,1.0,0.7916666666666666,0.02130563712368409,0.037491876631975174,0.023524662014096975,1.0,0.6666666666666666,0.017079333774745464,0.02570371888577938,0.017972460249438882,1.0,0.625,0.2332065925002098,0.24482820183038712,0.23455119878053665,1.0,0.625,0.024174621018270653,0.041849722154438496,0.026628741063177586,1.0,0.6666666666666666,0.020841197421153385,0.03657091036438942,0.02300347201526165,1.0,0.6666666666666666,1.1610372463862102,1.144529402256012,1.1591271758079529,1.0,0.625
74,0.19254759326577187,0.2621712312102318,0.1809523981064558,1.0,0.3333333333333333,0.02877806096027295,0.04441524017602205,0.02586160833016038,1.0,0.2916666666666667,0.02557535609230399,0.047703688964247704,0.021978427888825536,1.0,0.375,0.019700545196731884,0.03183952206745744,0.017588049871847034,1.0,0.375,0.23869909842809042,0.25480226427316666,0.2361191175878048,1.0,0.375,0.02757205111750712,0.05003308970481157,0.023985653184354305,1.0,0.375,0.024001643992960453,0.044282437302172184,0.02082712040282786,1.0,0.375,1.1532351970672607,1.1303609609603882,1.156900018453598,1.0,0.375
75,0.19831101472179094,0.22745824605226517,0.17713212966918945,0.7916666666666666,0.375,0.028173538856208324,0.03454243019223213,0.02291956776753068,0.7083333333333334,0.375,0.029171723251541454,0.03199451742693782,0.024053824367001653,0.5833333333333334,0.4583333333333333,0.025543028333534796,0.02699498925358057,0.022476349491626024,0.5833333333333334,0.4166666666666667,0.24027527620395026,0.24258748069405556,0.2366713210940361,0.5833333333333334,0.4166666666666667,0.03164895918841163,0.03527317475527525,0.026574830058962107,0.5833333333333334,0.4166666666666667,0.027575025334954262,0.03073938377201557,0.02307016623672098,0.5833333333333334,0.4166666666666667,1.1509957313537598,1.147712081670761,1.1561156511306763,0.5833333333333334,0.4166666666666667
76,0.17546958600481352,0.1891053207218647,0.15511484630405903,0.5,0.375,0.020293946377933025,0.0214080479927361,0.01661650207825005,0.4583333333333333,0.375,0.02446840874229868,0.025163876358419657,0.02030512783676386,0.4583333333333333,0.375,0.018251449490586918,0.0187263754196465,0.016112363897264004,0.4583333333333333,0.4166666666666667,0.23822133988142014,0.23897914960980415,0.2351781688630581,0.4583333333333333,0.4166666666666667,0.02724134161447485,0.028581819497048855,0.022899816860444844,0.4583333333333333,0.4166666666666667,0.023707780987024307,0.024818522855639458,0.019867991912178695,0.4583333333333333,0.4166666666666667,1.1539141138394673,1.1528378427028656,1.158236801624298,0.4583333333333333,0.4166666666666667
77,0.13578158368666968,0.20288727059960365,0.13385475985705853,1.0,0.5833333333333334,0.012191695471604666,0.026183283422142267,0.012031588819809258,1.0,0.5416666666666666,0.018275716962913673,0.026892532594501972,0.017366593703627586,0.9166666666666666,0.5,0.017249821374813717,0.022003524005413055,0.016794427298009396,0.9166666666666666,0.5,0.22982721527417502,0.23633911088109016,0.22927088290452957,0.9166666666666666,0.5,0.020405412030716736,0.03034990793094039,0.019693724811077118,0.9166666666666666,0.5416666666666666,0.01751815341413021,0.026257453951984644,0.016911602346226573,0.9166666666666666,0.5416666666666666,1.1658372680346172,1.156587153673172,1.1666272580623627,0.9166666666666666,0.5
78,0.18650185937682787,0.25941020622849464,0.17746380902826786,1.0,0.4166666666666667,0.028017769567668438,0.046284242533147335,0.026895124930888414,0.9583333333333334,0.4583333333333333,0.0329617348810037,0.04594030324369669,0.0290703559294343,0.875,0.375,0.02904880667726199,0.03584112040698528,0.026592550333589315,0.8333333333333334,0.375,0.2394175504644712,0.24892866611480713,0.23705888912081718,0.9166666666666666,0.375,0.035105389232436814,0.049568356946110725,0.031652836594730616,0.9583333333333334,0.375,0.030515227156380813,0.04355787858366966,0.027458345284685493,0.9583333333333334,0.375,1.1522128582000732,1.1387035846710205,1.1555645763874054,0.9166666666666666,0.375
79,0.16926786303520203,0.18355954065918922,0.1363688614219427,0.5833333333333334,0.2916666666666667,0.01743945510437091,0.020173680735751987,0.012370474985800683,0.625,0.2916666666666667,0.0242239727328221,0.027270460035651922,0.017044984037056565,0.5416666666666666,0.2916666666666667,0.016841742830971878,0.018484571250155568,0.012915873783640563,0.5416666666666666,0.2916666666666667,0.2374469315012296,0.2397272102534771,0.23197636380791664,0.5416666666666666,0.2916666666666667,0.026939913009603817,0.030342615209519863,0.0190754629438743,0.5416666666666666,0.2916666666666667,0.023361706640571356,0.02638744143769145,0.01648393867071718,0.5416666666666666,0.2916666666666667,1.1550141175587971,1.1517751216888428,1.1627846360206604,0.5416666666666666,0.2916666666666667
80,0.2058358589808146,0.21503523364663124,0.1770543735474348,0.5833333333333334,0.3333333333333333,0.029156079205373924,0.030380204785615206,0.022955499589443207,0.5416666666666666,0.3333333333333333,0.03351124872763952,0.03421939443796873,0.026049131993204355,0.5416666666666666,0.3333333333333333,0.026456252361337345,0.026771556120365858,0.022659515030682087,0.5416666666666666,0.3333333333333333,0.24098319808642069,0.24167734757065773,0.2361840233206749,0.5833333333333334,0.375,0.03640802390873432,0.03738216171041131,0.02854389464482665,0.5416666666666666,0.3333333333333333,0.0317181001106898,0.03258515289053321,0.024752942845225334,0.5416666666666666,0.3333333333333333,1.149990399678548,1.1490044593811035,1.1568075716495514,0.5833333333333334,0.375
81,0.13984643667936325,0.20970672369003296,0.12569819390773773,1.0,0.2916666666666667,0.012896883223826686,0.03215778153389692,0.010901856585405767,1.0,0.375,0.017735254019498825,0.03356446139514446,0.014401368796825409,1.0,0.4166666666666667,0.014364030988266071,0.022592516615986824,0.012490980327129364,1.0,0.375,0.23287935554981232,0.24404370784759521,0.23035503551363945,1.0,0.4166666666666667,0.01979837069908778,0.03495231922715902,0.01609936135355383,1.0,0.375,0.017074575802932184,0.03052056534215808,0.013842433108948171,1.0,0.375,1.1615020235379536,1.145643025636673,1.1650876998901367,1.0,0.4166666666666667
82,0.20414948463439941,0.2191510833799839,0.17899955995380878,0.5833333333333334,0.3333333333333333,0.03020960759992401,0.03273361548781395,0.02415881445631385,0.5416666666666666,0.375,0.03763292947163185,0.0375330438837409,0.03085805755108595,0.4583333333333333,0.375,0.027073754463344812,0.02657294599339366,0.023009956814348698,0.4583333333333333,0.375,0.24764938404162726,0.24792829528450966,0.2428986392915249,0.5,0.375,0.03948268139113983,0.0401828084141016,0.032833714969456196,0.5,0.375,0.03475272500266632,0.0353170083835721,0.02875329297967255,0.5,0.375,1.1405205527941387,1.1401252448558807,1.1472695767879486,0.5,0.375
83,0.164290818075339,0.19846181198954582,0.14614189974963665,0.9166666666666666,0.2916666666666667,0.018290137716879446,0.025806959718465805,0.015180406742729247,0.9166666666666666,0.3333333333333333,0.02451301335046689,0.02957482449710369,0.0193188046105206,0.6666666666666666,0.375,0.01711557013913989,0.01982810953631997,0.014153094263747334,0.6666666666666666,0.375,0.23808315147956213,0.24206240102648735,0.23438184335827827,0.7083333333333334,0.375,0.026161657956739266,0.032146197743713856,0.021077594719827175,0.7916666666666666,0.375,0.02270877795914809,0.028010617941617966,0.01821932871825993,0.7916666666666666,0.375,1.1541097561518352,1.1484577655792236,1.1593676805496216,0.7083333333333334,0.375
84,0.16120467086633047,0.20799769833683968,0.1360674910247326,0.9583333333333334,0.3333333333333333,0.017177957110106945,0.030110967345535755,0.01285930024459958,1.0,0.2916666666666667,0.021262260464330513,0.026630233973264694,0.015244631678797305,0.625,0.25,0.02029291804259022,0.02292940253391862,0.017011537216603756,0.625,0.2916666666666667,0.23349321136871973,0.23799246549606323,0.22934887558221817,0.7083333333333334,0.25,0.022517558963348467,0.02961986744776368,0.01668329699896276,0.7083333333333334,0.25,0.01944512299572428,0.02569646993651986,0.014346521231345832,0.7083333333333334,0.25,1.160629689693451,1.1542391180992126,1.166516751050949,0.7083333333333334,0.25
85,0.16672702009479204,0.16932855173945427,0.14129775017499924,0.5,0.375,0.01815356096873681,0.018170790281146765,0.013735763088334352,0.4583333333333333,0.375,0.024427241335312527,0.024307416286319494,0.017966300947591662,0.5416666666666666,0.3333333333333333,0.018786148789028328,0.01882349606603384,0.015423767734318972,0.5,0.375,0.23718988398710886,0.23740723356604576,0.2324018031358719,0.5416666666666666,0.375,0.027156984123090904,0.027228557504713535,0.020260066143237054,0.5416666666666666,0.375,0.023560541061063606,0.023626227397471666,0.017508537624962628,0.5416666666666666,0.375,1.1553788582483928,1.1550700664520264,1.1621804535388947,0.5416666666666666,0.375
86,0.16319870514174303,0.2678674980998039,0.1643676571547985,1.0,0.5416666666666666,0.02209224288041393,0.045753439888358116,0.02033768966794014,1.0,0.4166666666666667,0.02124141079063217,0.0443972060456872,0.020853476133197546,1.0,0.5416666666666666,0.018933383747935295,0.03148495638743043,0.018634158186614513,1.0,0.4583333333333333,0.2354730243484179,0.2522916905581951,0.2352697253227234,1.0,0.5833333333333334,0.0233155699679628,0.04849816672503948,0.02328352862969041,1.0,0.6666666666666666,0.02019726058157782,0.042787401005625725,0.020162321743555367,1.0,0.625,1.1578177412350972,1.1339277923107147,1.1581066846847534,1.0,0.5833333333333334
87,0.21638269101579985,0.3087133914232254,0.24625267460942268,1.0,0.625,0.03194310609251261,0.05418657325208187,0.040408216416835785,1.0,0.625,0.04119012908389171,0.06185043044388294,0.04766305070370436,1.0,0.625,0.03385001824547847,0.044753543101251125,0.03783015441149473,0.9166666666666666,0.625,0.2426925723751386,0.25844166427850723,0.24684345349669456,1.0,0.625,0.045080624520778656,0.066916823387146,0.05154511425644159,1.0,0.625,0.039465880021452904,0.059478835202753544,0.04520875308662653,1.0,0.625,1.1475615898768108,1.1251895725727081,1.141664296388626,1.0,0.625
88,0.2860841751098633,0.32816293090581894,0.26557763665914536,0.9166666666666666,0.5,0.05081994210680326,0.06485938839614391,0.04604685911908746,0.9166666666666666,0.5416666666666666,0.0655236051728328,0.07427246496081352,0.05693461559712887,0.7916666666666666,0.4583333333333333,0.04635918575028578,0.05008343420922756,0.04245960898697376,0.6666666666666666,0.4583333333333333,0.25595673173666,0.2615369036793709,0.2510327883064747,0.7916666666666666,0.4583333333333333,0.07067056496938069,0.08047681301832199,0.06200188584625721,0.7916666666666666,0.4166666666666667,0.06269636439780395,0.0718651469796896,0.05472071934491396,0.7916666666666666,0.4166666666666667,1.1287193497021992,1.1207937598228455,1.1357142925262451,0.7916666666666666,0.4583333333333333
89,0.13074058666825294,0.19553395360708237,0.11851775646209717,1.0,0.4583333333333333,0.011211830656975508,0.02389715053141117,0.009301441663410515,1.0,0.4583333333333333,0.014869556141396364,0.02870070654898882,0.012114376528188586,1.0,0.4166666666666667,0.014057870488613844,0.021542825270444155,0.012669852236285806,1.0,0.4166666666666667,0.2312303607662519,0.24176985025405884,0.2291807122528553,1.0,0.4166666666666667,0.016845176151643198,0.0320729985833168,0.013898869045078754,1.0,0.4166666666666667,0.0145039192866534,0.02792575489729643,0.011929862317629158,1.0,0.4166666666666667,1.1638444066047668,1.1488736867904663,1.1667557954788208,1.0,0.4166666666666667
90,0.1911886235078176,0.207557775080204,0.17276499420404434,0.7083333333333334,0.5,0.024140801280736923,0.029514858964830637,0.021092371083796024,0.75,0.4166666666666667,0.02635161733875672,0.024562240578234196,0.022578170988708735,0.375,0.375,0.02310038823634386,0.022081848233938217,0.021016824059188366,0.375,0.375,0.23408289502064386,0.23277879506349564,0.231310673058033,0.375,0.375,0.02962079147497813,0.02801091643050313,0.025769314728677273,0.375,0.375,0.025567843889196713,0.024142048321664333,0.022216752637177706,0.375,0.375,1.1597924033800762,1.1616449058055878,1.163730263710022,0.375,0.375
91,0.16286098460356394,0.19530237093567848,0.14924102649092674,0.9583333333333334,0.4166666666666667,0.015905579241613548,0.021777791902422905,0.014235037378966808,0.9166666666666666,0.4583333333333333,0.01965694533040126,0.022198758088052273,0.01899029780179262,0.6666666666666666,0.5,0.01912936397517721,0.02056382317095995,0.01870062085799873,0.6666666666666666,0.5,0.2309648891290029,0.2330411970615387,0.2302367128431797,0.6666666666666666,0.4583333333333333,0.022437021136283875,0.02549944631755352,0.021498754620552063,0.6666666666666666,0.4583333333333333,0.019288767594844103,0.02196266921237111,0.018472154391929507,0.6666666666666666,0.4583333333333333,1.1642214457194011,1.1612722873687744,1.1652557849884033,0.6666666666666666,0.4583333333333333
92,0.18347081045309702,0.22881468757987022,0.16962848417460918,0.8333333333333334,0.5,0.021552633649359148,0.03048053476959467,0.018401018693111837,0.8333333333333334,0.4583333333333333,0.028042621600131195,0.03501950018107891,0.02342723053880036,0.6666666666666666,0.4166666666666667,0.021350639406591654,0.025108319707214832,0.018795551965013146,0.6666666666666666,0.4166666666666667,0.23767294734716415,0.24316926300525665,0.23418449610471725,0.7083333333333334,0.4166666666666667,0.03070259839296341,0.03905431367456913,0.026103759184479713,0.7083333333333334,0.4166666666666667,0.02668248148014148,0.03408451098948717,0.02262562676332891,0.7083333333333334,0.4166666666666667,1.1546926498413086,1.146885871887207,1.1596480906009674,0.7083333333333334,0.4166666666666667
93,0.13243509580691656,0.16736100986599922,0.11840833816677332,0.875,0.4583333333333333,0.012483912985771894,0.018124561291188,0.01052031252766028,0.875,0.4166666666666667,0.01868466683663428,0.02118798391893506,0.015340335667133331,0.625,0.4583333333333333,0.01696744980290532,0.018174738623201847,0.015195226762443781,0.625,0.5,0.22720267126957575,0.22927244007587433,0.22471928969025612,0.625,0.4583333333333333,0.020638382838418085,0.02411196567118168,0.017379746423102915,0.625,0.4583333333333333,0.017694746221726138,0.020689718425273895,0.014863054384477437,0.625,0.4583333333333333,1.1695650021235149,1.1666253507137299,1.173092633485794,0.625,0.4583333333333333
94,0.16883960366249084,0.18528783321380615,0.1419458854943514,0.6666666666666666,0.3333333333333333,0.01877640187740326,0.02146784495562315,0.013725381344556808,0.7083333333333334,0.3333333333333333,0.024608468481649954,0.02644122065976262,0.01960095902904868,0.5416666666666666,0.375,0.027436220397551853,0.02838549157604575,0.02460200944915414,0.5,0.375,0.2339327707886696,0.23529519885778427,0.23025111854076385,0.5,0.375,0.026914421158532303,0.029425970278680325,0.021607814822345972,0.5,0.375,0.023261329780022304,0.02541741030290723,0.01858633104711771,0.5,0.375,1.1600053906440735,1.1580703258514404,1.1652350723743439,0.5,0.375
95,0.18488886207342148,0.20999036729335785,0.17221639305353165,0.75,0.4166666666666667,0.022917620992908876,0.027798024471849203,0.02071616193279624,0.7083333333333334,0.5,0.02767291044195493,0.0285176201723516,0.02360501978546381,0.5416666666666666,0.4583333333333333,0.02101772588988145,0.021169269923120737,0.018517857883125544,0.5416666666666666,0.375,0.23952471216519675,0.24043027311563492,0.2366546429693699,0.625,0.4583333333333333,0.02976344587902228,0.03129109600558877,0.025820394046604633,0.5833333333333334,0.4583333333333333,0.025881197303533554,0.027228725142776966,0.022393566789105535,0.5833333333333334,0.4583333333333333,1.1520623366038005,1.1507762968540192,1.156139314174652,0.625,0.4583333333333333
96,0.21883067985375723,0.29984574764966965,0.22711144387722015,0.8333333333333334,0.5,0.03271231148391962,0.05368328373879194,0.03212716104462743,0.8333333333333334,0.5,0.04822700843214989,0.0753420777618885,0.04803937207907438,0.8333333333333334,0.5416666666666666,0.03760810010135174,0.05213604308664799,0.037037599831819534,0.8333333333333334,0.5416666666666666,0.24720953404903412,0.26448725163936615,0.24669040367007256,0.8333333333333334,0.5416666666666666,0.051813275553286076,0.07871629856526852,0.05200851242989302,0.8333333333333334,0.5416666666666666,0.045621336748202644,0.07056318689137697,0.0455982955172658,0.8333333333333334,0.5416666666666666,1.1411456664403279,1.1166029870510101,1.1418830454349518,0.8333333333333334,0.5416666666666666
97,0.16659001260995865,0.20911677181720734,0.15295217372477055,1.0,0.5416666666666666,0.01776847553749879,0.02841302938759327,0.015515131410211325,1.0,0.5,0.024234793459375698,0.0299237291328609,0.01962203113362193,0.7916666666666666,0.4166666666666667,0.01996266966064771,0.022700341884046793,0.017369562992826104,0.75,0.4166666666666667,0.23457114895184836,0.23872605711221695,0.23125290870666504,0.7916666666666666,0.4583333333333333,0.026665272812048595,0.03326468402519822,0.02206613589078188,0.875,0.4166666666666667,0.02302038762718439,0.028867346234619617,0.019009291077964008,0.875,0.4166666666666667,1.159098704655965,1.1531968414783478,1.1638121902942657,0.7916666666666666,0.4583333333333333
98,0.1832263395190239,0.23587138578295708,0.18242552131414413,1.0,0.5833333333333334,0.022576414979994297,0.03714972361922264,0.02386674447916448,1.0,0.5833333333333334,0.02410328605522712,0.042719848453998566,0.028369640931487083,1.0,0.8333333333333334,0.020908253888289135,0.030754134990274906,0.02313171373680234,1.0,0.8333333333333334,0.23415506134430566,0.2472543753683567,0.2372055947780609,1.0,0.7916666666666666,0.027197547256946564,0.04594114329665899,0.03130701510235667,1.0,0.7916666666666666,0.02347317337989807,0.040264690294861794,0.027118611615151167,1.0,0.7916666666666666,1.1596899628639221,1.1410821974277496,1.1553566455841064,1.0,0.7916666666666666
99,0.1780296266078949,0.21419988945126534,0.15741464123129845,0.9166666666666666,0.4166666666666667,0.02155107104529937,0.02810664940625429,0.017166297766380012,0.875,0.4166666666666667,0.031001557906468708,0.034755276050418615,0.023107368499040604,0.5833333333333334,0.25,0.02473159662137429,0.026625316124409437,0.02074326854199171,0.5833333333333334,0.2916666666666667,0.23769754668076834,0.24109966680407524,0.23243292048573494,0.625,0.25,0.03317122875402371,0.03819266892969608,0.025449802167713642,0.5833333333333334,0.2916666666666667,0.028788311406970024,0.03323574457317591,0.02196360332891345,0.5833333333333334,0.2916666666666667,1.154656966527303,1.1498242318630219,1.1621358096599579,0.625,0.25
100,0.15974721685051918,0.18804309889674187,0.14178594946861267,0.75,0.4166666666666667,0.0191012656626602,0.022332566790282726,0.014993140648584813,0.6666666666666666,0.4166666666666667,0.023226073943078518,0.024578507523983717,0.01795860903803259,0.5833333333333334,0.375,0.019806730405737955,0.020040448755025864,0.01667554536834359,0.5416666666666666,0.3333333333333333,0.2360588237643242,0.23726684227585793,0.23234135657548904,0.5833333333333334,0.375,0.02527269721031189,0.027525566518306732,0.020064329262822866,0.625,0.375,0.0218868440327545,0.02383612794801593,0.01731793547514826,0.625,0.375,1.1569854219754536,1.155269980430603,1.1622661352157593,0.5833333333333334,0.375
101,0.16533957670132318,0.18931590765714645,0.13829383067786694,0.7083333333333334,0.20833333333333334,0.018646252652009327,0.024434776976704597,0.013586323475465178,0.75,0.25,0.024731333057085674,0.026415531989187002,0.017352379858493805,0.5,0.20833333333333334,0.0182395299586157,0.01886581676080823,0.013959783129394054,0.5,0.20833333333333334,0.2367683400710424,0.23818904533982277,0.23148813098669052,0.5,0.20833333333333334,0.026257396054764588,0.028330709785223007,0.01883293711580336,0.5416666666666666,0.20833333333333334,0.022764849321295817,0.02461328124627471,0.016234491718932986,0.5416666666666666,0.20833333333333334,1.1559767921765645,1.1539587676525116,1.1634773313999176,0.5,0.20833333333333334
102,0.16147378211220106,0.20632356777787209,0.1512747760862112,0.8333333333333334,0.4583333333333333,0.018495273077860475,0.027950745075941086,0.01612439868040383,0.875,0.4166666666666667,0.025044351816177368,0.030300341080874205,0.021809775149449706,0.6666666666666666,0.4166666666666667,0.0214633474436899,0.024290623143315315,0.019590104231610894,0.625,0.4166666666666667,0.23603212585051855,0.24021809548139572,0.233941912651062,0.6666666666666666,0.4166666666666667,0.026687626416484516,0.033172741532325745,0.023736276663839817,0.7083333333333334,0.4583333333333333,0.0231405106994013,0.028843005187809467,0.02051173383370042,0.7083333333333334,0.4583333333333333,1.157023290793101,1.1510775983333588,1.1599916517734528,0.6666666666666666,0.4166666666666667
103,0.18325827394922575,0.19965706765651703,0.15406311489641666,0.625,0.2916666666666667,0.02199800917878747,0.023530342616140842,0.016243258956819773,0.5416666666666666,0.3333333333333333,0.02848083060234785,0.028822086285799742,0.021845258306711912,0.5,0.3333333333333333,0.023145275190472603,0.02306727087125182,0.019217995228245854,0.5,0.2916666666666667,0.23538154611984888,0.23591093719005585,0.2304750755429268,0.5,0.375,0.03127590334042907,0.03232054878026247,0.024432737031020224,0.5,0.375,0.02710889062533776,0.027943001594394445,0.021054862649179995,0.5,0.375,1.1579474210739136,1.157195657491684,1.1649168729782104,0.5,0.375
104,0.1547038878003756,0.18753160908818245,0.12451286427676678,0.875,0.2916666666666667,0.015350148857881626,0.022688512690365314,0.011094404850155115,0.9166666666666666,0.2916666666666667,0.021761944827934105,0.02781813684850931,0.016059159766882658,0.75,0.2916666666666667,0.01679760528107484,0.020329328486695886,0.013594594551250339,0.75,0.2916666666666667,0.23598603159189224,0.2405909076333046,0.23171383515000343,0.75,0.2916666666666667,0.023342016463478405,0.030339849647134542,0.017464749107602984,0.8333333333333334,0.2916666666666667,0.020208346502234537,0.02639580424875021,0.015073652670253068,0.8333333333333334,0.2916666666666667,1.1570887168248494,1.1505479514598846,1.1631574928760529,0.75,0.2916666666666667
105,0.12925425544381142,0.20241930708289146,0.12318689003586769,1.0,0.5,0.01215851167216897,0.025729631539434195,0.010820448398590088,1.0,0.4583333333333333,0.020149854322274525,0.032309436704963446,0.017652628477662802,1.0,0.4166666666666667,0.02369404335816701,0.029975987039506435,0.02223819214850664,1.0,0.375,0.22587373604377112,0.23435208946466446,0.22402698919177055,1.0,0.375,0.02337709814310074,0.037095689214766026,0.020656586391851306,1.0,0.4166666666666667,0.019982152773688238,0.031998030841350555,0.017605834174901247,1.0,0.4166666666666667,1.1714529792467754,1.1594101190567017,1.1740761995315552,1.0,0.375
106,0.16105397418141365,0.1974153369665146,0.15765387751162052,1.0,0.6666666666666666,0.016450148541480303,0.02460292261093855,0.015522779896855354,1.0,0.375,0.019587063541014988,0.02620071405544877,0.0185023401863873,1.0,0.5,0.017551230421910684,0.021244393195956945,0.017162224743515253,1.0,0.5,0.22717511653900146,0.23217278346419334,0.2262689732015133,1.0,0.4583333333333333,0.0225876085460186,0.02987086120992899,0.021498361602425575,1.0,0.5,0.01933305912340681,0.025697752367705107,0.018379455199465156,1.0,0.5,1.169604500134786,1.1625056266784668,1.1708916425704956,1.0,0.4583333333333333
107,0.16697966059048971,0.21233044564723969,0.15679343789815903,0.7916666666666666,0.5416666666666666,0.01821106291996936,0.026808591559529305,0.015668011794332415,0.8333333333333334,0.5,0.02374561325026055,0.02599667781032622,0.018542968784458935,0.5416666666666666,0.3333333333333333,0.021699197590351105,0.02274068770930171,0.01863705925643444,0.5416666666666666,0.3333333333333333,0.2352199008067449,0.23754870891571045,0.2318459376692772,0.5416666666666666,0.3333333333333333,0.02493936715958019,0.02912893518805504,0.020618143491446972,0.6666666666666666,0.3333333333333333,0.02160288967813055,0.025269970064982772,0.017785865697078407,0.6666666666666666,0.3333333333333333,1.158176879088084,1.1548695862293243,1.1629699170589447,0.5416666666666666,0.3333333333333333
108,0.16373619809746742,0.17177262902259827,0.13913684152066708,0.5833333333333334,0.375,0.01837217101516823,0.019360309932380915,0.014220289420336485,0.625,0.375,0.020436983400334913,0.019515632651746273,0.014510018052533269,0.5,0.4166666666666667,0.015400426695123315,0.014694004552438855,0.012018356821499765,0.5,0.4166666666666667,0.23438584307829538,0.23403720930218697,0.2302945777773857,0.5,0.4166666666666667,0.02196079515852034,0.02162196720018983,0.01622831169515848,0.5,0.4166666666666667,0.01902881513039271,0.018659024499356747,0.013966383528895676,0.5,0.4166666666666667,1.1593610644340515,1.159856915473938,1.1651734113693237,0.5,0.4166666666666667
109,0.19973298907279968,0.21617712825536728,0.16569373197853565,0.625,0.375,0.025791835350294907,0.02986390283331275,0.0199306815629825,0.6666666666666666,0.375,0.03966347500681877,0.04347727634012699,0.030456241220235825,0.5416666666666666,0.2916666666666667,0.025309843632082146,0.027083815075457096,0.020340147195383906,0.5416666666666666,0.3333333333333333,0.24528922885656357,0.24786582216620445,0.23875589296221733,0.5833333333333334,0.2916666666666667,0.043151418368021645,0.047302681021392345,0.03353663720190525,0.5416666666666666,0.2916666666666667,0.03777072733889023,0.04156653629615903,0.02924321871250868,0.5416666666666666,0.2916666666666667,1.1438740293184917,1.1402137577533722,1.1531545519828796,0.5833333333333334,0.2916666666666667
110,0.1579362154006958,0.1820109263062477,0.14054794795811176,0.875,0.5,0.016676597918073337,0.022350221406668425,0.015138903923798352,0.9166666666666666,0.5,0.025407114376624424,0.03162651974707842,0.023686035303398967,0.75,0.5,0.020421601211031277,0.023496763315051794,0.019182794727385044,0.75,0.4583333333333333,0.2369672159353892,0.24132323637604713,0.23550276458263397,0.75,0.5,0.02766569672773282,0.03412705194205046,0.025635466212406754,0.7916666666666666,0.5,0.023972067050635815,0.02970448136329651,0.0222451810259372,0.7916666666666666,0.5,1.1556949019432068,1.1495076417922974,1.1577753722667694,0.75,0.5
111,0.13265099128087363,0.17535724118351936,0.12116700038313866,0.9166666666666666,0.3333333333333333,0.012773592956364155,0.02066919836215675,0.011113437474705279,0.9166666666666666,0.2916666666666667,0.014946630457416177,0.023548646830022335,0.011802437831647694,0.9166666666666666,0.2916666666666667,0.013433451609065136,0.018243662547320127,0.011649859719909728,0.75,0.2916666666666667,0.23069172849257788,0.23746486008167267,0.228401530534029,0.9166666666666666,0.2916666666666667,0.016203825284416478,0.026044597383588552,0.012898381100967526,0.9166666666666666,0.2916666666666667,0.013938290843119224,0.02255922695621848,0.011069691856391728,0.9166666666666666,0.2916666666666667,1.164608935515086,1.154988408088684,1.1678619086742401,0.9166666666666666,0.2916666666666667
112,0.1774751991033554,0.21786336600780487,0.16801361367106438,0.9166666666666666,0.625,0.021900512898961704,0.032840088941156864,0.02064744324889034,0.9583333333333334,0.5416666666666666,0.030145215491453808,0.03529528994113207,0.028518263017758727,0.6666666666666666,0.5416666666666666,0.029334114554027717,0.03227287717163563,0.028550156857818365,0.6666666666666666,0.5416666666666666,0.23330366363128027,0.23760271444916725,0.23259715735912323,0.75,0.5416666666666666,0.03284272986153761,0.038873784709721804,0.03142692428082228,0.75,0.5416666666666666,0.028313346207141876,0.0336897480301559,0.027133555617183447,0.75,0.5416666666666666,1.1608986655871074,1.1547923386096954,1.1619020998477936,0.75,0.5416666666666666
113,0.1908226733406385,0.2499983049929142,0.17754868231713772,0.875,0.4166666666666667,0.02589900776123007,0.04135836334899068,0.02365763089619577,0.9583333333333334,0.4166666666666667,0.03546921505282322,0.04901766125112772,0.033452597446739674,0.8333333333333334,0.4166666666666667,0.027070869070788223,0.033696538768708706,0.025642899330705404,0.8333333333333334,0.4166666666666667,0.24422780672709146,0.2534068413078785,0.24291899800300598,0.8333333333333334,0.4583333333333333,0.0377740648885568,0.05229719448834658,0.03609615098685026,0.8333333333333334,0.4583333333333333,0.033050586469471455,0.04623246472328901,0.03154636733233929,0.8333333333333334,0.4583333333333333,1.1453816692034404,1.1323431730270386,1.1472406089305878,0.8333333333333334,0.4583333333333333
114,0.18966025362412134,0.21778540313243866,0.17844119668006897,0.8333333333333334,0.4583333333333333,0.02611812638739745,0.03153980989009142,0.02486474858596921,0.75,0.5416666666666666,0.02183913920695583,0.026554756332188845,0.023558654356747866,0.75,0.625,0.022701816943784554,0.025375637691468,0.023836296051740646,0.75,0.625,0.23481293767690659,0.23819000273942947,0.23555757850408554,0.75,0.5833333333333334,0.024327860369036596,0.029503789730370045,0.02485755644738674,0.75,0.5833333333333334,0.021017377575238545,0.02557812398299575,0.021515481872484088,0.75,0.5833333333333334,1.1587554812431335,1.1539585888385773,1.1576973497867584,0.75,0.5833333333333334
115,0.1590121127665043,0.1625429280102253,0.14370237663388252,0.5,0.4583333333333333,0.015539996791630983,0.015930680325254798,0.013328035711310804,0.5,0.4583333333333333,0.01980573482190569,0.01850339095108211,0.016454790718853474,0.4583333333333333,0.4166666666666667,0.015942241841306288,0.01532415160909295,0.01422213576734066,0.5,0.4583333333333333,0.23186819752057394,0.23089786991477013,0.22938215360045433,0.5,0.4166666666666667,0.022398969779411953,0.02124509261921048,0.018872358836233616,0.5,0.4583333333333333,0.019292357222487528,0.018256692681461573,0.01622013153973967,0.5,0.4583333333333333,1.1629382967948914,1.1643167436122894,1.1664697527885437,0.5,0.4166666666666667
116,0.17531708627939224,0.1975681036710739,0.15699565596878529,0.7916666666666666,0.4583333333333333,0.02002160359794895,0.02394625823944807,0.01703629025723785,0.75,0.4166666666666667,0.026714655260245006,0.02954951347783208,0.023065666668117046,0.5833333333333334,0.4166666666666667,0.02004269448419412,0.021254999563097954,0.01803487678989768,0.5833333333333334,0.4166666666666667,0.23753530283768973,0.23984987661242485,0.23499616608023643,0.625,0.4166666666666667,0.0288994200527668,0.03233767207711935,0.02517777611501515,0.5833333333333334,0.4166666666666667,0.025073778970787924,0.028088797349482775,0.02179120946675539,0.5833333333333334,0.4166666666666667,1.1548881928126018,1.1516006588935852,1.1584949791431427,0.625,0.4166666666666667
117,0.19801335781812668,0.2567562684416771,0.1710831094533205,1.0,0.3333333333333333,0.02753912564367056,0.041812388226389885,0.021208463702350855,1.0,0.3333333333333333,0.03147034967939059,0.04311662167310715,0.024345584446564317,0.9166666666666666,0.2916666666666667,0.02411688771098852,0.030134634114801884,0.02043295302428305,0.9583333333333334,0.3333333333333333,0.23941349734862646,0.24741839617490768,0.23443491756916046,0.9166666666666666,0.3333333333333333,0.035020909582575165,0.04764032922685146,0.027445712592452765,0.9166666666666666,0.2916666666666667,0.030438235650459926,0.04176268167793751,0.023732228204607964,0.9166666666666666,0.2916666666666667,1.1522204279899597,1.1408499777317047,1.1592924892902374,0.9166666666666666,0.3333333333333333
118,0.19158664594093958,0.22499095275998116,0.1682060994207859,0.7916666666666666,0.4583333333333333,0.026686690204466384,0.03371480852365494,0.021496412984561175,0.75,0.375,0.028070760425180197,0.03364184591919184,0.022083416348323226,0.625,0.3333333333333333,0.01915271277539432,0.021793049294501543,0.015934882103465497,0.625,0.375,0.24069607754548392,0.24518170580267906,0.2363165244460106,0.625,0.375,0.029633448148767155,0.03616653336212039,0.023830262827686965,0.625,0.375,0.02589067250179748,0.031635497231036425,0.020745961810462177,0.625,0.375,1.1503979166348774,1.1440260112285614,1.1566195785999298,0.625,0.375
119,0.14401355385780334,0.1826513074338436,0.1320496005937457,1.0,0.75,0.013215813941011826,0.02101655676960945,0.01206044852733612,1.0,0.7083333333333334,0.017480548315991957,0.024191630538553,0.016366973635740578,0.8333333333333334,0.5416666666666666,0.019974451201657455,0.02362629910930991,0.01941855438053608,0.8333333333333334,0.625,0.23079685618480048,0.23570460453629494,0.22989540547132492,0.8333333333333334,0.5416666666666666,0.019804219404856365,0.027465197257697582,0.01862000930123031,0.8333333333333334,0.5833333333333334,0.017017740135391552,0.02374318428337574,0.01600738288834691,0.8333333333333334,0.5833333333333334,1.1644601027170818,1.1574890315532684,1.1657406091690063,0.8333333333333334,0.5416666666666666
120,0.2167976771791776,0.23795029520988464,0.202985517680645,0.7916666666666666,0.5,0.038614134614666305,0.04519895650446415,0.036559381522238255,0.75,0.375,0.06350850748519103,0.0709114708006382,0.05818706564605236,0.7083333333333334,0.5,0.049842006216446556,0.053150477819144726,0.046273956540971994,0.6666666666666666,0.4583333333333333,0.25396570563316345,0.25947852805256844,0.25085723772644997,0.7083333333333334,0.4583333333333333,0.06364533553520839,0.07022101618349552,0.058468295726925135,0.7083333333333334,0.5,0.056354450061917305,0.06263674795627594,0.05174188781529665,0.7083333333333334,0.5,1.131546974182129,1.1237112879753113,1.1359573006629944,0.7083333333333334,0.4583333333333333
121,0.16416902715961137,0.2303164005279541,0.13467238750308752,0.9583333333333334,0.4166666666666667,0.01969964678088824,0.0381836099550128,0.014525605423841625,1.0,0.375,0.022569063740472,0.03789906110614538,0.01676932442933321,0.9583333333333334,0.375,0.019387830204019945,0.027348897885531187,0.015830516116693616,0.9583333333333334,0.375,0.2348238006234169,0.24632088467478752,0.2306605726480484,0.9583333333333334,0.375,0.02434809474895398,0.04036909248679876,0.018335432279855013,0.9583333333333334,0.375,0.021058570283154648,0.03534946357831359,0.01578545884694904,0.9583333333333334,0.375,1.1587390700976055,1.1424081921577454,1.1646527647972107,0.9583333333333334,0.375
122,0.1750252197186152,0.21523821726441383,0.15422278828918934,1.0,0.4166666666666667,0.019362535638113815,0.029394461307674646,0.01622983708512038,1.0,0.4583333333333333,0.020072209027906258,0.025834419764578342,0.016098876832984388,0.875,0.4166666666666667,0.014494643391420444,0.017705050762742758,0.012489775195717812,0.8333333333333334,0.4166666666666667,0.23480084290107092,0.2391413301229477,0.2318202555179596,0.8333333333333334,0.4166666666666667,0.022459217347204685,0.028700810857117176,0.018152114236727357,0.8333333333333334,0.4166666666666667,0.019395391767223675,0.024912973400205374,0.015647395979613066,0.8333333333333334,0.4166666666666667,1.1587727665901184,1.1526072919368744,1.1630065143108368,0.8333333333333334,0.4166666666666667
123,0.21105199058850607,0.2514506094157696,0.1911607626825571,0.7916666666666666,0.5416666666666666,0.036827673514684044,0.048977429047226906,0.03302551503293216,0.8333333333333334,0.5416666666666666,0.04372329947849115,0.05307513661682606,0.03784089861437678,0.75,0.3333333333333333,0.03511543571949005,0.040465446189045906,0.03214099025353789,0.75,0.3333333333333333,0.2453488235672315,0.252330269664526,0.24170669168233871,0.7916666666666666,0.3333333333333333,0.044949498027563095,0.0540862837806344,0.04001736827194691,0.7916666666666666,0.3333333333333333,0.03935186378657818,0.047722190618515015,0.03492989391088486,0.7916666666666666,0.3333333333333333,1.143788456916809,1.1338711082935333,1.1489624083042145,0.7916666666666666,0.3333333333333333
124,0.18771490703026453,0.18735339865088463,0.17094212770462036,0.5833333333333334,0.5416666666666666,0.024068178609013557,0.02326261717826128,0.022733285324648023,0.5,0.5416666666666666,0.02770281893511613,0.02840763656422496,0.030320220394060016,0.5,0.6666666666666666,0.02091772605975469,0.021108255721628666,0.022457363549619913,0.5,0.6666666666666666,0.23827164620161057,0.23865965381264687,0.23954157158732414,0.5,0.625,0.030112949510415394,0.030653863679617643,0.03085763705894351,0.5,0.625,0.026107916608452797,0.026633637957274914,0.02685907226987183,0.5,0.625,1.153842310110728,1.15329110622406,1.152037799358368,0.5,0.625
125,0.18743461867173514,0.22942206263542175,0.16348657943308353,0.9166666666666666,0.3333333333333333,0.02398709859699011,0.033055123407393694,0.019299519015476108,0.9166666666666666,0.3333333333333333,0.029832004259030025,0.04047367721796036,0.025684645399451256,0.9583333333333334,0.375,0.025549933003882568,0.03125216579064727,0.02316549653187394,0.9583333333333334,0.3333333333333333,0.2386344149708748,0.2461187243461609,0.23548180982470512,0.9166666666666666,0.375,0.033228679560124874,0.04437686502933502,0.028655032627284527,0.9583333333333334,0.375,0.028841490236421425,0.03884401638060808,0.02478681947104633,0.9583333333333334,0.375,1.1533271471659343,1.1426959037780762,1.157805174589157,0.9166666666666666,0.375
126,0.1380475920935472,0.2012314647436142,0.1437307596206665,1.0,0.5416666666666666,0.013187607905517021,0.025250768288969994,0.015141413896344602,1.0,0.5416666666666666,0.018622264188403886,0.02584588760510087,0.018355970736593008,0.625,0.5416666666666666,0.014929615892469883,0.018598394468426704,0.014676425140351057,0.625,0.5416666666666666,0.2332505906621615,0.23916463553905487,0.23327364400029182,0.6666666666666666,0.5416666666666666,0.019394936893756192,0.028599956072866917,0.019702431745827198,0.8333333333333334,0.5416666666666666,0.016764553419003885,0.02483306545764208,0.01701880618929863,0.7916666666666666,0.5416666666666666,1.1609742840131123,1.1525741517543793,1.1609417796134949,0.6666666666666666,0.5416666666666666
127,0.20744715879360834,0.23874663561582565,0.2043072171509266,0.6666666666666666,0.4583333333333333,0.02884674460316698,0.034525788854807615,0.027791690547019243,0.6666666666666666,0.5,0.04028264029572407,0.043715015053749084,0.037760766223073006,0.5833333333333334,0.4166666666666667,0.036070273568232857,0.03734833188354969,0.0343990377150476,0.5833333333333334,0.4166666666666667,0.24275777488946915,0.2445974498987198,0.24068096280097961,0.5833333333333334,0.4166666666666667,0.043564885233839355,0.04827734362334013,0.041634767316281796,0.5833333333333334,0.4166666666666667,0.03813417380054792,0.04221085738390684,0.03622387954965234,0.5833333333333334,0.4166666666666667,1.1474695603052776,1.1448569297790527,1.1504198014736176,0.5833333333333334,0.4166666666666667
128,0.2095020810763041,0.2186308577656746,0.19899160787463188,0.7083333333333334,0.625,0.027312577081223328,0.0296797351911664,0.027105840854346752,0.7083333333333334,0.5833333333333334,0.04279236122965813,0.04482464678585529,0.043140788562595844,0.5833333333333334,0.5,0.03447068420549234,0.03545372933149338,0.03525552712380886,0.5833333333333334,0.5833333333333334,0.24766973157723746,0.24876153841614723,0.24793322384357452,0.5833333333333334,0.5833333333333334,0.046360193441311516,0.04921884648501873,0.04649332910776138,0.625,0.5833333333333334,0.040695130825042725,0.04324110317975283,0.04090132238343358,0.625,0.5833333333333334,1.1404923796653748,1.138942003250122,1.1401183009147644,0.5833333333333334,0.5833333333333334
129,0.16310652469595274,0.19906887784600258,0.14061768352985382,0.9166666666666666,0.2916666666666667,0.017780964418003958,0.025052708573639393,0.013764112372882664,0.9166666666666666,0.25,0.02075771801173687,0.02604776667430997,0.01539842237252742,0.7083333333333334,0.3333333333333333,0.014872481115162373,0.01766121224500239,0.011925363098271191,0.7083333333333334,0.375,0.23579830676317215,0.24001195654273033,0.23190189898014069,0.7083333333333334,0.3333333333333333,0.022552202455699444,0.028872627299278975,0.017105623614042997,0.7916666666666666,0.3333333333333333,0.019515205329904955,0.025091938208788633,0.01476073038065806,0.7916666666666666,0.3333333333333333,1.1573556661605835,1.1513706743717194,1.1628904938697815,0.7083333333333334,0.3333333333333333
130,0.21877827495336533,0.24064111709594727,0.19910244271159172,0.7083333333333334,0.4166666666666667,0.033484808479746185,0.03964332863688469,0.030091005843132734,0.7083333333333334,0.4166666666666667,0.03720973369975885,0.04321046452969313,0.03274175338447094,0.7083333333333334,0.375,0.031761422442893185,0.03532181307673454,0.029360545333474874,0.75,0.3333333333333333,0.2433427150050799,0.2479623444378376,0.2401609681546688,0.7083333333333334,0.375,0.04043362848460674,0.04699000995606184,0.03575974190607667,0.75,0.375,0.03529660155375799,0.04127353010699153,0.031131083611398935,0.75,0.375,1.1466387907663982,1.1400768458843231,1.151157945394516,0.7083333333333334,0.375
131,0.20965440571308136,0.24783184751868248,0.18773431330919266,0.9166666666666666,0.4166666666666667,0.030745732287565868,0.039610947482287884,0.026392174186185002,0.875,0.4166666666666667,0.040209355764091015,0.04122332390397787,0.03378436341881752,0.5416666666666666,0.375,0.030931260747214157,0.031502415891736746,0.027260615024715662,0.5416666666666666,0.375,0.24321982016166052,0.24448978528380394,0.2386883646249771,0.5416666666666666,0.375,0.042366161632041134,0.04464296530932188,0.03640966396778822,0.5416666666666666,0.4166666666666667,0.03701891656965017,0.03901948779821396,0.03163421805948019,0.5416666666666666,0.4166666666666667,1.1468130747477214,1.1450095474720001,1.1532500684261322,0.5416666666666666,0.375
132,0.16529722760121027,0.19117971509695053,0.15560504235327244,0.7083333333333334,0.375,0.019284447344640892,0.023892803117632866,0.01643883273936808,0.7083333333333334,0.375,0.02936525425563256,0.03352018166333437,0.023737143259495497,0.5416666666666666,0.3333333333333333,0.02331797095636527,0.025675927754491568,0.020197558216750622,0.5833333333333334,0.3333333333333333,0.24052389214436212,0.2439614161849022,0.23678706213831902,0.625,0.3333333333333333,0.030667980822424095,0.035774603486061096,0.025809300830587745,0.625,0.3333333333333333,0.026730426276723545,0.03122977027669549,0.022365763084962964,0.625,0.3333333333333333,1.1506428321202595,1.1457601487636566,1.1559511125087738,0.625,0.3333333333333333
133,0.16271831095218658,0.16717127338051796,0.12593263387680054,0.5833333333333334,0.20833333333333334,0.019241976086050272,0.01955677685327828,0.01274909998755902,0.5,0.125,0.02401299960911274,0.022101487033069134,0.015849540592171252,0.4166666666666667,0.25,0.02470205444842577,0.02340623503550887,0.020097327884286642,0.375,0.2916666666666667,0.23400413741668066,0.23291850090026855,0.2282249554991722,0.4166666666666667,0.2916666666666667,0.025940366244564455,0.024871425703167915,0.017598385456949472,0.5,0.25,0.022409248631447554,0.02144165919162333,0.015117289032787085,0.5,0.25,1.1599030494689941,1.1614462435245514,1.1681127548217773,0.4166666666666667,0.2916666666666667
134,0.16131042689085007,0.20138363912701607,0.15329496376216412,0.875,0.4166666666666667,0.01874660576383273,0.02652708627283573,0.016493588336743414,0.8333333333333334,0.4166666666666667,0.023155210229257744,0.028177165426313877,0.01794023730326444,0.625,0.4166666666666667,0.019390948427220184,0.022064862307161093,0.01650983188301325,0.625,0.4583333333333333,0.23558018853267035,0.23984134569764137,0.23198235034942627,0.625,0.4166666666666667,0.024274026975035667,0.030985640827566385,0.01962781185284257,0.6666666666666666,0.4166666666666667,0.021045193541795015,0.026927655562758446,0.016910604084841907,0.6666666666666666,0.4166666666666667,1.157665193080902,1.1516128778457642,1.1627760529518127,0.625,0.4166666666666667
135,0.17570148905118307,0.1961684226989746,0.14689956046640873,0.75,0.375,0.02082984708249569,0.023654991295188665,0.015094145259354264,0.5833333333333334,0.3333333333333333,0.029311342475314934,0.03089545527473092,0.021812011487782,0.5416666666666666,0.375,0.02418394231547912,0.024479678366333246,0.020026129437610507,0.5,0.375,0.236724225183328,0.23773664236068726,0.23155776411294937,0.5416666666666666,0.375,0.03186296485364437,0.0342711266130209,0.02433350821956992,0.5833333333333334,0.375,0.027619953888158005,0.02971341973170638,0.020976898027583957,0.5833333333333334,0.375,1.1560398141543071,1.1546024084091187,1.1633791029453278,0.5416666666666666,0.375
136,0.15724443520108858,0.17932616919279099,0.1301359422504902,0.625,0.2916666666666667,0.01736829165990154,0.020988880656659603,0.012223020545206964,0.625,0.3333333333333333,0.021947074060638744,0.022510345093905926,0.01498041138984263,0.5833333333333334,0.20833333333333334,0.017185566791643698,0.017525393282994628,0.013176734675653279,0.5416666666666666,0.20833333333333334,0.23245536784331003,0.23316001892089844,0.2273479625582695,0.625,0.20833333333333334,0.024050027520085376,0.02538420259952545,0.016871015541255474,0.625,0.20833333333333334,0.02078888037552436,0.021900427993386984,0.014472961309365928,0.625,0.20833333333333334,1.1621040503184001,1.1611033380031586,1.1693589091300964,0.625,0.20833333333333334
137,0.19283892711003622,0.23974522203207016,0.17475156113505363,1.0,0.375,0.02509926911443472,0.036323441192507744,0.02113196230493486,1.0,0.3333333333333333,0.03560645536830028,0.03978080488741398,0.029559508431702852,0.5833333333333334,0.375,0.02887402257571618,0.031169278547167778,0.025416509248316288,0.5833333333333334,0.375,0.24069377531607947,0.24442004784941673,0.23641804233193398,0.5833333333333334,0.375,0.03901047104348739,0.044273688457906246,0.03314707847312093,0.625,0.375,0.0340010371680061,0.03867869358509779,0.028736079577356577,0.625,0.375,1.150401492913564,1.1451085805892944,1.1564755141735077,0.5833333333333334,0.375
138,0.20517278586824736,0.2814745232462883,0.17466283589601517,0.8333333333333334,0.4166666666666667,0.0329795116558671,0.05156007409095764,0.02612805413082242,0.6666666666666666,0.4583333333333333,0.036927628641327225,0.05734998546540737,0.03352905809879303,0.9166666666666666,0.4583333333333333,0.0249628322198987,0.03627234976738691,0.023042926099151373,0.9166666666666666,0.4583333333333333,0.2312598079442978,0.24651703983545303,0.22888729721307755,0.9166666666666666,0.4583333333333333,0.041069927935798965,0.06301136314868927,0.03722379729151726,0.9166666666666666,0.4583333333333333,0.03540364559739828,0.055225903168320656,0.0320640851277858,0.9166666666666666,0.4583333333333333,1.1638013919194539,1.142128586769104,1.1671713590621948,0.9166666666666666,0.4583333333333333
139,0.1785417708257834,0.28846146166324615,0.1663628499954939,1.0,0.4166666666666667,0.02267218412210544,0.051777029410004616,0.020755451172590256,1.0,0.5,0.025515274610370398,0.05237242579460144,0.02245154627598822,1.0,0.4166666666666667,0.017422158891956013,0.031924288254231215,0.015645314590074122,1.0,0.375,0.23826278249422708,0.2579771503806114,0.23596156761050224,1.0,0.4166666666666667,0.028131728370984394,0.05592606123536825,0.024743578280322254,1.0,0.375,0.02443538528556625,0.04969088640064001,0.021462822915054858,1.0,0.375,1.1538549264272053,1.1258506774902344,1.1571236848831177,1.0,0.4166666666666667
140,0.20511886229117712,0.2616429999470711,0.18653378821909428,1.0,0.625,0.028590541953841846,0.04393978789448738,0.02527613320853561,1.0,0.5833333333333334,0.02856383689989646,0.03993154875934124,0.025486179045401514,1.0,0.625,0.020641941266755264,0.02713772002607584,0.019040991319343448,1.0,0.6666666666666666,0.24146712323029837,0.25002167001366615,0.23918811231851578,1.0,0.75,0.031000011290113132,0.043244604021310806,0.02790099522098899,1.0,0.75,0.026983348342279594,0.038035809993743896,0.02430812909733504,1.0,0.75,1.1493032574653625,1.1371519565582275,1.1525406241416931,1.0,0.75
141,0.21079285939534506,0.24123432114720345,0.19920336827635765,0.9583333333333334,0.4166666666666667,0.03333062150826057,0.03920489922165871,0.03121369844302535,0.8333333333333334,0.4166666666666667,0.04234431404620409,0.047693558037281036,0.04122497094795108,0.7083333333333334,0.5,0.030907897899548214,0.03393086697906256,0.030094353016465902,0.7083333333333334,0.4583333333333333,0.24823969105879465,0.2520655132830143,0.2466542311012745,0.75,0.4166666666666667,0.04412563362469276,0.049261665903031826,0.04272984340786934,0.7083333333333334,0.5,0.03875840331117312,0.04344128258526325,0.03745261998847127,0.7083333333333334,0.5,1.1396822929382324,1.1342458724975586,1.1419326961040497,0.75,0.4166666666666667
142,0.19949501752853394,0.23551033437252045,0.17257598973810673,0.8333333333333334,0.4166666666666667,0.027489081335564453,0.036067305132746696,0.021810728358104825,0.7916666666666666,0.375,0.031249665034313995,0.03800451196730137,0.022508867783471942,0.7083333333333334,0.4166666666666667,0.02457567738989989,0.02783002331852913,0.0192853519693017,0.7083333333333334,0.4166666666666667,0.2416683832804362,0.24675942584872246,0.23535915091633797,0.7083333333333334,0.4166666666666667,0.03334166078517834,0.040868036448955536,0.024675396736711264,0.7083333333333334,0.375,0.029111625005801518,0.035837690345942974,0.02139796211849898,0.7083333333333334,0.375,1.1490172346433003,1.1417855620384216,1.1579795181751251,0.7083333333333334,0.4166666666666667
143,0.1818175713221232,0.21561577916145325,0.1581303309649229,0.9583333333333334,0.375,0.020986756930748623,0.029024708084762096,0.01684522710274905,1.0,0.2916666666666667,0.021722336920599144,0.028588617220520973,0.01848633191548288,1.0,0.4166666666666667,0.019002830609679222,0.022763804998248816,0.017211488215252757,1.0,0.4166666666666667,0.2341321979959806,0.239228755235672,0.23159082233905792,0.9583333333333334,0.4166666666666667,0.02491725018868844,0.03256711736321449,0.021232353523373604,1.0,0.4166666666666667,0.021488076075911522,0.02826322801411152,0.018291565007530153,1.0,0.4166666666666667,1.1597226063410442,1.1524832844734192,1.163332462310791,0.9583333333333334,0.4166666666666667
144,0.14531874159971872,0.17520759627223015,0.12716525793075562,0.625,0.3333333333333333,0.01585151084388296,0.02095356211066246,0.013180857757106423,0.7083333333333334,0.375,0.021191307964424293,0.024353579618036747,0.018011519918218255,0.6666666666666666,0.4166666666666667,0.019869877491146326,0.021417345385998487,0.018282434437423944,0.625,0.4166666666666667,0.23533915728330612,0.23820607364177704,0.2330022193491459,0.6666666666666666,0.4166666666666667,0.02236962302898367,0.026837871875613928,0.01937364786863327,0.6666666666666666,0.4166666666666667,0.019358664595832426,0.023284316062927246,0.01672855159267783,0.6666666666666666,0.4166666666666667,1.158007542292277,1.1539356410503387,1.161327302455902,0.6666666666666666,0.4166666666666667
145,0.16954979921380678,0.218477301299572,0.15806351602077484,0.8333333333333334,0.4583333333333333,0.01999265654012561,0.029872989747673273,0.017510882928036153,0.7916666666666666,0.4583333333333333,0.026161364279687405,0.03378221672028303,0.022516027558594942,0.7916666666666666,0.4583333333333333,0.021399378776550293,0.025316450744867325,0.01939449110068381,0.7916666666666666,0.4583333333333333,0.23612149308125177,0.24178745970129967,0.2335868962109089,0.7916666666666666,0.4583333333333333,0.028678031948705513,0.03736499138176441,0.025045915506780148,0.8333333333333334,0.4583333333333333,0.024828304536640644,0.03255379851907492,0.02166037540882826,0.8333333333333334,0.4583333333333333,1.1568960944811504,1.1488483250141144,1.1604967415332794,0.7916666666666666,0.4583333333333333
146,0.18124678979317346,0.24917752668261528,0.14759366773068905,1.0,0.25,0.02227700858687361,0.03896500449627638,0.015227451745886356,1.0,0.25,0.029081742589672405,0.040732705034315586,0.01994093565735966,0.75,0.2916666666666667,0.021158817845086258,0.027014979626983404,0.015929475077427924,0.75,0.2916666666666667,0.2404088874657949,0.24962014704942703,0.2338588647544384,0.7916666666666666,0.2916666666666667,0.031166101495424908,0.04481295309960842,0.02189975487999618,0.7916666666666666,0.2916666666666667,0.027155520239224035,0.03942837193608284,0.018948276643641293,0.7916666666666666,0.2916666666666667,1.150805135567983,1.1377217769622803,1.1601098775863647,0.7916666666666666,0.2916666666666667
147,0.21528579046328863,0.21896958723664284,0.1723434403538704,0.4583333333333333,0.4166666666666667,0.030479759598771732,0.030393656808882952,0.02312583295861259,0.375,0.3333333333333333,0.03715607368697723,0.03725830465555191,0.02775540202856064,0.5416666666666666,0.3333333333333333,0.029294858686625957,0.029540388844907284,0.024302366422489285,0.5833333333333334,0.2916666666666667,0.24206768721342087,0.24259807541966438,0.235555250197649,0.5,0.3333333333333333,0.0395182678475976,0.040222334675490856,0.030102578457444906,0.5416666666666666,0.3333333333333333,0.034442274210353695,0.035069259349256754,0.02616616094019264,0.5416666666666666,0.3333333333333333,1.1484493414560955,1.1476965546607971,1.1577006876468658,0.5,0.3333333333333333
148,0.19287255654732385,0.23057077825069427,0.17841896787285805,1.0,0.4583333333333333,0.025609140905241173,0.036202408373355865,0.02415227424353361,1.0,0.4583333333333333,0.03073597637315591,0.03953937441110611,0.028639727272093296,0.9166666666666666,0.4166666666666667,0.019282657653093338,0.023793593049049377,0.01817327132448554,0.9166666666666666,0.4166666666666667,0.24347655475139618,0.2500971034169197,0.2419092319905758,0.9166666666666666,0.4166666666666667,0.03362904426952203,0.04287912882864475,0.031388526782393456,0.9166666666666666,0.4166666666666667,0.029357601888477802,0.037717901170253754,0.027359232306480408,0.9166666666666666,0.4166666666666667,1.1464492082595825,1.137044996023178,1.1486755907535553,0.9166666666666666,0.4166666666666667
149,0.1720360890030861,0.23997873067855835,0.15719947591423988,1.0,0.5416666666666666,0.023722505507369835,0.0414746617898345,0.020566277555190027,1.0,0.5416666666666666,0.0266217611109217,0.04315521568059921,0.023030960001051426,1.0,0.4166666666666667,0.017503407628585894,0.026298639830201864,0.015483585186302662,1.0,0.375,0.23971052964528403,0.25180136412382126,0.23710498213768005,1.0,0.4166666666666667,0.02818209088097016,0.044810607098042965,0.024585066363215446,1.0,0.5,0.02448488896091779,0.03951826598495245,0.021349999587982893,1.0,0.5,1.1517982880274455,1.134623497724533,1.1554994583129883,1.0,0.4166666666666667
150,0.14097781976064047,0.2023281455039978,0.12508836388587952,1.0,0.375,0.013862372996906439,0.026109744794666767,0.010827942634932697,1.0,0.4166666666666667,0.017414314206689596,0.028205818962305784,0.013857437181286514,0.9583333333333334,0.375,0.01637958036735654,0.022296694107353687,0.014477722579613328,0.9583333333333334,0.4166666666666667,0.2310570850968361,0.2390557900071144,0.22836028039455414,0.9583333333333334,0.375,0.01936458609998226,0.030948296654969454,0.01566814142279327,1.0,0.375,0.016657412362595398,0.02685111900791526,0.013431740691885352,1.0,0.375,1.16409037510554,1.152728646993637,1.167921096086502,0.9583333333333334,0.375
151,0.18751810242732367,0.22770659625530243,0.16115352138876915,0.875,0.2916666666666667,0.023001198035975296,0.03425166895613074,0.01820810546632856,0.9166666666666666,0.2916666666666667,0.03172694674382607,0.04200051911175251,0.025783028919249773,0.875,0.25,0.02569891543438037,0.03157150372862816,0.022368818521499634,0.875,0.2916666666666667,0.24174867570400238,0.2490682564675808,0.23729058355093002,0.875,0.25,0.0349546434978644,0.04572081472724676,0.028713103849440813,0.9166666666666666,0.25,0.030463020006815594,0.040184471756219864,0.02490626648068428,0.9166666666666666,0.25,1.1489035884539287,1.138506442308426,1.1552361845970154,0.875,0.25
152,0.22008950263261795,0.23645329475402832,0.18465013429522514,0.7083333333333334,0.2916666666666667,0.03246346116065979,0.03556485241279006,0.024217622121796012,0.6666666666666666,0.25,0.047350178162256874,0.04746578726917505,0.03474861127324402,0.5,0.25,0.03246506365636984,0.03210986731573939,0.025745364371687174,0.5,0.25,0.2503814523418744,0.25028805062174797,0.24171705543994904,0.4583333333333333,0.25,0.05054799777766069,0.05115599185228348,0.03775560250505805,0.5,0.25,0.04452956716219584,0.04505274351686239,0.0329841966740787,0.5,0.25,1.1366400122642517,1.136772245168686,1.1489473283290863,0.4583333333333333,0.25
153,0.20905495434999466,0.23338904604315758,0.16370852664113045,0.75,0.20833333333333334,0.030510261033972103,0.03445193264633417,0.02013137668836862,0.7916666666666666,0.20833333333333334,0.0399397574365139,0.040920570492744446,0.025830745697021484,0.5833333333333334,0.125,0.030581883775691193,0.030670493841171265,0.022522234357893467,0.5833333333333334,0.125,0.24726023276646933,0.24887176230549812,0.23761526122689247,0.625,0.125,0.04155888749907414,0.04403694998472929,0.027760420460253954,0.625,0.16666666666666666,0.03648271722098192,0.03869062103331089,0.024151316261850297,0.625,0.16666666666666666,1.1410731275876362,1.1387845873832703,1.1547741889953613,0.625,0.125
154,0.2779790610074997,0.2976495921611786,0.22691089287400246,0.6666666666666666,0.2916666666666667,0.053583583794534206,0.056872294284403324,0.03879193542525172,0.5416666666666666,0.25,0.06522005423903465,0.05911041144281626,0.04657712439075112,0.4166666666666667,0.2916666666666667,0.04284932743757963,0.03894073981791735,0.032444934360682964,0.4166666666666667,0.2916666666666667,0.2586870566010475,0.2566302940249443,0.24610787630081177,0.4583333333333333,0.2916666666666667,0.06356452219188213,0.0615280456840992,0.04600297147408128,0.4583333333333333,0.2916666666666667,0.05682921844224135,0.05468684807419777,0.04067631997168064,0.4166666666666667,0.2916666666666667,1.1248386700948079,1.1277617514133453,1.1427059769630432,0.4583333333333333,0.2916666666666667
155,0.16434785102804503,0.18958016857504845,0.13324836734682322,0.7083333333333334,0.25,0.018471642397344112,0.022759405430406332,0.013360579498112202,0.7083333333333334,0.25,0.03134869784116745,0.03326413407921791,0.022410239791497588,0.5416666666666666,0.2916666666666667,0.024895974124471348,0.025553506799042225,0.01975910598412156,0.5416666666666666,0.2916666666666667,0.23927997797727585,0.2412949614226818,0.23281514272093773,0.5833333333333334,0.2916666666666667,0.03353094216436148,0.036471037194132805,0.024478704668581486,0.5416666666666666,0.25,0.029171819798648357,0.03177754068747163,0.021167824510484934,0.5416666666666666,0.25,1.1524075865745544,1.149545967578888,1.1615920960903168,0.5833333333333334,0.2916666666666667
156,0.17311456178625426,0.21667205914855003,0.15160123072564602,0.875,0.375,0.019759044516831636,0.02786350715905428,0.014836159767583013,0.8333333333333334,0.375,0.024361312855035067,0.030403776559978724,0.018014663830399513,0.625,0.375,0.020204730952779453,0.02337749069556594,0.01691066287457943,0.625,0.375,0.2346393565336863,0.23923520743846893,0.230032067745924,0.625,0.375,0.026841894102593262,0.03418467892333865,0.020393047481775284,0.625,0.375,0.023239605749646824,0.029677838552743196,0.01753878640010953,0.625,0.375,1.1590018073717754,1.1524738073349,1.1655462682247162,0.625,0.375
157,0.1612207442522049,0.1961732655763626,0.14848190918564796,0.9166666666666666,0.4583333333333333,0.019346328141788643,0.02637298870831728,0.01693786052055657,0.9166666666666666,0.4166666666666667,0.02048336590329806,0.026240122504532337,0.019168902887031436,0.8333333333333334,0.4583333333333333,0.017720128254344065,0.020897393114864826,0.017045651329681277,0.8333333333333334,0.4583333333333333,0.2346305971344312,0.2389947697520256,0.23356914892792702,0.8333333333333334,0.4583333333333333,0.022816019443174202,0.029307414777576923,0.02126303082332015,0.875,0.4583333333333333,0.019709834984193247,0.02544057322666049,0.018368861405178905,0.875,0.4583333333333333,1.159014364083608,1.1528154015541077,1.1605221331119537,0.8333333333333334,0.4583333333333333
158,0.21820735931396484,0.2525137811899185,0.1874016895890236,0.875,0.3333333333333333,0.03171296324580908,0.04002641141414642,0.024126098142005503,0.875,0.3333333333333333,0.031088752051194508,0.03428754489868879,0.025264325784519315,0.7083333333333334,0.375,0.023648531486590702,0.025262941140681505,0.020579210249707103,0.6666666666666666,0.3333333333333333,0.23938915133476257,0.24182477220892906,0.23510105907917023,0.7083333333333334,0.375,0.034397161255280174,0.03843376785516739,0.02825103886425495,0.75,0.375,0.029878218347827595,0.03347440296784043,0.024453946389257908,0.75,0.375,1.152255078156789,1.1487955451011658,1.1583460569381714,0.7083333333333334,0.375
159,0.19491804639498392,0.2378317303955555,0.17460435070097446,0.9583333333333334,0.375,0.02584218451132377,0.03730309568345547,0.02176553988829255,1.0,0.375,0.03191194621225198,0.04171199444681406,0.027480441378429532,0.7916666666666666,0.375,0.020459288731217384,0.025580864865332842,0.018438753439113498,0.7916666666666666,0.375,0.24120544642210007,0.24811558797955513,0.23838653787970543,0.7916666666666666,0.375,0.03471620505054792,0.04415765404701233,0.029905446572229266,0.7916666666666666,0.375,0.030247938198347885,0.03876832593232393,0.025996404932811856,0.7916666666666666,0.375,1.1496744751930237,1.139858603477478,1.153678297996521,0.7916666666666666,0.375
160,0.2777123923103015,0.2879336401820183,0.249567661434412,0.5416666666666666,0.3333333333333333,0.06134129253526529,0.06567376386374235,0.05373632675036788,0.625,0.375,0.04150690510869026,0.04717451333999634,0.03791642375290394,0.6666666666666666,0.3333333333333333,0.03419098009665807,0.038118007592856884,0.03246670588850975,0.75,0.375,0.2448340281844139,0.2487584762275219,0.2417835369706154,0.6666666666666666,0.3333333333333333,0.045463199416796364,0.05100533179938793,0.0413716621696949,0.625,0.3333333333333333,0.03980037228514751,0.04481025133281946,0.0361226056702435,0.625,0.3333333333333333,1.144520342350006,1.1389457881450653,1.1488537192344666,0.6666666666666666,0.3333333333333333
161,0.20661546289920807,0.24707645922899246,0.1911186370998621,0.7916666666666666,0.625,0.03182112177213033,0.042845222633332014,0.03008713643066585,0.75,0.5416666666666666,0.033313993054131665,0.04130835318937898,0.03012313088402152,0.7916666666666666,0.4583333333333333,0.023811605758965015,0.027688525151461363,0.02183873252943158,0.75,0.4583333333333333,0.24175884823004404,0.24713623896241188,0.2390962466597557,0.75,0.5,0.036094412207603455,0.04489064263179898,0.03297615749761462,0.7916666666666666,0.5416666666666666,0.03145766413460175,0.039464598055928946,0.028762420872226357,0.7916666666666666,0.5416666666666666,1.1488888065020244,1.1412497758865356,1.1526711285114288,0.75,0.5
162,0.21941450238227844,0.2507307454943657,0.19507049582898617,0.7083333333333334,0.3333333333333333,0.03352225199341774,0.0416314285248518,0.02814549603499472,0.75,0.3333333333333333,0.04320306610316038,0.05478374846279621,0.037128621712327003,0.875,0.375,0.031097562983632088,0.036790029145777225,0.027513003908097744,0.7916666666666666,0.375,0.2456648920973142,0.2542036771774292,0.2414667196571827,0.875,0.375,0.046083313412964344,0.0584943238645792,0.0403116587549448,0.875,0.375,0.040420313676198326,0.05172654613852501,0.035206134896725416,0.875,0.375,1.1433401306470234,1.1312103271484375,1.149302899837494,0.875,0.375
163,0.18275814006725946,0.2272508591413498,0.16336975805461407,1.0,0.4166666666666667,0.022604244916389387,0.03454128000885248,0.01905706408433616,1.0,0.3333333333333333,0.030774071502188843,0.038604922126978636,0.02392938733100891,0.8333333333333334,0.25,0.023687058438857395,0.02741397125646472,0.019732279470190406,0.8333333333333334,0.20833333333333334,0.24004959563414255,0.24582069367170334,0.23521310091018677,0.8333333333333334,0.20833333333333334,0.03273021305600802,0.041074227541685104,0.026223201770335436,0.8333333333333334,0.20833333333333334,0.0284614401559035,0.03594587929546833,0.022700562374666333,0.8333333333333334,0.20833333333333334,1.1513165831565857,1.1431184709072113,1.1581867933273315,0.8333333333333334,0.20833333333333334
164,0.232481819887956,0.25409961119294167,0.21154073625802994,0.6666666666666666,0.375,0.03465774655342102,0.0385729530826211,0.03129007597453892,0.6666666666666666,0.4583333333333333,0.04324901786943277,0.04510851204395294,0.03786230040714145,0.5416666666666666,0.375,0.02593057882040739,0.027084962464869022,0.022995034931227565,0.5416666666666666,0.375,0.2517985850572586,0.25361037999391556,0.2482191137969494,0.5416666666666666,0.4166666666666667,0.04581379207472006,0.048993540927767754,0.04047106020152569,0.5416666666666666,0.4166666666666667,0.04053594575574001,0.0432996042072773,0.035634550265967846,0.5416666666666666,0.4166666666666667,1.1346267660458882,1.1320539712905884,1.1397117674350739,0.5416666666666666,0.4166666666666667
165,0.21302655339241028,0.2298271581530571,0.18561837263405323,0.625,0.3333333333333333,0.0316153010353446,0.03491711104288697,0.026393029023893178,0.5416666666666666,0.3333333333333333,0.035034695329765476,0.03764026379212737,0.026417871937155724,0.5833333333333334,0.3333333333333333,0.027489397053917248,0.02837268216535449,0.022208332316949964,0.5833333333333334,0.3333333333333333,0.24500022580226263,0.2469603531062603,0.2387700192630291,0.5833333333333334,0.3333333333333333,0.03728667957087358,0.040855720173567533,0.02883066632784903,0.5833333333333334,0.3333333333333333,0.032671785447746515,0.03584042750298977,0.025119355879724026,0.5833333333333334,0.3333333333333333,1.144284466902415,1.1415005922317505,1.1531345844268799,0.5833333333333334,0.3333333333333333
166,0.16429650783538818,0.23354730382561684,0.14503137953579426,1.0,0.4166666666666667,0.01819034122551481,0.03310020919889212,0.015116283786483109,1.0,0.4166666666666667,0.018785936292260885,0.03535286709666252,0.015754808904603124,1.0,0.25,0.016771275860567886,0.0257071522064507,0.015142886899411678,1.0,0.25,0.23157989233732224,0.24358751997351646,0.22932153195142746,1.0,0.20833333333333334,0.021591687730203073,0.03955049254000187,0.01816643204074353,1.0,0.25,0.01858837204053998,0.03450731188058853,0.01560310076456517,1.0,0.25,1.1633479595184326,1.146291732788086,1.166555792093277,1.0,0.20833333333333334
167,0.1782829686999321,0.20034140348434448,0.14601504988968372,0.6666666666666666,0.375,0.021692816788951557,0.0267566773109138,0.015871921903453767,0.7083333333333334,0.375,0.023506827652454376,0.02794789569452405,0.017564564011991024,0.625,0.3333333333333333,0.021497864586611588,0.024078122340142727,0.018219666555523872,0.6666666666666666,0.3333333333333333,0.23271442204713821,0.23604637756943703,0.22848042100667953,0.6666666666666666,0.3333333333333333,0.026360342589517433,0.031091269105672836,0.019963254686444998,0.6666666666666666,0.3333333333333333,0.022746045763293903,0.026895384769886732,0.0171345598064363,0.6666666666666666,0.3333333333333333,1.1617360711097717,1.1570031344890594,1.1677503287792206,0.6666666666666666,0.3333333333333333
168,0.13744034804403782,0.1774241216480732,0.14059742353856564,0.75,0.4166666666666667,0.014819086335288981,0.020457062404602766,0.014838994015008211,0.75,0.4583333333333333,0.024781637475825846,0.031156590208411217,0.023870641365647316,0.6666666666666666,0.4583333333333333,0.019557049342741568,0.022886095568537712,0.018911276245489717,0.6666666666666666,0.4583333333333333,0.23427155862251917,0.23989132791757584,0.2339637354016304,0.6666666666666666,0.4583333333333333,0.025518046303962667,0.033743676729500294,0.025491803884506226,0.6666666666666666,0.4583333333333333,0.02212646882981062,0.0293338131159544,0.022012217435985804,0.6666666666666666,0.4583333333333333,1.1595223347345989,1.1515415012836456,1.1599600911140442,0.6666666666666666,0.4583333333333333
169,0.28667445729176205,0.33170194923877716,0.2382354661822319,0.8333333333333334,0.3333333333333333,0.052841177210211754,0.06648187059909105,0.03887667553499341,0.7916666666666666,0.25,0.06569126372536023,0.08105356991291046,0.04561673849821091,0.75,0.20833333333333334,0.04501397224764029,0.05294211767613888,0.03406922519207001,0.75,0.20833333333333334,0.26482632259527844,0.27509381622076035,0.25092653557658195,0.75,0.20833333333333334,0.0689290997882684,0.08459047600626945,0.049184128642082214,0.75,0.16666666666666666,0.0619112936158975,0.07689125649631023,0.04350526863709092,0.75,0.16666666666666666,1.1161216696103413,1.101537138223648,1.1358665823936462,0.75,0.20833333333333334
170,0.24673241873582205,0.2983222231268883,0.23660126328468323,0.875,0.4166666666666667,0.03936662649114927,0.055375791154801846,0.037567360792309046,0.9166666666666666,0.4583333333333333,0.05699764130016168,0.07410753145813942,0.055402057245373726,0.875,0.4166666666666667,0.03734272625297308,0.045420458540320396,0.03619317151606083,0.875,0.4166666666666667,0.2469853162765503,0.2580682784318924,0.24538997933268547,0.875,0.4166666666666667,0.06281629018485546,0.08007408119738102,0.061230593360960484,0.875,0.4166666666666667,0.05513373824457327,0.07118204981088638,0.05363702028989792,0.875,0.4166666666666667,1.1414641340573628,1.1257209479808807,1.1437301933765411,0.875,0.4166666666666667
171,0.2110829179485639,0.22152402251958847,0.1819279007613659,0.75,0.5416666666666666,0.02788238786160946,0.0299617862328887,0.022813855088315904,0.6666666666666666,0.5,0.03586580045521259,0.03693392779678106,0.028736456530168653,0.5833333333333334,0.375,0.025582110819717247,0.02627096837386489,0.021906271809712052,0.5833333333333334,0.4166666666666667,0.24317958454291025,0.2448447234928608,0.2384893298149109,0.6666666666666666,0.5,0.03895265484849612,0.0403767921961844,0.03169992077164352,0.6666666666666666,0.5,0.03397387359291315,0.03535789670422673,0.02761772065423429,0.6666666666666666,0.5,1.1468701362609863,1.1445040106773376,1.1535324156284332,0.6666666666666666,0.5
172,0.2415570691227913,0.26995277404785156,0.22557144984602928,0.7916666666666666,0.5416666666666666,0.03976401345183452,0.046224803663790226,0.03753860993310809,0.7916666666666666,0.5833333333333334,0.0514014083892107,0.05649529863148928,0.04885587561875582,0.6666666666666666,0.5416666666666666,0.035279302236934505,0.03756748419255018,0.03360188705846667,0.6666666666666666,0.5416666666666666,0.25185626745224,0.2554662264883518,0.2498113214969635,0.6666666666666666,0.5416666666666666,0.05469501453141371,0.06053330656141043,0.05240207351744175,0.6666666666666666,0.5833333333333334,0.04826955248912176,0.05364211555570364,0.046226505655795336,0.6666666666666666,0.5833333333333334,1.1345454653104146,1.1294178068637848,1.1374504268169403,0.6666666666666666,0.5416666666666666
173,0.1808210238814354,0.1910235844552517,0.147630930878222,0.6666666666666666,0.375,0.020809223720182974,0.023293806239962578,0.015460280934348702,0.6666666666666666,0.375,0.02132759103551507,0.021420795936137438,0.014478110068012029,0.5416666666666666,0.3333333333333333,0.0154027808457613,0.015270593110471964,0.011643796693533659,0.5416666666666666,0.3333333333333333,0.23445183287064233,0.2348482571542263,0.22946444153785706,0.5416666666666666,0.3333333333333333,0.02290295623242855,0.02382690506055951,0.015889243339188397,0.5416666666666666,0.3333333333333333,0.019804952355722587,0.02060914714820683,0.013687679078429937,0.5416666666666666,0.3333333333333333,1.1592679222424824,1.158705234527588,1.166352391242981,0.5416666666666666,0.3333333333333333
174,0.11303080680469672,0.15570754185318947,0.09393260441720486,0.7083333333333334,0.3333333333333333,0.009698654951838156,0.01648967363871634,0.0067800408287439495,0.6666666666666666,0.3333333333333333,0.017347054090350866,0.0224447981454432,0.012448149500414729,0.625,0.4583333333333333,0.01652197927857439,0.018873258493840694,0.013745802221819758,0.625,0.4583333333333333,0.23124361286560693,0.23546435311436653,0.2277706153690815,0.625,0.4583333333333333,0.018309681676328182,0.024868289940059185,0.013512007892131805,0.625,0.4166666666666667,0.01581540280797829,0.021515418775379658,0.011620188248343766,0.625,0.4166666666666667,1.163824995358785,1.1578301191329956,1.1687584221363068,0.625,0.4583333333333333
175,0.19570566962162653,0.21405783668160439,0.1585774477571249,0.625,0.25,0.026218289509415627,0.030481650959700346,0.019562723115086555,0.625,0.3333333333333333,0.03571769533058008,0.03683783300220966,0.027088641189038754,0.5,0.25,0.02632811510314544,0.026329171378165483,0.021463226759806275,0.5,0.25,0.2441727469364802,0.24486522749066353,0.2379329614341259,0.5,0.25,0.03826217850049337,0.04023781884461641,0.029459574725478888,0.5,0.25,0.033473686004678406,0.03517055371776223,0.02557610464282334,0.5,0.25,1.1454598704973857,1.1444766223430634,1.154323399066925,0.5,0.25
176,0.17428394655386606,0.20298903062939644,0.1659274809062481,0.8333333333333334,0.4583333333333333,0.02126559102907777,0.02673108084127307,0.019358608522452414,0.75,0.4166666666666667,0.025468347283701103,0.028568392619490623,0.022724854527041316,0.625,0.4166666666666667,0.024123682640492916,0.025470593478530645,0.02304432587698102,0.625,0.4166666666666667,0.23294766495625177,0.23454800248146057,0.23091702163219452,0.5833333333333334,0.4166666666666667,0.028846154144654673,0.03232627734541893,0.025993803050369024,0.625,0.4166666666666667,0.024886878517766792,0.02789680613204837,0.022401386639103293,0.625,0.4166666666666667,1.1614049275716145,1.1591317057609558,1.1642893850803375,0.5833333333333334,0.4166666666666667
177,0.21503130346536636,0.2541872300207615,0.2061627320945263,1.0,0.5,0.03229823398093382,0.04428827203810215,0.03175396448932588,1.0,0.625,0.04271714699765047,0.054356953129172325,0.04113567527383566,0.9583333333333334,0.5,0.027593585352102917,0.0341929430142045,0.02652868186123669,0.9583333333333334,0.5,0.2481561377644539,0.2561771050095558,0.24695215746760368,0.9583333333333334,0.5,0.04532430352022251,0.05611786711961031,0.04393649194389582,0.9583333333333334,0.5,0.03986812413980564,0.04973833914846182,0.038669591303914785,0.9583333333333334,0.5,1.1398012240727742,1.1284071505069733,1.1415114998817444,0.9583333333333334,0.5
178,0.17015921076138815,0.20504330471158028,0.160063698887825,0.8333333333333334,0.5833333333333334,0.019600491660336655,0.028423776850104332,0.020417667692527175,0.8333333333333334,0.5833333333333334,0.02596368392308553,0.03211051877588034,0.023254210595041513,0.75,0.4583333333333333,0.02120566616455714,0.024233175441622734,0.019529496319592,0.75,0.4583333333333333,0.2386119266351064,0.24329476058483124,0.23665053397417068,0.75,0.4583333333333333,0.027616671286523342,0.03496930189430714,0.024886764585971832,0.75,0.4583333333333333,0.023976408876478672,0.030530421063303947,0.021616938523948193,0.75,0.4583333333333333,1.153358817100525,1.1467073559761047,1.156145066022873,0.75,0.4583333333333333
179,0.19055704027414322,0.23786375299096107,0.1761877629905939,1.0,0.375,0.02533212366203467,0.03669305332005024,0.024301475379616022,0.9166666666666666,0.4583333333333333,0.031088109128177166,0.038853674195706844,0.02845421526581049,0.75,0.4166666666666667,0.022835200962920982,0.027229072526097298,0.021345363464206457,0.75,0.4166666666666667,0.24307908614476523,0.24918365105986595,0.24114662036299706,0.75,0.4166666666666667,0.032848263469835125,0.042125992476940155,0.030393899884074926,0.7916666666666666,0.4166666666666667,0.02869398333132267,0.0370228448882699,0.026455546729266644,0.7916666666666666,0.4166666666666667,1.1470134456952412,1.1383424699306488,1.1497584879398346,0.75,0.4166666666666667
180,0.19351598620414734,0.22929642349481583,0.17759187705814838,0.9166666666666666,0.375,0.02506650409971674,0.032888785004615784,0.021620784420520067,0.9166666666666666,0.375,0.028681601708134014,0.03450879640877247,0.023571821860969067,0.7083333333333334,0.4166666666666667,0.021826239147533972,0.024686236400157213,0.018874582601711154,0.7083333333333334,0.375,0.2381243109703064,0.24284610152244568,0.23465071991086006,0.7083333333333334,0.4166666666666667,0.031097281413773697,0.03763504885137081,0.026227344991639256,0.7083333333333334,0.4166666666666667,0.02701190983255704,0.03282571071758866,0.022688400465995073,0.7083333333333334,0.4166666666666667,1.154051383336385,1.1473446488380432,1.158985823392868,0.7083333333333334,0.4166666666666667
181,0.13327986126144728,0.1840050332248211,0.1251299660652876,0.9166666666666666,0.4583333333333333,0.012589678401127458,0.02127090166322887,0.01108143909368664,0.9166666666666666,0.4583333333333333,0.022822867302844923,0.029493193607777357,0.019910222850739956,0.7083333333333334,0.4583333333333333,0.022303802892565727,0.025835057254880667,0.020542810671031475,0.7083333333333334,0.4583333333333333,0.22882459809382757,0.23413588106632233,0.22669323161244392,0.7916666666666666,0.4583333333333333,0.024722371560831864,0.03327148128300905,0.022156389895826578,0.875,0.4583333333333333,0.02122589759528637,0.02871289663016796,0.018962913192808628,0.875,0.4583333333333333,1.1672609051068623,1.1597169637680054,1.170288622379303,0.7916666666666666,0.4583333333333333
182,0.1536263252298037,0.21371203288435936,0.14910553768277168,1.0,0.5416666666666666,0.018185861641541123,0.033364804927259684,0.018536658491939306,1.0,0.5416666666666666,0.02289521849403779,0.026942663360387087,0.01865890366025269,0.625,0.4583333333333333,0.021644919645041227,0.02394406870007515,0.019201123621314764,0.625,0.4583333333333333,0.23057289173205694,0.23409853503108025,0.2277051880955696,0.625,0.4583333333333333,0.02392720648398002,0.029590962920337915,0.020388411357998848,0.625,0.4583333333333333,0.020620615299170215,0.02553649852052331,0.0174854074139148,0.625,0.4583333333333333,1.1647774577140808,1.1597698330879211,1.1688512861728668,0.625,0.4583333333333333
183,0.13114591812094054,0.1770911142230034,0.11400054953992367,1.0,0.375,0.01297068347533544,0.02186027029529214,0.009455907391384244,0.9583333333333334,0.3333333333333333,0.02136992880453666,0.03108344692736864,0.015406682388857007,0.8333333333333334,0.2916666666666667,0.015286661374072233,0.020089293364435434,0.012017501052469015,0.8333333333333334,0.2916666666666667,0.23341946552197138,0.2406228892505169,0.22929412499070168,0.8333333333333334,0.2916666666666667,0.022703739814460278,0.033513191156089306,0.016913114581257105,0.875,0.2916666666666667,0.019606821083774168,0.029134533368051052,0.014518338721245527,0.875,0.2916666666666667,1.1607341567675273,1.1505015194416046,1.1665944457054138,0.8333333333333334,0.2916666666666667
184,0.19204733024040857,0.22431176900863647,0.1663503721356392,0.8333333333333334,0.5,0.026039349536101025,0.032822384499013424,0.020714340964332223,0.7083333333333334,0.4166666666666667,0.02840836811810732,0.033253355883061886,0.023093504598364234,0.6666666666666666,0.4166666666666667,0.02389492963751157,0.02651005983352661,0.020839590346440673,0.6666666666666666,0.4166666666666667,0.23713349550962448,0.24165920540690422,0.2338634803891182,0.75,0.4166666666666667,0.031447771626214184,0.0365589102730155,0.02573724719695747,0.6666666666666666,0.4166666666666667,0.02723122388124466,0.03185734525322914,0.02227831818163395,0.6666666666666666,0.4166666666666667,1.1554588675498962,1.149029940366745,1.1601033806800842,0.75,0.4166666666666667
185,0.19116239746411642,0.22944428026676178,0.1786520704627037,1.0,0.4583333333333333,0.02643032589306434,0.0356201222166419,0.02475199638865888,0.9166666666666666,0.4166666666666667,0.029078342641393345,0.03287111781537533,0.0272452300414443,0.6666666666666666,0.4166666666666667,0.02256362543751796,0.024114787578582764,0.02158150915056467,0.6666666666666666,0.4166666666666667,0.23983709265788397,0.2428731583058834,0.23829111456871033,0.6666666666666666,0.4166666666666667,0.030797896285851795,0.035367739386856556,0.028660794254392385,0.6666666666666666,0.4166666666666667,0.026800046985348065,0.030837141443043947,0.02495096600614488,0.6666666666666666,0.4166666666666667,1.1516182820002239,1.1473060548305511,1.1538143754005432,0.6666666666666666,0.4166666666666667
186,0.14986556147535643,0.2106470912694931,0.1317980345338583,1.0,0.3333333333333333,0.016294901724904776,0.02871200069785118,0.012608026387169957,1.0,0.2916666666666667,0.01618837231459717,0.02775668166577816,0.012970051495358348,1.0,0.2916666666666667,0.015295188563565413,0.021486565936356783,0.013615327654406428,1.0,0.2916666666666667,0.23128819217284521,0.24018606171011925,0.2288411520421505,1.0,0.2916666666666667,0.018435089305664103,0.03138942550867796,0.014862842159345746,1.0,0.2916666666666667,0.01586646439197163,0.027271099854260683,0.012755137518979609,1.0,0.2916666666666667,1.1637623111406963,1.151123285293579,1.1672381460666656,1.0,0.2916666666666667
187,0.14839769278963408,0.21334552019834518,0.12789647467434406,1.0,0.3333333333333333,0.014197762201850614,0.0264589530415833,0.010512332199141383,1.0,0.2916666666666667,0.017036174113551777,0.028043366502970457,0.012215729570016265,0.9166666666666666,0.2916666666666667,0.012486240826547146,0.01845279149711132,0.009856327320449054,0.9166666666666666,0.3333333333333333,0.23322877287864685,0.2417021542787552,0.22963940352201462,0.9166666666666666,0.2916666666666667,0.018873349763453007,0.031296439934521914,0.013805007911287248,1.0,0.2916666666666667,0.01628455286845565,0.02724463539198041,0.011868612258695066,0.9583333333333334,0.2916666666666667,1.1610056559244792,1.1489698886871338,1.1661043167114258,0.9166666666666666,0.2916666666666667
188,0.18032133082548776,0.2086317092180252,0.16134574264287949,0.8333333333333334,0.4166666666666667,0.02204544733588894,0.027451504487544298,0.018542761215940118,0.7916666666666666,0.375,0.026573761211087305,0.028027173597365618,0.020671994658187032,0.5,0.3333333333333333,0.019350149513532717,0.019956325413659215,0.016011883737519383,0.5,0.3333333333333333,0.23760446657737097,0.23899896442890167,0.23341047763824463,0.5416666666666666,0.3333333333333333,0.028920634649693966,0.031010303646326065,0.02303656213916838,0.5416666666666666,0.3333333333333333,0.025089676181475323,0.026926604099571705,0.0199030073126778,0.5416666666666666,0.3333333333333333,1.1547895471254985,1.1528088450431824,1.1607472002506256,0.5416666666666666,0.3333333333333333
189,0.18943069130182266,0.2200452759861946,0.17455544136464596,0.75,0.4166666666666667,0.024781583808362484,0.03169891983270645,0.020886375568807125,0.7916666666666666,0.2916666666666667,0.026183576012651127,0.03287838073447347,0.02256148075684905,0.625,0.4166666666666667,0.0219978050639232,0.025702863465994596,0.019681452307850122,0.625,0.375,0.23819341510534286,0.24310584366321564,0.23575913533568382,0.625,0.4166666666666667,0.02761088249584039,0.03479745052754879,0.02452731179073453,0.625,0.4166666666666667,0.023981028857330482,0.030370480846613646,0.021225319942459464,0.625,0.4166666666666667,1.1539532740910847,1.146975189447403,1.1574113070964813,0.625,0.4166666666666667
190,0.175782460719347,0.24722018465399742,0.15442229993641376,0.9583333333333334,0.3333333333333333,0.019125713345905144,0.034369838424026966,0.01470762467943132,0.9583333333333334,0.3333333333333333,0.023429099936038256,0.03732387535274029,0.0181862807366997,0.9166666666666666,0.3333333333333333,0.017341195916136105,0.024488775059580803,0.014444643864408135,0.875,0.3333333333333333,0.23436977714300156,0.2445417419075966,0.23039402067661285,0.9166666666666666,0.3333333333333333,0.02650754728044073,0.04223853815346956,0.020881316857412457,0.9583333333333334,0.375,0.022930925246328115,0.03690141160041094,0.017949801869690418,0.9583333333333334,0.375,1.159385045369466,1.1449363231658936,1.1650324165821075,0.9166666666666666,0.3333333333333333
191,0.23506450901428858,0.24619457498192787,0.19773202389478683,0.5833333333333334,0.25,0.04182375284532706,0.04444216005504131,0.031769825145602226,0.5833333333333334,0.20833333333333334,0.051881990395486355,0.05384080111980438,0.038007558323442936,0.5416666666666666,0.20833333333333334,0.034290799871087074,0.03490715613588691,0.026286603417247534,0.5416666666666666,0.25,0.2568357785542806,0.25848833844065666,0.24698343500494957,0.5416666666666666,0.20833333333333334,0.05265467551847299,0.05494705680757761,0.03873706376180053,0.5416666666666666,0.20833333333333334,0.0468563549220562,0.04895663633942604,0.03406482096761465,0.5416666666666666,0.20833333333333334,1.1274702151616414,1.1251229047775269,1.141465187072754,0.5416666666666666,0.20833333333333334
192,0.14506969104210535,0.18620922788977623,0.11926145479083061,0.9583333333333334,0.3333333333333333,0.014707018621265888,0.024422073736786842,0.010725800937507302,0.9583333333333334,0.25,0.02219654464473327,0.030853065196424723,0.01694138627499342,0.9166666666666666,0.20833333333333334,0.01834836571166913,0.023233357351273298,0.015548958908766508,0.9166666666666666,0.25,0.23054206868012747,0.23670945316553116,0.22670629620552063,0.9166666666666666,0.20833333333333334,0.02461462157468001,0.033316618762910366,0.019201474264264107,0.9166666666666666,0.20833333333333334,0.021139641913274925,0.02883391035720706,0.016430435702204704,0.9166666666666666,0.20833333333333334,1.164821743965149,1.156061053276062,1.170270323753357,0.9166666666666666,0.20833333333333334
193,0.184775672852993,0.21209853142499924,0.17361735180020332,0.875,0.4583333333333333,0.02146240385870139,0.026594107039272785,0.019772360217757523,0.875,0.5,0.030980249401181936,0.036563772708177567,0.028853513300418854,0.625,0.5,0.022842724962780874,0.025608292315155268,0.02169927372597158,0.625,0.5416666666666666,0.24107862760623297,0.24567144364118576,0.2391352578997612,0.6666666666666666,0.4583333333333333,0.03402309368054072,0.04059519525617361,0.03137053968384862,0.6666666666666666,0.4583333333333333,0.029639693442732096,0.03553782124072313,0.027342336950823665,0.6666666666666666,0.4583333333333333,1.1498545408248901,1.1433313190937042,1.1526156961917877,0.6666666666666666,0.4583333333333333
194,0.1608338231841723,0.19902564957737923,0.15764055773615837,0.7916666666666666,0.6666666666666666,0.01897751974562804,0.027826420031487942,0.018892862950451672,0.8333333333333334,0.75,0.02305754677702983,0.03240042133256793,0.0227058632299304,0.875,0.5,0.019006261602044106,0.024096693377941847,0.018630157224833965,0.875,0.5,0.23611457894245783,0.24323423579335213,0.23606082424521446,0.875,0.5833333333333334,0.024389907872925203,0.03471816284582019,0.024649063008837402,0.8333333333333334,0.5833333333333334,0.021117215510457754,0.030296531040221453,0.02138300589285791,0.8333333333333334,0.5833333333333334,1.1569061676661174,1.1467931866645813,1.156982809305191,0.875,0.5833333333333334
195,0.18229184548060098,0.2288569174706936,0.17730959318578243,1.0,0.5833333333333334,0.022489302636434633,0.03444858826696873,0.02176748705096543,1.0,0.625,0.03037940679738919,0.03895695973187685,0.02828072663396597,0.9583333333333334,0.5,0.02087420846025149,0.025722068268805742,0.019731811247766018,0.9583333333333334,0.5,0.23983105272054672,0.24642030149698257,0.2384459525346756,0.9583333333333334,0.5,0.033323721028864384,0.04268521070480347,0.03143736533820629,0.9583333333333334,0.625,0.028957028562823933,0.03737405501306057,0.02731199748814106,0.9583333333333334,0.625,1.1516273419062297,1.1422675549983978,1.1535949110984802,0.9583333333333334,0.5
196,0.17928448567787805,0.17621571943163872,0.1420295052230358,0.4166666666666667,0.16666666666666666,0.023052780112872522,0.020258857868611813,0.015340728219598532,0.4166666666666667,0.20833333333333334,0.028493707689146202,0.023347495589405298,0.01827281597070396,0.25,0.20833333333333334,0.02448396881421407,0.02154203411191702,0.01867675594985485,0.25,0.20833333333333334,0.23908191919326782,0.23565400019288063,0.2315673790872097,0.25,0.20833333333333334,0.029851439719398815,0.025260630529373884,0.01965201343409717,0.2916666666666667,0.16666666666666666,0.02596809125194947,0.021839807741343975,0.016937576700001955,0.2916666666666667,0.16666666666666666,1.1526910265286763,1.157560557126999,1.1633653044700623,0.25,0.20833333333333334
197,0.18047500650087991,0.2195151150226593,0.16938996501266956,0.875,0.375,0.02376646300156911,0.03305854415521026,0.021324448520317674,0.875,0.3333333333333333,0.03119996376335621,0.039632756263017654,0.02763492427766323,0.875,0.3333333333333333,0.02410320316751798,0.02800015639513731,0.022245535161346197,0.875,0.3333333333333333,0.23203915854295096,0.23761676996946335,0.2297799177467823,0.875,0.3333333333333333,0.034992109363277756,0.044322291389107704,0.0312764523550868,0.875,0.3333333333333333,0.030113006321092445,0.03839871007949114,0.02685372717678547,0.875,0.3333333333333333,1.1626947522163391,1.1547721922397614,1.1659040749073029,0.875,0.3333333333333333
198,0.16965323189894357,0.21041251718997955,0.1656006406992674,1.0,0.5416666666666666,0.019523796470214922,0.02589795971289277,0.01812354673165828,1.0,0.4166666666666667,0.01878927539413174,0.023537635803222656,0.016960009932518005,0.875,0.375,0.012061322340741754,0.01468393811956048,0.011109446873888373,0.875,0.375,0.23459374904632568,0.23838359862565994,0.23323669284582138,0.875,0.375,0.02122734432729582,0.026871075853705406,0.01924757892265916,0.875,0.375,0.018346096854656935,0.023296141531318426,0.016612387844361365,0.875,0.375,1.1590669751167297,1.1536839008331299,1.1609946489334106,0.875,0.375
199,0.20476327215631804,0.24670467153191566,0.19462432526051998,0.7916666666666666,0.5,0.03206684145455559,0.04542689584195614,0.031543693505227566,0.8333333333333334,0.5833333333333334,0.029774186822275322,0.04145932197570801,0.031513184076175094,0.875,0.7083333333333334,0.024526102157930534,0.03125386033207178,0.025383247761055827,0.875,0.7083333333333334,0.24010703464349112,0.24806156381964684,0.24109401181340218,0.8333333333333334,0.7083333333333334,0.031977927001814045,0.04217695910483599,0.03251378214918077,0.7916666666666666,0.7083333333333334,0.027812336571514606,0.037036153487861156,0.02836986631155014,0.7916666666666666,0.7083333333333334,1.1512351830800374,1.139935314655304,1.1498327553272247,0.8333333333333334,0.7083333333333334
200,0.11538663196067016,0.15091490745544434,0.11425136029720306,0.9583333333333334,0.5416666666666666,0.009534907255632183,0.015418655937537551,0.009451085585169494,1.0,0.5,0.0174395729166766,0.02284380653873086,0.016487153712660074,0.8333333333333334,0.4583333333333333,0.01726305189852913,0.020318363793194294,0.016881131567060947,0.8333333333333334,0.4583333333333333,0.22904923061529794,0.2329869046807289,0.22828085720539093,0.7916666666666666,0.4583333333333333,0.0197387399772803,0.02566322684288025,0.01886543072760105,0.8333333333333334,0.5,0.01693681503335635,0.022108592092990875,0.016179670579731464,0.8333333333333334,0.5,1.1669424374898274,1.1613492369651794,1.1680339872837067,0.7916666666666666,0.4583333333333333
201,0.2005149945616722,0.21655769273638725,0.18574994429945946,0.7083333333333334,0.3333333333333333,0.02744429900000493,0.030696798115968704,0.02466650609858334,0.6666666666666666,0.3333333333333333,0.03177628138413032,0.031521295197308064,0.027322221780195832,0.4583333333333333,0.3333333333333333,0.02384533251946171,0.023985637817531824,0.02188332285732031,0.4583333333333333,0.3333333333333333,0.24263300001621246,0.2425338290631771,0.2394334189593792,0.4583333333333333,0.3333333333333333,0.034540736116468906,0.03453543223440647,0.02977250562980771,0.4583333333333333,0.375,0.030140521625677746,0.030111380387097597,0.025895151076838374,0.4583333333333333,0.375,1.1476473410924275,1.147788166999817,1.1521921753883362,0.4583333333333333,0.3333333333333333
202,0.20418275892734528,0.2468588873744011,0.18382739089429379,0.9166666666666666,0.4583333333333333,0.030386793427169323,0.04088755138218403,0.025149848079308867,0.9166666666666666,0.375,0.029867665842175484,0.040214852429926395,0.025540621019899845,0.9166666666666666,0.4583333333333333,0.020535169479747612,0.025806688703596592,0.01809141645208001,0.875,0.4583333333333333,0.2420640562971433,0.24954744800925255,0.2389502264559269,0.9166666666666666,0.4583333333333333,0.03248372177282969,0.04291801527142525,0.028025484876707196,0.9166666666666666,0.4583333333333333,0.02830789362390836,0.0377438236027956,0.02442403812892735,0.9166666666666666,0.4583333333333333,1.1484554211298625,1.1378250122070312,1.1528783738613129,0.9166666666666666,0.4583333333333333
203,0.2773566395044327,0.30718933790922165,0.2125304862856865,0.6666666666666666,0.20833333333333334,0.0524957999587059,0.06056814640760422,0.034796044463291764,0.7083333333333334,0.20833333333333334,0.06033237278461456,0.06408726796507835,0.0423548873513937,0.6666666666666666,0.08333333333333333,0.0423856849471728,0.04398530814796686,0.03294447949156165,0.6666666666666666,0.125,0.2562733193238576,0.2592243179678917,0.24433129653334618,0.6666666666666666,0.16666666666666666,0.06456482162078221,0.06892753578722477,0.04611865943297744,0.6666666666666666,0.08333333333333333,0.0573143046349287,0.06134347524493933,0.04040662990882993,0.6666666666666666,0.08333333333333333,1.1282696922620137,1.1240785419940948,1.14523446559906,0.6666666666666666,0.16666666666666666
204,0.1673401097456614,0.19451338052749634,0.13991715759038925,0.7916666666666666,0.4166666666666667,0.019618041813373566,0.02554946579039097,0.014397488033864647,0.7916666666666666,0.4166666666666667,0.02630067088951667,0.02740865107625723,0.018180334707722068,0.5416666666666666,0.375,0.020391870910922687,0.020936262793838978,0.015904164174571633,0.5416666666666666,0.375,0.2393758644660314,0.24049952998757362,0.23361602798104286,0.5416666666666666,0.375,0.027333776466548443,0.029534863773733377,0.019578311359509826,0.5416666666666666,0.375,0.023799565931161244,0.025698554702103138,0.016933598672039807,0.5416666666666666,0.375,1.1522735953330994,1.150677740573883,1.1604554653167725,0.5416666666666666,0.375
205,0.16227459410826364,0.17679154127836227,0.15928323939442635,0.6666666666666666,0.5416666666666666,0.01678187889046967,0.01844196207821369,0.017052709823474288,0.625,0.5833333333333334,0.020230104215443134,0.020354202017188072,0.018113912781700492,0.5,0.5,0.017886278840402763,0.017821614164859056,0.01683886698447168,0.4583333333333333,0.5833333333333334,0.23336528986692429,0.23346418142318726,0.23175159096717834,0.5,0.5,0.022915353998541832,0.023338779341429472,0.020591628504917026,0.5,0.5,0.019761480235805113,0.02011261787265539,0.017743832780979574,0.5,0.5,1.1608119209607441,1.1606715321540833,1.1631040275096893,0.5,0.5
206,0.17864902565876642,0.23796697705984116,0.15364615060389042,1.0,0.3333333333333333,0.02580556149284045,0.039752698969095945,0.018879781011492014,0.9166666666666666,0.3333333333333333,0.028309176365534466,0.04595061391592026,0.021165537647902966,0.9583333333333334,0.2916666666666667,0.021560548804700375,0.03080503549426794,0.01760235824622214,0.9583333333333334,0.3333333333333333,0.2394723321000735,0.2519500330090523,0.2343635894358158,1.0,0.2916666666666667,0.029686450647811096,0.046729885041713715,0.022612431086599827,1.0,0.2916666666666667,0.0258112878849109,0.041217402555048466,0.019581168424338102,1.0,0.2916666666666667,1.1521361668904622,1.134411484003067,1.1593928933143616,1.0,0.2916666666666667
207,0.2680937697490056,0.2649506889283657,0.22712553665041924,0.4583333333333333,0.2916666666666667,0.04713573741416136,0.045335412956774235,0.03552333498373628,0.375,0.25,0.05974756802121798,0.049987344071269035,0.044228470884263515,0.25,0.20833333333333334,0.03964414447546005,0.03434971859678626,0.03124348958954215,0.2916666666666667,0.2916666666666667,0.2592155983050664,0.2529776506125927,0.24880194291472435,0.2916666666666667,0.25,0.06224308783809344,0.0535159595310688,0.047609927132725716,0.2916666666666667,0.2916666666666667,0.055513126154740654,0.047300562262535095,0.041954610496759415,0.2916666666666667,0.2916666666666667,1.1240912477175395,1.132951557636261,1.1388842165470123,0.2916666666666667,0.25
208,0.19718332588672638,0.23988015949726105,0.20459995791316032,1.0,0.5833333333333334,0.027783300417164963,0.03631687816232443,0.030185870360583067,1.0,0.6666666666666666,0.03326011231789986,0.03947228845208883,0.033819176722317934,0.7916666666666666,0.5416666666666666,0.0268901480982701,0.03011196805164218,0.027400160674005747,0.7916666666666666,0.5833333333333334,0.243631678322951,0.24840227514505386,0.2440132200717926,0.8333333333333334,0.5416666666666666,0.035682126258810364,0.042925285175442696,0.03622785024344921,0.8333333333333334,0.5416666666666666,0.03116621853162845,0.03768431581556797,0.03165006544440985,0.8333333333333334,0.5416666666666666,1.1462285717328389,1.1394522190093994,1.1456866264343262,0.8333333333333334,0.5416666666666666
209,0.1392376683652401,0.20724686980247498,0.13657541759312153,1.0,0.4583333333333333,0.014342836880435547,0.02921424014493823,0.013701423769816756,1.0,0.5416666666666666,0.01363927343239387,0.02357802214100957,0.011551728821359575,0.9166666666666666,0.4583333333333333,0.016241930269946653,0.02204624656587839,0.015431772917509079,0.9583333333333334,0.4583333333333333,0.22949417928854624,0.2370387762784958,0.22787536308169365,0.9166666666666666,0.4583333333333333,0.015449432966609796,0.026433066464960575,0.013197197578847408,0.9166666666666666,0.4583333333333333,0.013285572989843786,0.022884325124323368,0.011310081696137786,0.9166666666666666,0.4583333333333333,1.1663105686505635,1.1555939316749573,1.1686099767684937,0.9166666666666666,0.4583333333333333
210,0.21465370804071426,0.24220490083098412,0.19169934652745724,0.7083333333333334,0.375,0.029196303337812424,0.035150027833878994,0.024474517907947302,0.7083333333333334,0.375,0.03089847384641568,0.035981235560029745,0.023635404417291284,0.625,0.3333333333333333,0.021838366364439327,0.024210909847170115,0.017769614467397332,0.625,0.3333333333333333,0.24334162970383963,0.24741649255156517,0.2380164973437786,0.625,0.3333333333333333,0.0337637416087091,0.03984093200415373,0.02630836982280016,0.6666666666666666,0.3333333333333333,0.029538877463589113,0.03496249159798026,0.022888734587468207,0.6666666666666666,0.3333333333333333,1.1466408967971802,1.1408530175685883,1.154205083847046,0.625,0.3333333333333333
211,0.14637336259086928,0.18703532591462135,0.13947352021932602,1.0,0.625,0.01384629332460463,0.021756451576948166,0.013060275465250015,1.0,0.5833333333333334,0.019624508917331696,0.026401436887681484,0.017235075822100043,0.9166666666666666,0.375,0.02125010546296835,0.024893696419894695,0.02010029973462224,0.9166666666666666,0.4166666666666667,0.2305703858534495,0.23513194918632507,0.22897960618138313,0.9166666666666666,0.375,0.022292949104060728,0.029879096429795027,0.019823975046165287,0.9583333333333334,0.375,0.019158927723765373,0.025797865819185972,0.017024719272740185,0.9583333333333334,0.375,1.1647818088531494,1.1583024263381958,1.1670414507389069,0.9166666666666666,0.375
212,0.20583410809437433,0.21136759594082832,0.17192446999251842,0.5833333333333334,0.2916666666666667,0.02805918361991644,0.028138828463852406,0.021124672726728022,0.5416666666666666,0.2916666666666667,0.03159483460088571,0.030573767609894276,0.024297728668898344,0.4166666666666667,0.3333333333333333,0.02472687667856614,0.023975728545337915,0.02062280965037644,0.4166666666666667,0.3333333333333333,0.2410569190979004,0.24045149981975555,0.23548484221100807,0.4166666666666667,0.3333333333333333,0.03466619333873192,0.03399470681324601,0.0267926505766809,0.4166666666666667,0.3333333333333333,0.030181968895097572,0.02954984037205577,0.02325147483497858,0.4166666666666667,0.3333333333333333,1.149886131286621,1.1507459878921509,1.1578009724617004,0.4166666666666667,0.3333333333333333
213,0.17397724092006683,0.24659140408039093,0.1650321278721094,1.0,0.375,0.021391920745372772,0.03876026067882776,0.019579035695642233,1.0,0.375,0.029994964599609375,0.04701094049960375,0.028161137830466032,1.0,0.4166666666666667,0.02282414243867,0.03141519706696272,0.021992252208292484,1.0,0.4166666666666667,0.233976016441981,0.24606049433350563,0.23258109763264656,1.0,0.4166666666666667,0.033706131080786385,0.05198986828327179,0.03193079214543104,1.0,0.4166666666666667,0.02909315625826518,0.0455021932721138,0.02749741869047284,1.0,0.4166666666666667,1.159943958123525,1.1427783370018005,1.161925584077835,1.0,0.4166666666666667
214,0.17021608601013818,0.19130953028798103,0.14771484583616257,0.7916666666666666,0.4166666666666667,0.023352311613659065,0.027721972670406103,0.018203674990218133,0.75,0.375,0.025332643650472164,0.02755036437883973,0.018399547669105232,0.5833333333333334,0.3333333333333333,0.02317655986795823,0.024139150977134705,0.01906893542036414,0.5416666666666666,0.3333333333333333,0.235152930021286,0.2368605174124241,0.23017338290810585,0.5833333333333334,0.3333333333333333,0.02691904300202926,0.029779496137052774,0.019828895921818912,0.5833333333333334,0.3333333333333333,0.02327143649260203,0.02579592727124691,0.017068550689145923,0.5833333333333334,0.3333333333333333,1.1582720081011455,1.155846655368805,1.1653453409671783,0.5833333333333334,0.3333333333333333
215,0.16890859603881836,0.20288853719830513,0.16139907389879227,0.875,0.4583333333333333,0.021274113561958075,0.0286401747725904,0.020368271274492145,0.8333333333333334,0.4166666666666667,0.02418034492681424,0.03103569056838751,0.018625374417752028,0.625,0.2916666666666667,0.020679759792983532,0.02423131512477994,0.017532976809889078,0.625,0.2916666666666667,0.2333243489265442,0.23859838768839836,0.22949861735105515,0.6666666666666666,0.2916666666666667,0.025819191088279087,0.03376116510480642,0.020708807511255145,0.7083333333333334,0.2916666666666667,0.022300830266127985,0.029297548346221447,0.017802565824240446,0.6666666666666666,0.2916666666666667,1.1608694394429524,1.1533780097961426,1.1663039922714233,0.6666666666666666,0.2916666666666667
216,0.17362436776359877,0.21421494334936142,0.16059281304478645,0.9166666666666666,0.4166666666666667,0.021021637599915266,0.027687161695212126,0.01791382336523384,0.7083333333333334,0.4166666666666667,0.027221667269865673,0.03513575717806816,0.023293849546462297,0.8333333333333334,0.4166666666666667,0.022571356190989416,0.02661936590448022,0.020472993841394782,0.8333333333333334,0.4583333333333333,0.23770264039436975,0.24358811229467392,0.2347719669342041,0.8333333333333334,0.4166666666666667,0.030554942165811855,0.0394101794809103,0.026442838367074728,0.8333333333333334,0.4166666666666667,0.026523728854954243,0.03439639089629054,0.022881108801811934,0.8333333333333334,0.4166666666666667,1.154650866985321,1.1462909281253815,1.1588137745857239,0.8333333333333334,0.4166666666666667
217,0.1782760148247083,0.22309594601392746,0.1552376989275217,0.9166666666666666,0.25,0.022712374261269968,0.03349873097613454,0.018073850078508258,1.0,0.25,0.027618844993412495,0.03392341919243336,0.022812978830188513,0.625,0.25,0.027168732446928818,0.030783629044890404,0.0242298343218863,0.625,0.2916666666666667,0.23314878592888513,0.2377406470477581,0.2297573983669281,0.625,0.25,0.02922735394289096,0.03620575647801161,0.024769937619566917,0.625,0.25,0.02524301828816533,0.03136923676356673,0.021281625609844923,0.625,0.25,1.1611184080441792,1.1545950174331665,1.16593599319458,0.625,0.25
218,0.1540584017833074,0.20275989919900894,0.14564472809433937,0.9583333333333334,0.4583333333333333,0.020159804572661717,0.026867630425840616,0.01705036114435643,0.8333333333333334,0.4166666666666667,0.03293812135234475,0.03774567972868681,0.025810797116719186,0.5416666666666666,0.375,0.021297378465533257,0.023816106840968132,0.01739683118648827,0.5416666666666666,0.375,0.24125413596630096,0.24625570327043533,0.23686322197318077,0.5833333333333334,0.4166666666666667,0.029389870818704367,0.03799279872328043,0.024108451791107655,0.6666666666666666,0.4583333333333333,0.025692557372773688,0.033289750572294,0.020945849362760782,0.6666666666666666,0.4583333333333333,1.1496036052703857,1.142500400543213,1.1558416783809662,0.5833333333333334,0.4166666666666667
219,0.19409877558549246,0.20548934862017632,0.16785202734172344,0.6666666666666666,0.2916666666666667,0.02543011059363683,0.02912278426811099,0.0220015503000468,0.7083333333333334,0.4166666666666667,0.03491623202959696,0.034339649602770805,0.02717236871831119,0.5,0.20833333333333334,0.02825415941576163,0.027365367859601974,0.02368557220324874,0.5,0.25,0.24099784344434738,0.2406582497060299,0.23559021577239037,0.5,0.20833333333333334,0.0377278421074152,0.037211266811937094,0.029674614313989878,0.5416666666666666,0.25,0.03282474912703037,0.032399839255958796,0.025716743897646666,0.5416666666666666,0.25,1.1499685645103455,1.1504509449005127,1.1576502919197083,0.5,0.20833333333333334
220,0.18224102134505907,0.23662419244647026,0.18107488006353378,1.0,0.4583333333333333,0.023710736849655707,0.03631668817251921,0.023190354462713003,1.0,0.5,0.03443577513098717,0.04226310830563307,0.03208727948367596,0.7916666666666666,0.4583333333333333,0.023549987624088924,0.027339210733771324,0.022003767313435674,0.6666666666666666,0.4583333333333333,0.237604687611262,0.24368510767817497,0.23599698394536972,0.7916666666666666,0.5,0.037091245874762535,0.04625601880252361,0.0349461967125535,0.7916666666666666,0.5,0.03219233096266786,0.040370878763496876,0.03025989281013608,0.7916666666666666,0.5,1.1547884742418926,1.1461517214775085,1.1570719480514526,0.7916666666666666,0.5
221,0.15561126545071602,0.1863955445587635,0.1448258813470602,0.7916666666666666,0.5416666666666666,0.018530814287563164,0.024693884421139956,0.017117989249527454,0.7916666666666666,0.5416666666666666,0.02191337648158272,0.024977847933769226,0.019994823960587382,0.6666666666666666,0.5,0.019432195307066042,0.020854057045653462,0.018112568883225322,0.6666666666666666,0.5,0.23171790689229965,0.23409578576683998,0.23027353733778,0.6666666666666666,0.5,0.02440990290294091,0.02786604082211852,0.02229891042225063,0.75,0.5,0.021006147377192974,0.024052566848695278,0.019180248957127333,0.75,0.5,1.1631516218185425,1.159773975610733,1.1652032732963562,0.6666666666666666,0.5
222,0.23220602422952652,0.2352055013179779,0.21192357502877712,0.5,0.4166666666666667,0.03746469598263502,0.03844719519838691,0.032934033777564764,0.5,0.4166666666666667,0.05358324137826761,0.05530231446027756,0.04811353608965874,0.5416666666666666,0.3333333333333333,0.037607790591816105,0.03822224447503686,0.03450910048559308,0.5416666666666666,0.3333333333333333,0.24975284934043884,0.2509961500763893,0.24596599861979485,0.5,0.2916666666666667,0.056537569810946785,0.0579950800165534,0.05168655049055815,0.5416666666666666,0.3333333333333333,0.04980073869228363,0.05112632177770138,0.04533360851928592,0.5416666666666666,0.3333333333333333,1.1375327507654827,1.1357651948928833,1.1429121494293213,0.5,0.2916666666666667
223,0.2306372026602427,0.257716853171587,0.21756060421466827,0.8333333333333334,0.5,0.0365748635182778,0.04583005886524916,0.03514678031206131,0.875,0.5,0.05092408818503221,0.06493346393108368,0.04885436873883009,0.875,0.5,0.033665877456466355,0.04156656004488468,0.0324756009504199,0.875,0.5,0.25277985880772275,0.26229164749383926,0.25126907601952553,0.875,0.4583333333333333,0.0533044058829546,0.06580225192010403,0.0508347088471055,0.875,0.5,0.04708169586956501,0.058818492107093334,0.044834536500275135,0.875,0.5,1.1332331498463948,1.1197205185890198,1.1353776156902313,0.875,0.4583333333333333
224,0.21599987149238586,0.24530211836099625,0.20688407868146896,0.9166666666666666,0.5,0.033711359525720276,0.042963738553225994,0.033473600167781115,0.9583333333333334,0.5416666666666666,0.041388289692501225,0.052777315489947796,0.04146910272538662,0.9166666666666666,0.5,0.028387071875234444,0.03442403767257929,0.02858196385204792,0.8333333333333334,0.5,0.2496554454167684,0.25685951113700867,0.24971801042556763,0.8333333333333334,0.5,0.04445218667387962,0.05490838456898928,0.0437303869985044,0.875,0.5,0.03913663327693939,0.048711162991821766,0.038562871515750885,0.875,0.5,1.1376720468203227,1.127437800168991,1.137582927942276,0.8333333333333334,0.5
225,0.1729795237382253,0.19201930612325668,0.1464366391301155,0.625,0.375,0.021174317225813866,0.025403634179383516,0.01694139267783612,0.625,0.375,0.02201031070823471,0.02497716387733817,0.017330701695755124,0.625,0.4166666666666667,0.01803411403670907,0.01962840766645968,0.015546743525192142,0.625,0.4166666666666667,0.2362641915678978,0.23832863196730614,0.2325332872569561,0.625,0.375,0.024415004067122936,0.02784155774861574,0.019059699261561036,0.6666666666666666,0.375,0.021132689900696278,0.024176568491384387,0.016472695977427065,0.6666666666666666,0.375,1.1566941142082214,1.1537617444992065,1.1619935035705566,0.625,0.375
226,0.19481117526690164,0.24733996763825417,0.18478596024215221,0.9166666666666666,0.4166666666666667,0.025777377964307863,0.041368638165295124,0.02377139776945114,0.9166666666666666,0.4166666666666667,0.03970456123352051,0.058801460079848766,0.03391385171562433,0.75,0.4166666666666667,0.02871779507646958,0.03918206598609686,0.02556157810613513,0.75,0.4166666666666667,0.24552537004152933,0.25786779075860977,0.24181952327489853,0.75,0.4166666666666667,0.0423803748562932,0.06088809296488762,0.03718094062060118,0.7916666666666666,0.4166666666666667,0.03726810961961746,0.054109699092805386,0.03247389895841479,0.7916666666666666,0.4166666666666667,1.1435383359591167,1.1260042190551758,1.1488027274608612,0.75,0.4166666666666667
227,0.2218991294503212,0.2315501794219017,0.17441639862954617,0.5833333333333334,0.2916666666666667,0.03176725376397371,0.03459476446732879,0.023869805911090225,0.625,0.3333333333333333,0.0351334468772014,0.03596727177500725,0.027935148216784,0.5416666666666666,0.4166666666666667,0.025367821877201397,0.026111635379493237,0.021506862249225378,0.5833333333333334,0.4166666666666667,0.24112115800380707,0.2415948249399662,0.2356189414858818,0.5416666666666666,0.4166666666666667,0.03927169429759184,0.04005657322704792,0.03126740362495184,0.5833333333333334,0.4166666666666667,0.03418173765142759,0.03491568239405751,0.027152917464263737,0.5833333333333334,0.4166666666666667,1.1497948964436848,1.149122029542923,1.157610446214676,0.5416666666666666,0.4166666666666667
228,0.15167154123385748,0.21938544139266014,0.14882218465209007,1.0,0.5416666666666666,0.01608831047390898,0.030627143569290638,0.015381282428279519,1.0,0.5416666666666666,0.013166673326243957,0.023464545607566833,0.013438483001664281,1.0,0.625,0.012996143040557703,0.01878784829750657,0.013128630118444562,1.0,0.5833333333333334,0.23015395303567251,0.23796676471829414,0.23035940155386925,1.0,0.625,0.015065142574409643,0.026517138816416264,0.01536791492253542,1.0,0.5833333333333334,0.012931933471312126,0.02297312580049038,0.013197996187955141,1.0,0.5833333333333334,1.16537344455719,1.1542758345603943,1.165081650018692,1.0,0.625
229,0.1800610894958178,0.18531130999326706,0.15275585278868675,0.625,0.375,0.02064153179526329,0.022250226233154535,0.016130821721162647,0.625,0.375,0.02829738426953554,0.026512440759688616,0.0226718217600137,0.4166666666666667,0.3333333333333333,0.02436864810685317,0.02309188712388277,0.02119922824203968,0.4166666666666667,0.3333333333333333,0.2365752508242925,0.23542605340480804,0.2323024980723858,0.4166666666666667,0.3333333333333333,0.03096924163401127,0.029760649893432856,0.025200011674314737,0.4166666666666667,0.3333333333333333,0.026799815706908703,0.02573384577408433,0.021766527090221643,0.4166666666666667,0.3333333333333333,1.1562519272168477,1.1578845381736755,1.1623212397098541,0.4166666666666667,0.3333333333333333
230,0.1310183877746264,0.16406841576099396,0.11838898621499538,0.875,0.5,0.012175645601625243,0.018821013160049915,0.01091838872525841,0.875,0.5,0.014883858695005378,0.019111356930807233,0.012803078861907125,0.625,0.5,0.01726462474713723,0.019494373351335526,0.015930970665067434,0.625,0.4583333333333333,0.22808638463417688,0.2312958501279354,0.22662871703505516,0.625,0.5,0.016311526608963806,0.021134082227945328,0.014268500031903386,0.625,0.5,0.013988106744363904,0.018183932872489095,0.012231487315148115,0.625,0.5,1.1683099667231243,1.1637511551380157,1.1703805923461914,0.625,0.5
231,0.1765706166625023,0.19102876260876656,0.1401460887864232,0.7083333333333334,0.2916666666666667,0.01947503723204136,0.022418709937483072,0.01419676814111881,0.7083333333333334,0.2916666666666667,0.01992069495220979,0.02267117938026786,0.014845580735709518,0.75,0.2916666666666667,0.016309319374461968,0.017849595984444022,0.013551186420954764,0.75,0.2916666666666667,0.2335494781533877,0.23578361421823502,0.229646198451519,0.7916666666666666,0.2916666666666667,0.0226472079132994,0.02576578827574849,0.016939497145358473,0.75,0.25,0.019520307891070843,0.022272789850831032,0.014571210893336684,0.75,0.25,1.1605502168337505,1.157376766204834,1.1660946309566498,0.7916666666666666,0.2916666666666667
232,0.16322426994641623,0.21431002020835876,0.1473347321152687,0.875,0.375,0.018154309364035726,0.02955295331776142,0.015548597206361592,0.875,0.4166666666666667,0.023889626065889995,0.030874169431626797,0.02042047632858157,0.8333333333333334,0.375,0.02119292380909125,0.024470729753375053,0.0191267232876271,0.75,0.375,0.2271254907051722,0.23244477435946465,0.22460930794477463,0.8333333333333334,0.375,0.027105203674485285,0.034821858163923025,0.023459319258108735,0.8333333333333334,0.375,0.023208563526471455,0.02998179942369461,0.020041206618770957,0.8333333333333334,0.375,1.169674575328827,1.1621188819408417,1.1732487678527832,0.8333333333333334,0.375
233,0.1748502403497696,0.20206686109304428,0.14730430394411087,0.7916666666666666,0.375,0.019976242445409298,0.024586813524365425,0.01514409069204703,0.7083333333333334,0.375,0.02764001799126466,0.032513604033738375,0.021972011192701757,0.6666666666666666,0.375,0.02302645395199458,0.025772382970899343,0.019903139676898718,0.6666666666666666,0.375,0.23763948927323023,0.24101636186242104,0.23351750895380974,0.6666666666666666,0.375,0.030905673280358315,0.036475430242717266,0.02477655909024179,0.6666666666666666,0.375,0.02680754413207372,0.03174797911196947,0.021428187494166195,0.6666666666666666,0.375,1.1547405521074932,1.1499438881874084,1.1605955362319946,0.6666666666666666,0.375
234,0.185797318816185,0.2119194120168686,0.1580122783780098,0.7083333333333334,0.375,0.02548893541097641,0.03049706481397152,0.019080070545896888,0.6666666666666666,0.375,0.02869779368241628,0.03615888487547636,0.021844520466402173,0.625,0.375,0.019654022064059973,0.023388535249978304,0.015747366473078728,0.625,0.375,0.24092770367860794,0.24681135639548302,0.23617708683013916,0.625,0.375,0.030399826044837635,0.03890209412202239,0.0238502430729568,0.625,0.375,0.026539673718313377,0.03413745388388634,0.020710987853817642,0.625,0.375,1.1500684022903442,1.1417113840579987,1.156817078590393,0.625,0.375
235,0.13505515828728676,0.17842316254973412,0.1330038607120514,0.9583333333333334,0.4166666666666667,0.012815758197878798,0.02160793822258711,0.012136077508330345,0.9583333333333334,0.4166666666666667,0.020368257847925026,0.027188177220523357,0.018876713700592518,0.6666666666666666,0.4166666666666667,0.016738655976951122,0.0208655190654099,0.01583863142877817,0.7083333333333334,0.4166666666666667,0.23185057193040848,0.2368401512503624,0.23075217753648758,0.6666666666666666,0.4166666666666667,0.02279064718944331,0.0301001388579607,0.02141763479448855,0.6666666666666666,0.4166666666666667,0.019662332100172836,0.02607705444097519,0.018415153957903385,0.6666666666666666,0.4166666666666667,1.1629632711410522,1.1558758616447449,1.1645236015319824,0.6666666666666666,0.4166666666666667
236,0.17823234697182974,0.22348842024803162,0.1558548267930746,0.9166666666666666,0.375,0.022514306008815765,0.03404104569926858,0.018545691506005824,0.9166666666666666,0.4583333333333333,0.023143453833957512,0.030868002213537693,0.020047297468408942,0.75,0.4166666666666667,0.022729852547248203,0.02673560054972768,0.02057316992431879,0.75,0.4166666666666667,0.23500239849090576,0.24096836894750595,0.2327481471002102,0.75,0.4166666666666667,0.025107950903475285,0.03408813802525401,0.021752416156232357,0.7916666666666666,0.4166666666666667,0.02173756994307041,0.02965746494010091,0.0187640730291605,0.7916666666666666,0.4166666666666667,1.1584861079851787,1.1500119268894196,1.1616881489753723,0.75,0.4166666666666667
237,0.1652942175666491,0.19286306202411652,0.15189720876514912,0.8333333333333334,0.4166666666666667,0.018224788053582113,0.023564827628433704,0.016610872582532465,0.7916666666666666,0.4583333333333333,0.02382733393460512,0.024703748058527708,0.020224533276632428,0.4583333333333333,0.3333333333333333,0.01826037901143233,0.01860823482275009,0.016401704400777817,0.4583333333333333,0.3333333333333333,0.23710079491138458,0.23819035291671753,0.23440752178430557,0.4583333333333333,0.3333333333333333,0.025312166661024094,0.027462280821055174,0.02200440689921379,0.5,0.3333333333333333,0.021948454746355612,0.023818121291697025,0.01903901807963848,0.5,0.3333333333333333,1.1555053194363911,1.1539580523967743,1.1593311727046967,0.4583333333333333,0.3333333333333333
238,0.15060371284683546,0.1914399191737175,0.13492287695407867,0.875,0.4583333333333333,0.015198045022164782,0.02276878198608756,0.012407419446390122,0.7083333333333334,0.4583333333333333,0.01985539263114333,0.026911592110991478,0.0163763165473938,0.625,0.4583333333333333,0.017406512517482042,0.021285242401063442,0.015443809796124697,0.625,0.4166666666666667,0.2293891285856565,0.2348148413002491,0.22685319557785988,0.625,0.4583333333333333,0.022453857275346916,0.030526123009622097,0.018786991480737925,0.625,0.4583333333333333,0.01928890962153673,0.02637540316209197,0.016102833789773285,0.625,0.4583333333333333,1.166459580262502,1.1587527394294739,1.1700617671012878,0.625,0.4583333333333333
239,0.21093291292587915,0.21028757840394974,0.16994347423315048,0.5416666666666666,0.3333333333333333,0.029440519399940968,0.02923110267147422,0.0213070783065632,0.5,0.3333333333333333,0.03925006246815125,0.03799171978607774,0.02971668168902397,0.5,0.4166666666666667,0.02755301973472039,0.026823184918612242,0.02245040866546333,0.5,0.4583333333333333,0.24515491227308908,0.24443478882312775,0.23842189088463783,0.5416666666666666,0.4166666666666667,0.04172664601355791,0.04142070468515158,0.03227347228676081,0.5416666666666666,0.4583333333333333,0.0365381066997846,0.03627004008740187,0.02811663504689932,0.5416666666666666,0.4583333333333333,1.1440644264221191,1.1450879275798798,1.153628796339035,0.5416666666666666,0.4166666666666667
240,0.2101805346707503,0.2568424232304096,0.195114953443408,0.8333333333333334,0.375,0.03515495484073957,0.04628111980855465,0.030666284961625934,0.8333333333333334,0.2916666666666667,0.03609451775749525,0.04675128776580095,0.03166824392974377,0.7916666666666666,0.375,0.027223843305061262,0.032937859650701284,0.02476291684433818,0.75,0.375,0.2448226362466812,0.25140150636434555,0.24221517890691757,0.75,0.375,0.03718156196797887,0.048826711252331734,0.03355219401419163,0.7916666666666666,0.375,0.03259518618384997,0.04306124523282051,0.029325827956199646,0.7916666666666666,0.375,1.1445348461469014,1.135191172361374,1.1482398509979248,0.75,0.375
241,0.17111009856065115,0.2005506418645382,0.15725071355700493,0.8333333333333334,0.5416666666666666,0.020896917829910915,0.028567001689225435,0.019008212024345994,0.7916666666666666,0.5416666666666666,0.018954403543223936,0.026209400035440922,0.017407068284228444,0.8333333333333334,0.4166666666666667,0.013788524083793163,0.017611722694709897,0.01285845460370183,0.7916666666666666,0.4166666666666667,0.2333957925438881,0.23901652172207832,0.23230409622192383,0.8333333333333334,0.4583333333333333,0.02119690552353859,0.02931534545496106,0.0196511244866997,0.875,0.4583333333333333,0.018277817250539858,0.025450294837355614,0.01694822811987251,0.875,0.4583333333333333,1.1607685486475627,1.152784526348114,1.1623192429542542,0.8333333333333334,0.4583333333333333
242,0.14005174115300179,0.188376285135746,0.12437276728451252,0.875,0.375,0.014771282828102509,0.023436348885297775,0.011351018911227584,0.8333333333333334,0.375,0.019487368563810985,0.0256818700581789,0.014557915972545743,0.625,0.375,0.015596117203434309,0.01868731016293168,0.01279304432682693,0.625,0.375,0.23274159928162894,0.23786329850554466,0.2293858304619789,0.625,0.375,0.020387909996012848,0.028062985744327307,0.015969401225447655,0.625,0.4166666666666667,0.01761980727314949,0.024340972304344177,0.01373178418725729,0.625,0.4166666666666667,1.161697248617808,1.1544224321842194,1.1664642691612244,0.625,0.375
243,0.2187777782479922,0.2580821141600609,0.19800539873540401,0.8333333333333334,0.5,0.03446571653087934,0.044413672760128975,0.030918720527552068,0.7916666666666666,0.5833333333333334,0.051973599940538406,0.06399808637797832,0.04606175236403942,0.7916666666666666,0.5,0.036875687229136624,0.04317697789520025,0.03373923688195646,0.7916666666666666,0.5,0.2545016060272853,0.2625987380743027,0.2500261701643467,0.7916666666666666,0.4583333333333333,0.05341771120826403,0.06444812472909689,0.04772263276390731,0.7916666666666666,0.5,0.04731592691193024,0.05763900838792324,0.04229388199746609,0.7916666666666666,0.5,1.1307846307754517,1.1192844212055206,1.13714399933815,0.7916666666666666,0.4583333333333333
244,0.1555826390782992,0.17631017044186592,0.12810459919273853,0.7916666666666666,0.2916666666666667,0.01669301837682724,0.020163017325103283,0.011515970865730196,0.7916666666666666,0.2916666666666667,0.02344484223673741,0.026634234469383955,0.01620814041234553,0.6666666666666666,0.25,0.019099132157862186,0.020476540084928274,0.014976258622482419,0.625,0.20833333333333334,0.2337887485822042,0.23647018522024155,0.22868890315294266,0.6666666666666666,0.25,0.025366712361574173,0.02954372251406312,0.018209025030955672,0.6666666666666666,0.25,0.02189464308321476,0.025577108841389418,0.015629816451109946,0.6666666666666666,0.25,1.1602099140485127,1.15640127658844,1.1674542129039764,0.6666666666666666,0.25
245,0.15494321286678314,0.1903303861618042,0.13463119603693485,0.7916666666666666,0.375,0.016633543108279508,0.02205821918323636,0.012444529798813164,0.6666666666666666,0.375,0.026368962445606787,0.029153757728636265,0.01881772605702281,0.5416666666666666,0.3333333333333333,0.018877210716406505,0.020199431804940104,0.014819364296272397,0.5416666666666666,0.3333333333333333,0.23474442462126413,0.23725201189517975,0.22938741743564606,0.5833333333333334,0.2916666666666667,0.028288717692097027,0.03253268776461482,0.021055134013295174,0.5833333333333334,0.375,0.02452343190088868,0.028188052587211132,0.0180966651532799,0.5833333333333334,0.375,1.1588523387908936,1.1552908420562744,1.166462004184723,0.5833333333333334,0.2916666666666667
246,0.20425948252280554,0.2227386087179184,0.172685444355011,0.6666666666666666,0.375,0.027150539370874565,0.03091386891901493,0.02049080317374319,0.625,0.375,0.028738913126289845,0.028186950832605362,0.020069721271283925,0.5,0.3333333333333333,0.020383646556486685,0.020105562172830105,0.015620186924934387,0.5,0.3333333333333333,0.2399718537926674,0.24042139947414398,0.23398308083415031,0.5,0.3333333333333333,0.030278222635388374,0.03133360808715224,0.021830593701452017,0.5,0.375,0.026362615171819925,0.027288814540952444,0.018915529712103307,0.5,0.375,1.1514264146486919,1.150789052248001,1.1599341332912445,0.5,0.3333333333333333
247,0.16651587560772896,0.21299999579787254,0.15384825319051743,0.8333333333333334,0.375,0.021182991253832977,0.0340518057346344,0.018735802033916116,0.9583333333333334,0.4166666666666667,0.026418707333505154,0.03287402028217912,0.020479907048866153,0.625,0.4166666666666667,0.02131034837414821,0.024271392729133368,0.01780108641833067,0.625,0.4166666666666667,0.23606286446253458,0.24096977338194847,0.23191051557660103,0.6666666666666666,0.4166666666666667,0.027677164413034916,0.03512010630220175,0.022373697254806757,0.6666666666666666,0.4583333333333333,0.02399834959457318,0.030569039285182953,0.019294875441119075,0.6666666666666666,0.4583333333333333,1.1569785475730896,1.1500089168548584,1.16287761926651,0.6666666666666666,0.4166666666666667
248,0.1714151625831922,0.17617391794919968,0.13559746369719505,0.3333333333333333,0.20833333333333334,0.019312657415866852,0.018635683227330446,0.01338903879513964,0.3333333333333333,0.20833333333333334,0.023817680931339662,0.022355887107551098,0.017680183751508594,0.2916666666666667,0.2916666666666667,0.021336959674954414,0.020697043742984533,0.01822768268175423,0.25,0.2916666666666667,0.2333874131242434,0.23242273926734924,0.2289455384016037,0.2916666666666667,0.2916666666666667,0.027140979810307424,0.025715328752994537,0.02025863528251648,0.2916666666666667,0.2916666666666667,0.023430502507835627,0.022131113801151514,0.017432806082069874,0.2916666666666667,0.2916666666666667,1.1607803702354431,1.1621507704257965,1.1670897901058197,0.2916666666666667,0.2916666666666667
249,0.20836204290390015,0.2359330840408802,0.18322548270225525,0.75,0.4583333333333333,0.027811937344570953,0.03663915488868952,0.02373291295953095,0.7916666666666666,0.4583333333333333,0.029391830476621788,0.0314528145827353,0.022952034138143063,0.625,0.3333333333333333,0.022100809030234814,0.022993902675807476,0.01848232140764594,0.625,0.3333333333333333,0.23928251614173254,0.24086648970842361,0.2344689965248108,0.5833333333333334,0.3333333333333333,0.03233489270011584,0.034750159829854965,0.025484937010332942,0.625,0.3333333333333333,0.02808665546278159,0.03023699391633272,0.022052961867302656,0.625,0.3333333333333333,1.1524065136909485,1.1501565873622894,1.1592439413070679,0.5833333333333334,0.3333333333333333
250,0.1659243330359459,0.1779242493212223,0.145317230373621,0.5833333333333334,0.375,0.02107624461253484,0.021891606971621513,0.016793606569990516,0.5416666666666666,0.375,0.028779177460819483,0.025988548062741756,0.022497440222650766,0.5,0.4166666666666667,0.019683979606876772,0.018091121455654502,0.016186240362003446,0.5,0.4166666666666667,0.24089499562978745,0.23929954692721367,0.23649119958281517,0.5,0.375,0.02971124245474736,0.028211926110088825,0.023714714916422963,0.5,0.375,0.025946130510419607,0.02450315235182643,0.020626649726182222,0.5,0.375,1.15011461575826,1.1523821949958801,1.1563705801963806,0.5,0.375
251,0.19217249751091003,0.2046658731997013,0.1593304369598627,0.625,0.20833333333333334,0.024880910913149517,0.02756263641640544,0.018196025863289833,0.5833333333333334,0.25,0.02716296073049307,0.027074551675468683,0.01977378409355879,0.5,0.25,0.02435516007244587,0.024410099256783724,0.020070106256753206,0.4583333333333333,0.25,0.2330180803934733,0.23322303965687752,0.2277749888598919,0.5416666666666666,0.25,0.029393479848901432,0.030217941384762526,0.022041697753593326,0.5416666666666666,0.25,0.025346060593922932,0.026041965931653976,0.018901446368545294,0.5416666666666666,0.25,1.1613043745358784,1.1610136032104492,1.1687522232532501,0.5416666666666666,0.25
252,0.17129145997265974,0.21738122031092644,0.16037721186876297,0.9166666666666666,0.4583333333333333,0.021218000794760883,0.02925090678036213,0.017630682326853275,0.7916666666666666,0.4166666666666667,0.029655154949675005,0.035907384008169174,0.024260265519842505,0.625,0.4583333333333333,0.02355942502617836,0.027001576963812113,0.02043647668324411,0.625,0.4166666666666667,0.23986506213744482,0.2448457032442093,0.23633521795272827,0.625,0.4166666666666667,0.031673136710499726,0.03964585019275546,0.026843897067010403,0.625,0.4583333333333333,0.027639163580412667,0.03466062294319272,0.023275363724678755,0.625,0.4583333333333333,1.1515783667564392,1.144503891468048,1.1565924286842346,0.625,0.4166666666666667
253,0.2049711818496386,0.2414085976779461,0.17846984416246414,0.8333333333333334,0.375,0.028362805023789406,0.03894316405057907,0.022042429074645042,0.8333333333333334,0.375,0.029760643218954403,0.036194740794599056,0.023915264755487442,0.75,0.3333333333333333,0.023282508986691635,0.026357044465839863,0.019934188341721892,0.6666666666666666,0.3333333333333333,0.23910215497016907,0.24360376968979836,0.23477132990956306,0.75,0.3333333333333333,0.03290855263670286,0.039675104431807995,0.026970383245497942,0.75,0.3333333333333333,0.02859514703353246,0.03465338749811053,0.02333458187058568,0.75,0.3333333333333333,1.152662495772044,1.1462677121162415,1.1588145792484283,0.75,0.3333333333333333
254,0.15403553222616514,0.18688362836837769,0.14046955481171608,0.875,0.4583333333333333,0.01503757806494832,0.021863481495529413,0.01287855370901525,0.875,0.4583333333333333,0.019403638939062755,0.023351863026618958,0.01741849770769477,0.7083333333333334,0.4166666666666667,0.01707168420155843,0.0190317640081048,0.01598638715222478,0.7083333333333334,0.4166666666666667,0.22934226195017496,0.23247241601347923,0.2278623767197132,0.7083333333333334,0.4166666666666667,0.021895467303693295,0.026530443225055933,0.019978092052042484,0.7916666666666666,0.4166666666666667,0.01878636082013448,0.02284518349915743,0.01712973474059254,0.7916666666666666,0.4166666666666667,1.166526198387146,1.1620800495147705,1.1686283648014069,0.7083333333333334,0.4166666666666667
255,0.16571921731034914,0.18954771012067795,0.13944929745048285,0.5416666666666666,0.375,0.019226948264986277,0.023403258062899113,0.014359101187437773,0.5833333333333334,0.375,0.025489128194749355,0.030146108008921146,0.018833287293091416,0.5,0.2916666666666667,0.019575934236248333,0.02252322807908058,0.015870252391323447,0.5416666666666666,0.2916666666666667,0.23736870537201563,0.2409605272114277,0.2327539660036564,0.5,0.2916666666666667,0.02773931451762716,0.03284728992730379,0.020961883943527937,0.5,0.2916666666666667,0.02408422250300646,0.028564317617565393,0.01812233671080321,0.5,0.2916666666666667,1.1551248629887898,1.1500229239463806,1.1616800427436829,0.5,0.2916666666666667
256,0.17058304821451506,0.22737959772348404,0.1543998345732689,0.9583333333333334,0.3333333333333333,0.021640040290852387,0.03488546051084995,0.019024013308808208,0.9583333333333334,0.3333333333333333,0.024134414891401928,0.031321202870458364,0.01918316539376974,0.625,0.375,0.02064507718508442,0.024181422777473927,0.01793138193897903,0.625,0.375,0.2335236445069313,0.23916327208280563,0.23010459542274475,0.625,0.375,0.026250136084854603,0.034821728710085154,0.021357672987505794,0.6666666666666666,0.375,0.022696498626222212,0.03023192659020424,0.01837683469057083,0.6666666666666666,0.375,1.1605862776438396,1.1525756418704987,1.165442943572998,0.625,0.375
257,0.290623518327872,0.3609040528535843,0.2915409952402115,0.9166666666666666,0.5833333333333334,0.051536032309134804,0.07615434750914574,0.05678399745374918,0.9166666666666666,0.625,0.07450736189881961,0.10197226889431477,0.083707170560956,0.9166666666666666,0.7083333333333334,0.05141890048980713,0.06541319750249386,0.05732904188334942,0.9166666666666666,0.7083333333333334,0.2569546699523926,0.2754012867808342,0.2642120346426964,0.9166666666666666,0.7083333333333334,0.08026239524284999,0.10598725639283657,0.08466590195894241,0.9166666666666666,0.625,0.0713480282574892,0.09632930159568787,0.07597469352185726,0.9166666666666666,0.625,1.1273024876912434,1.101097583770752,1.1169896721839905,0.9166666666666666,0.7083333333333334
258,0.16754179944594702,0.2116890847682953,0.14884109608829021,0.9583333333333334,0.4166666666666667,0.01933398547892769,0.030700379516929388,0.01635553373489529,0.9583333333333334,0.4583333333333333,0.02737575490027666,0.03698680270463228,0.02540206676349044,0.7916666666666666,0.625,0.018872397020459175,0.024081469513475895,0.017723978264257312,0.7916666666666666,0.625,0.2384295662244161,0.24541472643613815,0.23690735921263695,0.7916666666666666,0.625,0.03010041732341051,0.03999906312674284,0.02778560947626829,0.7916666666666666,0.625,0.02611602998028199,0.03501043375581503,0.024109381483867764,0.7916666666666666,0.625,1.1536181171735127,1.1436959505081177,1.15578031539917,0.7916666666666666,0.625
259,0.1384681078294913,0.17939335107803345,0.12989338673651218,1.0,0.4166666666666667,0.012265794988100728,0.01966902194544673,0.010858087334781885,1.0,0.3333333333333333,0.01666599838063121,0.025506940204650164,0.01447214768268168,0.8333333333333334,0.375,0.016184004954993725,0.020478737074881792,0.01491780811920762,0.75,0.375,0.23091199000676474,0.23767070844769478,0.22936203703284264,0.8333333333333334,0.375,0.01843198590601484,0.028267531655728817,0.016374154249206185,0.9166666666666666,0.375,0.01586001164590319,0.024492154829204082,0.014048188226297498,0.9166666666666666,0.375,1.1642963290214539,1.1546959578990936,1.1664981544017792,0.8333333333333334,0.375
260,0.20995336274305978,0.22209150344133377,0.18496072851121426,0.625,0.375,0.03150050279994806,0.03347418690100312,0.026251927250996232,0.5833333333333334,0.375,0.04070519811163346,0.03740790020674467,0.03411625558510423,0.4166666666666667,0.4166666666666667,0.031995090966423355,0.03000632906332612,0.028259282931685448,0.375,0.4166666666666667,0.24643644193808237,0.244417704641819,0.2415822260081768,0.4166666666666667,0.4166666666666667,0.0431465624521176,0.04067434649914503,0.036304003559052944,0.4166666666666667,0.4166666666666667,0.03783633622030417,0.035578467417508364,0.031756164506077766,0.4166666666666667,0.4166666666666667,1.1422442396481831,1.1451120972633362,1.1491395235061646,0.4166666666666667,0.4166666666666667
261,0.24062801649173102,0.2625938020646572,0.21221230924129486,0.6666666666666666,0.3333333333333333,0.039270016364753246,0.04468305176123977,0.03306657541543245,0.7083333333333334,0.4583333333333333,0.05563515269507965,0.057337623089551926,0.047554083401337266,0.5833333333333334,0.3333333333333333,0.03459577138225237,0.0358255747705698,0.030359883327037096,0.625,0.375,0.25709699591000873,0.25838683545589447,0.25089946389198303,0.5833333333333334,0.2916666666666667,0.05668246808151404,0.05819922965019941,0.04786617401987314,0.5833333333333334,0.2916666666666667,0.05044070755441984,0.05192888854071498,0.042485431069508195,0.5833333333333334,0.2916666666666667,1.127099335193634,1.1252684593200684,1.135903924703598,0.5833333333333334,0.2916666666666667
262,0.2191737468043963,0.23391295596957207,0.18172071874141693,0.6666666666666666,0.20833333333333334,0.030893309973180294,0.035140594467520714,0.024462069384753704,0.8333333333333334,0.375,0.038113270265360676,0.03798917215317488,0.027854904299601912,0.5833333333333334,0.16666666666666666,0.02867126806328694,0.02849616762250662,0.022972101345658302,0.5833333333333334,0.20833333333333334,0.2431070680419604,0.24326546862721443,0.23591185733675957,0.5833333333333334,0.25,0.04128089422980944,0.041910930536687374,0.030753618106245995,0.5833333333333334,0.20833333333333334,0.0360495587810874,0.03658095560967922,0.02662377036176622,0.5833333333333334,0.20833333333333334,1.1469732125600178,1.1467488408088684,1.1571940779685974,0.5833333333333334,0.25
263,0.18817330648501715,0.21663670986890793,0.17935718037188053,0.875,0.625,0.022239396659036476,0.028682720381766558,0.0214808308519423,0.875,0.5416666666666666,0.03597243378559748,0.03843530733138323,0.03308719024062157,0.5416666666666666,0.4166666666666667,0.027051239274442196,0.028215058613568544,0.025558949913829565,0.5833333333333334,0.4166666666666667,0.23853062093257904,0.240371722728014,0.23664511740207672,0.5833333333333334,0.4166666666666667,0.04041349391142527,0.04323973413556814,0.03725067898631096,0.5416666666666666,0.4583333333333333,0.03505767943958441,0.03760277247056365,0.03230444062501192,0.5416666666666666,0.4583333333333333,1.1534744302431743,1.1508594453334808,1.1561526954174042,0.5833333333333334,0.4166666666666667
264,0.17257864152391753,0.18670085817575455,0.1493223737925291,0.5416666666666666,0.4166666666666667,0.0217127517486612,0.023834622697904706,0.01675628242082894,0.5833333333333334,0.3333333333333333,0.023852157406508923,0.02460277732461691,0.018375599291175604,0.5416666666666666,0.4583333333333333,0.0169018196562926,0.01725332671776414,0.013852048898115754,0.5416666666666666,0.4583333333333333,0.23695793002843857,0.23784831911325455,0.2330770194530487,0.5416666666666666,0.4583333333333333,0.02547449106350541,0.02644853387027979,0.01980683207511902,0.5416666666666666,0.4583333333333333,0.022104316546271246,0.02293707593344152,0.01710097398608923,0.5416666666666666,0.4583333333333333,1.1557083527247112,1.1544418036937714,1.1612202525138855,0.5416666666666666,0.4583333333333333
265,0.21699792643388113,0.23856469616293907,0.20403133891522884,0.7916666666666666,0.4583333333333333,0.0313861855926613,0.03629649104550481,0.029275457840412855,0.7916666666666666,0.4583333333333333,0.03455922504266103,0.03648711880668998,0.0302432042080909,0.5416666666666666,0.4583333333333333,0.024985783267766237,0.025981832295656204,0.022404028102755547,0.5416666666666666,0.4583333333333333,0.24384445697069168,0.2457018829882145,0.24115703254938126,0.5416666666666666,0.4583333333333333,0.036855313616494335,0.040049710776656866,0.03280866541899741,0.5416666666666666,0.4583333333333333,0.03228447353467345,0.035069715697318316,0.02870568714570254,0.5416666666666666,0.4583333333333333,1.1459250450134277,1.1432879567146301,1.1497427225112915,0.5416666666666666,0.4583333333333333
266,0.2885097364584605,0.2846102602779865,0.24810367822647095,0.5,0.5,0.0538701501985391,0.05217584129422903,0.04297399031929672,0.5,0.4583333333333333,0.0623693335801363,0.05539365019649267,0.052477929973974824,0.375,0.4583333333333333,0.0390533364067475,0.035330202896147966,0.0338553199544549,0.375,0.4583333333333333,0.25794924050569534,0.2540975846350193,0.2517424337565899,0.375,0.4583333333333333,0.06623548703889053,0.059776670299470425,0.056200596038252115,0.375,0.4583333333333333,0.0589286374549071,0.053068643901497126,0.05009505455382168,0.375,0.4583333333333333,1.1258877515792847,1.131359338760376,1.134705364704132,0.375,0.4583333333333333
267,0.17871348559856415,0.2068995125591755,0.16796502843499184,0.75,0.5,0.02148454450070858,0.027945092879235744,0.02030632272362709,0.75,0.4583333333333333,0.0251825211259226,0.029607172589749098,0.02384013240225613,0.625,0.5,0.02154060360044241,0.02355025988072157,0.020392613718286157,0.5833333333333334,0.4583333333333333,0.23602337141831717,0.23961325362324715,0.23530752956867218,0.625,0.5,0.02695597956577937,0.03217767924070358,0.025929279858246446,0.625,0.5,0.023365723279615242,0.027954183518886566,0.022433447185903788,0.625,0.5,1.157034695148468,1.1519360840320587,1.158052235841751,0.625,0.5
268,0.1918735901514689,0.2179677039384842,0.16893267817795277,0.7916666666666666,0.4583333333333333,0.02474974375218153,0.031890219543129206,0.022554961848072708,0.7916666666666666,0.5,0.030127885130544502,0.03320334944874048,0.029113278491422534,0.6666666666666666,0.6666666666666666,0.019823672870794933,0.02120080916211009,0.019453718443401158,0.625,0.6666666666666666,0.24265783776839575,0.24518484622240067,0.2415640987455845,0.6666666666666666,0.6666666666666666,0.03199029372384151,0.03591350791975856,0.02990035363472998,0.6666666666666666,0.6666666666666666,0.02788726519793272,0.031426248140633106,0.026163412490859628,0.6666666666666666,0.6666666666666666,1.1476118564605713,1.1440224349498749,1.1491646766662598,0.6666666666666666,0.6666666666666666
269,0.19264908383289972,0.2226923108100891,0.14864163100719452,0.9583333333333334,0.16666666666666666,0.023624325171113014,0.03144733374938369,0.015704097400885075,0.9583333333333334,0.125,0.029710485289494198,0.030866711400449276,0.020980465691536665,0.625,0.25,0.024645588360726833,0.024644115939736366,0.019868524512276053,0.5416666666666666,0.25,0.23641518006722131,0.23764092102646828,0.23050597682595253,0.625,0.25,0.03231680206954479,0.0343572162091732,0.02344119967892766,0.625,0.25,0.027966456177333992,0.029764591716229916,0.020189509843476117,0.625,0.25,1.156477729479472,1.1547370851039886,1.1648724675178528,0.625,0.25
270,0.1823881740371386,0.21747877821326256,0.16301678866147995,0.7916666666666666,0.4166666666666667,0.021776830156644184,0.029141880106180906,0.01796557765919715,0.7916666666666666,0.375,0.025863193906843662,0.03186953766271472,0.020794489653781056,0.625,0.4166666666666667,0.0252047348767519,0.028418973088264465,0.022083094576373696,0.625,0.375,0.23793171346187592,0.24234005063772202,0.23447803407907486,0.625,0.4166666666666667,0.027548848651349545,0.034916839096695185,0.022930586012080312,0.7083333333333334,0.4166666666666667,0.023954132106155157,0.03045000834390521,0.019835978979244828,0.7083333333333334,0.4166666666666667,1.1543250878651936,1.1480634808540344,1.1592311561107635,0.625,0.4166666666666667
271,0.15557711819807687,0.20977478846907616,0.14658203162252903,1.0,0.625,0.01727075610930721,0.028830109629780054,0.01621499052271247,1.0,0.5,0.0206313223267595,0.030155927874147892,0.019639292266219854,1.0,0.4583333333333333,0.01584926713258028,0.020794390235096216,0.01518205739557743,1.0,0.4166666666666667,0.23433677355448404,0.24147867038846016,0.2335650622844696,1.0,0.5,0.023016164700190227,0.03338990453630686,0.021815843414515257,1.0,0.5,0.019857795753826697,0.029055815190076828,0.018814979819580913,1.0,0.5,1.1594318548838298,1.1492871940135956,1.1605280637741089,1.0,0.5
272,0.1870367725690206,0.19792798534035683,0.17461649887263775,0.6666666666666666,0.375,0.023146134801208973,0.024686906021088362,0.02132269600406289,0.5833333333333334,0.375,0.03317584997663895,0.03284289734438062,0.03108698921278119,0.5,0.3333333333333333,0.029725884708265465,0.029574424494057894,0.028489761520177126,0.5,0.375,0.24075897286335626,0.24051842465996742,0.23922035470604897,0.5,0.375,0.03612938399116198,0.036119768396019936,0.03391372039914131,0.4583333333333333,0.5,0.03144310166438421,0.03142641298472881,0.02948607411235571,0.4583333333333333,0.5,1.150309165318807,1.1506507396697998,1.1524946093559265,0.5,0.375
273,0.17078224072853723,0.2024766132235527,0.1552153006196022,0.75,0.375,0.022168097086250782,0.030066854786127806,0.01851138356141746,0.7916666666666666,0.375,0.02583001716993749,0.031442372128367424,0.02155199251137674,0.625,0.4166666666666667,0.017504640699674685,0.020431492943316698,0.01499954261817038,0.625,0.4166666666666667,0.23838027566671371,0.24286826327443123,0.23551074787974358,0.625,0.4166666666666667,0.02701046084985137,0.03381424816325307,0.023326376918703318,0.625,0.4166666666666667,0.023515902537231643,0.029498732183128595,0.020196231082081795,0.625,0.4166666666666667,1.1536877353986104,1.1473130285739899,1.157764047384262,0.625,0.4166666666666667
274,0.24799322336912155,0.24161220714449883,0.20519311167299747,0.5,0.375,0.041315497209628425,0.03852643631398678,0.03195827698800713,0.5,0.4166666666666667,0.04404819353173176,0.039450240321457386,0.03526531928218901,0.4166666666666667,0.375,0.033591847556332745,0.031151496805250645,0.028663394507020712,0.4166666666666667,0.3333333333333333,0.24761812140544256,0.24445105344057083,0.2407621331512928,0.4166666666666667,0.3333333333333333,0.04779566948612531,0.043601904064416885,0.038390223402529955,0.4583333333333333,0.375,0.042070118710398674,0.03826609021052718,0.03369372966699302,0.4583333333333333,0.375,1.140564997990926,1.145064890384674,1.1503047049045563,0.4166666666666667,0.3333333333333333
275,0.17021525154511133,0.19844067841768265,0.13678356539458036,0.9166666666666666,0.4583333333333333,0.01817032399897774,0.024263568222522736,0.013286251021781936,0.9166666666666666,0.3333333333333333,0.022366290912032127,0.02692358661442995,0.015989401028491557,0.7916666666666666,0.2916666666666667,0.015821843408048153,0.018270559143275023,0.01250571256969124,0.7916666666666666,0.2916666666666667,0.23733416696389517,0.2407909743487835,0.23243160173296928,0.7916666666666666,0.25,0.025139243031541508,0.03008975461125374,0.01807942520827055,0.7916666666666666,0.25,0.021772778282562893,0.026175922248512506,0.015616884280461818,0.7916666666666666,0.25,1.1551743745803833,1.150264173746109,1.1621382236480713,0.7916666666666666,0.25
276,0.17436399310827255,0.2012505643069744,0.15032831579446793,0.75,0.5416666666666666,0.019408807158470154,0.023933876072987914,0.015012932242825627,0.6666666666666666,0.3333333333333333,0.025912146394451458,0.03012678772211075,0.019674198934808373,0.5833333333333334,0.2916666666666667,0.02167441261311372,0.023813996464014053,0.018341717775911093,0.5833333333333334,0.3333333333333333,0.23655513674020767,0.24003929272294044,0.2321297563612461,0.625,0.3333333333333333,0.028205888345837593,0.0338085675612092,0.0220436753006652,0.6666666666666666,0.3333333333333333,0.02442371193319559,0.029409352224320173,0.019022008404135704,0.6666666666666666,0.3333333333333333,1.1562805374463399,1.1513318121433258,1.1625667810440063,0.625,0.3333333333333333
277,0.1797462652126948,0.20256486535072327,0.16418808698654175,0.7083333333333334,0.4583333333333333,0.021901738364249468,0.025313513819128275,0.0187043339246884,0.7083333333333334,0.4583333333333333,0.02784648910164833,0.03038559155538678,0.023603722220286727,0.5833333333333334,0.4166666666666667,0.022205707461883623,0.023327010683715343,0.01963905757293105,0.5416666666666666,0.4166666666666667,0.23922688762346903,0.24132100492715836,0.2362871952354908,0.5833333333333334,0.4166666666666667,0.029537563833097618,0.033014027401804924,0.025631315540522337,0.6666666666666666,0.4166666666666667,0.025688693393021822,0.02876092540100217,0.022247175918892026,0.6666666666666666,0.4166666666666667,1.1524852911631267,1.1495109498500824,1.1566612124443054,0.5833333333333334,0.4166666666666667
278,0.17752125362555185,0.21058064326643944,0.16422340832650661,0.875,0.3333333333333333,0.02184171850482623,0.029826851096004248,0.019087404711171985,0.9583333333333334,0.375,0.02116779734690984,0.02452191198244691,0.01717879786156118,0.6666666666666666,0.2916666666666667,0.01990903199960788,0.02194647630676627,0.017567410366609693,0.6666666666666666,0.2916666666666667,0.23498782515525818,0.23753249272704124,0.23207299038767815,0.6666666666666666,0.2916666666666667,0.023522160947322845,0.027694618795067072,0.019395806826651096,0.6666666666666666,0.2916666666666667,0.02032386154557268,0.023999938741326332,0.016715483274310827,0.6666666666666666,0.2916666666666667,1.1585070888201396,1.1548926830291748,1.1626475751399994,0.6666666666666666,0.2916666666666667
279,0.20282153288523355,0.23107818141579628,0.1821932177990675,0.75,0.375,0.028113860326508682,0.034714294131845236,0.023387358989566565,0.75,0.3333333333333333,0.035951679262022175,0.04082566685974598,0.028178219217807055,0.7083333333333334,0.25,0.025584994194408257,0.028127060271799564,0.021017371909692883,0.7083333333333334,0.25,0.24496720482905707,0.2488652765750885,0.2395440898835659,0.7083333333333334,0.2916666666666667,0.03814582899212837,0.04406074294820428,0.030901103746145964,0.7083333333333334,0.2916666666666667,0.033375525226195656,0.03876405116170645,0.026902380166575313,0.7083333333333334,0.2916666666666667,1.1443313558896382,1.1387943923473358,1.1520350277423859,0.7083333333333334,0.2916666666666667
280,0.16472259536385536,0.20995130762457848,0.16264457628130913,0.875,0.4583333333333333,0.01933528312171499,0.028171996120363474,0.01809463487006724,0.875,0.5,0.022361119277775288,0.03012068197131157,0.022459435742348433,0.875,0.5416666666666666,0.020006594868997734,0.024394769687205553,0.020370986312627792,0.875,0.5416666666666666,0.23506798843542734,0.24068400263786316,0.23499411717057228,0.875,0.5416666666666666,0.025041792386521895,0.03358665946871042,0.025323662208393216,0.875,0.5416666666666666,0.02165580711637934,0.029206180945038795,0.021890860982239246,0.875,0.5416666666666666,1.1583932042121887,1.150415986776352,1.158498227596283,0.875,0.5416666666666666
281,0.17220506568749747,0.20630348473787308,0.14192883111536503,0.875,0.375,0.02086965957035621,0.028693930711597204,0.016770740156061947,1.0,0.4166666666666667,0.028846099972724915,0.04072773829102516,0.024065321078523993,1.0,0.4166666666666667,0.024036774411797523,0.03019556775689125,0.021296626888215542,0.9583333333333334,0.4166666666666667,0.23950352519750595,0.24813158437609673,0.23604147508740425,1.0,0.4166666666666667,0.030531310786803562,0.04214698448777199,0.02549228724092245,0.9583333333333334,0.375,0.02655211401482423,0.03699281346052885,0.022142180590890348,0.9583333333333334,0.375,1.1520922780036926,1.1398361027240753,1.1570099890232086,1.0,0.4166666666666667
282,0.18867351363102594,0.2096397764980793,0.17434741370379925,0.7083333333333334,0.4583333333333333,0.023351380446304876,0.02971687400713563,0.020806555869057775,0.7916666666666666,0.4583333333333333,0.027339505186925333,0.02980239037424326,0.024426297284662724,0.625,0.375,0.025801533833146095,0.026845290325582027,0.024142734007909894,0.625,0.4583333333333333,0.23581950614849725,0.2379171960055828,0.23368988931179047,0.625,0.375,0.029291450666884582,0.032618927769362926,0.026787284296005964,0.625,0.4166666666666667,0.025355312507599592,0.028293944895267487,0.023185469210147858,0.625,0.375,1.1573252479235332,1.1543457806110382,1.1603502929210663,0.625,0.375
283,0.18899283558130264,0.20450599491596222,0.15960653964430094,0.7083333333333334,0.375,0.0224946029484272,0.02471446990966797,0.017329691036138684,0.7083333333333334,0.3333333333333333,0.020631619729101658,0.022989203687757254,0.01645697432104498,0.5833333333333334,0.2916666666666667,0.023424842084447544,0.024709098506718874,0.02097596158273518,0.5833333333333334,0.20833333333333334,0.2334065536657969,0.23533939197659492,0.2302526757121086,0.6666666666666666,0.2916666666666667,0.02344595594331622,0.026350134052336216,0.018903615651652217,0.625,0.2916666666666667,0.020217524530986946,0.02277324115857482,0.016269064624793828,0.625,0.2916666666666667,1.160753309726715,1.1580079197883606,1.1652331948280334,0.6666666666666666,0.2916666666666667
284,0.15384464090069136,0.18405403941869736,0.13802920002490282,0.9166666666666666,0.3333333333333333,0.015263579708213607,0.020220863167196512,0.01320138352457434,0.875,0.375,0.014972945830474297,0.020027764607220888,0.013432816253043711,0.9583333333333334,0.375,0.0136342435143888,0.016581759555265307,0.012768377317115664,1.0,0.375,0.22922441363334656,0.23317426443099976,0.22776493802666664,0.9583333333333334,0.3333333333333333,0.017315187957137823,0.022980202455073595,0.01556597976014018,0.9583333333333334,0.375,0.014854117451856533,0.019793805200606585,0.013343287631869316,0.9583333333333334,0.375,1.1666937669118245,1.1610831022262573,1.1687668859958649,0.9583333333333334,0.3333333333333333
285,0.2058705041805903,0.23819288983941078,0.19799990952014923,0.7916666666666666,0.5833333333333334,0.030115000282724697,0.037977296859025955,0.028861313592642546,0.7916666666666666,0.5833333333333334,0.028771247093876202,0.03417147183790803,0.02513134339824319,0.8333333333333334,0.375,0.026619651975731056,0.02943853149190545,0.02464702446013689,0.7916666666666666,0.375,0.23524684210618338,0.23966805636882782,0.23266444727778435,0.875,0.375,0.031530908308923244,0.038133627735078335,0.02817567903548479,0.8333333333333334,0.3333333333333333,0.027236927921573322,0.03312014928087592,0.024290590081363916,0.8333333333333334,0.3333333333333333,1.1581388314565022,1.1518589556217194,1.1618070900440216,0.875,0.375
286,0.16986248145500818,0.18807407468557358,0.17076550610363483,0.75,0.7083333333333334,0.021348301010827225,0.024857833981513977,0.022276189411059022,0.6666666666666666,0.6666666666666666,0.028589101508259773,0.03224610444158316,0.027580074965953827,0.5833333333333334,0.4583333333333333,0.019330138961474102,0.02111019194126129,0.018695536302402616,0.5,0.4583333333333333,0.23790564139684042,0.2408967949450016,0.23725368827581406,0.625,0.4583333333333333,0.030817180561522644,0.035151319578289986,0.030110974330455065,0.7083333333333334,0.5,0.02672461901480953,0.0305877523496747,0.026106116361916065,0.7083333333333334,0.5,1.1543618241945903,1.150113195180893,1.1552878320217133,0.625,0.4583333333333333
287,0.15918800110618272,0.17389827221632004,0.1442489940673113,0.7916666666666666,0.4583333333333333,0.018501441304882366,0.020505372202023864,0.015827305556740612,0.6666666666666666,0.4166666666666667,0.024161796706418198,0.02600598381832242,0.020299752242863178,0.5416666666666666,0.4166666666666667,0.025248021197815735,0.026412509847432375,0.022943145129829645,0.5416666666666666,0.4166666666666667,0.23171320805946985,0.23358840495347977,0.22926197573542595,0.5833333333333334,0.4166666666666667,0.026080792769789696,0.02891560923308134,0.022756485966965556,0.625,0.4166666666666667,0.022457642791171867,0.02493941644206643,0.019545012153685093,0.625,0.4166666666666667,1.163157860438029,1.16049462556839,1.1666401028633118,0.5833333333333334,0.4166666666666667
288,0.22868162393569946,0.24396290630102158,0.19732779078185558,0.6666666666666666,0.5,0.03318812822302183,0.03795351041480899,0.02609696565195918,0.75,0.5,0.037144908060630165,0.03987077996134758,0.028741158777847886,0.6666666666666666,0.3333333333333333,0.02285983848075072,0.024689521174877882,0.018423922243528068,0.6666666666666666,0.2916666666666667,0.24817737688620886,0.24997049942612648,0.2419372871518135,0.6666666666666666,0.3333333333333333,0.0402735381697615,0.04286128282546997,0.031454541021957994,0.6666666666666666,0.3333333333333333,0.03538690662632386,0.03770851111039519,0.02751395176164806,0.6666666666666666,0.3333333333333333,1.1397718787193298,1.1372246742248535,1.1486356258392334,0.6666666666666666,0.3333333333333333
289,0.16313707828521729,0.20130812004208565,0.13643325120210648,0.7083333333333334,0.4166666666666667,0.01981773553416133,0.02665132936090231,0.014760090911295265,0.6666666666666666,0.4166666666666667,0.02530256410439809,0.028958375565707684,0.01804265915416181,0.5833333333333334,0.4166666666666667,0.018833839800208807,0.02057104976847768,0.014690118376165628,0.5833333333333334,0.4166666666666667,0.23788061489661536,0.24094853922724724,0.23276111483573914,0.5833333333333334,0.5,0.027043815546979506,0.03176733385771513,0.019614020478911698,0.5833333333333334,0.4583333333333333,0.023543758628269035,0.0276426300406456,0.017009962757583708,0.5833333333333334,0.4583333333333333,1.1543968717257183,1.1500394344329834,1.1616689562797546,0.5833333333333334,0.5
290,0.152582419415315,0.18035349994897842,0.13621354289352894,1.0,0.5416666666666666,0.01679699883485834,0.02250034734606743,0.014867454650811851,1.0,0.5,0.022466445341706276,0.026684937998652458,0.01975474040955305,0.75,0.4583333333333333,0.0215299262975653,0.024124497547745705,0.020297669107094407,0.75,0.5,0.23149514943361282,0.2345288246870041,0.22948243841528893,0.75,0.4583333333333333,0.024890597288807232,0.02976366924121976,0.021951648639515042,0.75,0.4583333333333333,0.021403493049244087,0.025683443062007427,0.01886299578472972,0.75,0.4583333333333333,1.1634678641955059,1.1591588854789734,1.1663268506526947,0.75,0.4583333333333333
291,0.176216093202432,0.20047343149781227,0.1474733017385006,0.875,0.3333333333333333,0.02262227889150381,0.029341651126742363,0.017560794251039624,0.875,0.2916666666666667,0.034793199971318245,0.0417451485991478,0.029025568859651685,0.7083333333333334,0.375,0.026115109212696552,0.029198572505265474,0.022300666198134422,0.6666666666666666,0.3333333333333333,0.24044786393642426,0.2446853704750538,0.23563863709568977,0.7083333333333334,0.3333333333333333,0.03667070344090462,0.04338605795055628,0.03085345937870443,0.75,0.375,0.03191497207929691,0.037916417233645916,0.02672654017806053,0.75,0.375,1.1507498423258464,1.1447292566299438,1.1575821936130524,0.7083333333333334,0.3333333333333333
292,0.1989539017279943,0.235853910446167,0.1792850997298956,0.875,0.4166666666666667,0.03071968738610546,0.039155018981546164,0.026665143435820937,0.8333333333333334,0.4166666666666667,0.03531752169753114,0.04141540918499231,0.02934971870854497,0.625,0.375,0.025755540157357853,0.02904310915619135,0.022333499742671847,0.6666666666666666,0.375,0.24319702138503393,0.2481045387685299,0.23907668888568878,0.625,0.375,0.03683254153778156,0.04389521759003401,0.031132838688790798,0.625,0.375,0.03220184178402027,0.038557495921850204,0.027145793428644538,0.625,0.375,1.1468448638916016,1.1398742496967316,1.1526978313922882,0.625,0.375
293,0.14541641995310783,0.18147523701190948,0.11999664455652237,0.9166666666666666,0.25,0.014450234671433767,0.02102497313171625,0.010226073965895921,0.875,0.2916666666666667,0.02748002267132203,0.03252914035692811,0.021138903219252825,0.7083333333333334,0.2916666666666667,0.02692610366890828,0.029504453297704458,0.0230966629460454,0.625,0.2916666666666667,0.22860883673032126,0.23285944014787674,0.22421620041131973,0.7083333333333334,0.2916666666666667,0.029969230915109318,0.03666856372728944,0.02394179766997695,0.7083333333333334,0.2916666666666667,0.02570071816444397,0.03159461310133338,0.020426037488505244,0.7083333333333334,0.2916666666666667,1.1675673723220825,1.1615300178527832,1.1738071143627167,0.7083333333333334,0.2916666666666667
294,0.23906866709391275,0.2653128355741501,0.21682808361947536,0.7916666666666666,0.4583333333333333,0.04925140676399072,0.05538188200443983,0.04181682877242565,0.625,0.3333333333333333,0.04805166398485502,0.054678057320415974,0.04140419978648424,0.6666666666666666,0.25,0.0326775045444568,0.036146430764347315,0.028911907225847244,0.625,0.25,0.24968831986188889,0.2533809654414654,0.24550575390458107,0.5833333333333334,0.3333333333333333,0.047373430182536445,0.051986513659358025,0.042528645135462284,0.7083333333333334,0.4583333333333333,0.041691355096797146,0.045938920229673386,0.03731505386531353,0.7083333333333334,0.4583333333333333,1.1376238663991292,1.1323778629302979,1.143565684556961,0.5833333333333334,0.3333333333333333
295,0.16888813426097235,0.1833767332136631,0.15630694292485714,0.75,0.5833333333333334,0.018646362392852705,0.021718350239098072,0.017136396083515137,0.7916666666666666,0.5833333333333334,0.02311578330894311,0.023915452882647514,0.020403950475156307,0.5416666666666666,0.375,0.021468491293489933,0.02184948930516839,0.020103012677282095,0.5416666666666666,0.4166666666666667,0.23456530024607977,0.23531601950526237,0.23263125866651535,0.5416666666666666,0.4166666666666667,0.025415696514149506,0.02673927415162325,0.022660280112177134,0.5833333333333334,0.4166666666666667,0.021944176716109116,0.02310752682387829,0.0195742939831689,0.5833333333333334,0.4166666666666667,1.1591070890426636,1.1580409109592438,1.161854326725006,0.5416666666666666,0.4166666666666667
296,0.21416516850392023,0.23684008419513702,0.18726592510938644,0.7083333333333334,0.4583333333333333,0.030744357034564018,0.038376604206860065,0.026276711141690612,0.7916666666666666,0.4583333333333333,0.035167849622666836,0.04406318813562393,0.02729456196539104,0.7916666666666666,0.375,0.02653435276200374,0.031136769335716963,0.02224153815768659,0.75,0.375,0.24094640711943308,0.24760304763913155,0.23546158894896507,0.8333333333333334,0.375,0.037817829909423985,0.04719184432178736,0.02991513814777136,0.8333333333333334,0.375,0.03294973851492008,0.041407397016882896,0.0259256677236408,0.8333333333333334,0.375,1.1500425934791565,1.1405867338180542,1.1578336656093597,0.8333333333333334,0.375
297,0.19394962737957636,0.24158299714326859,0.17939702421426773,0.9583333333333334,0.4583333333333333,0.02741884160786867,0.039495620876550674,0.02512314054183662,0.9583333333333334,0.4583333333333333,0.04302540794014931,0.057479158975183964,0.04067327454686165,0.9583333333333334,0.5,0.02939293471475442,0.03669910319149494,0.02802118379622698,0.9583333333333334,0.5,0.2435031309723854,0.25405561551451683,0.24176951125264168,0.9583333333333334,0.5,0.04554503100613753,0.06106139253824949,0.04310695128515363,0.9583333333333334,0.5416666666666666,0.03974933922290802,0.05399212893098593,0.03756396798416972,0.9583333333333334,0.5416666666666666,1.1464091738065083,1.1314207911491394,1.1488723158836365,0.9583333333333334,0.5
298,0.16595797364910445,0.20706408843398094,0.14491873234510422,0.875,0.4583333333333333,0.018963633260379236,0.028279395774006844,0.015270751260686666,0.8333333333333334,0.4166666666666667,0.03160449288164576,0.038795686792582273,0.022603474440984428,0.625,0.25,0.024699725831548374,0.027890161611139774,0.01963243936188519,0.625,0.25,0.23937969406445822,0.24449095502495766,0.23333340138196945,0.625,0.20833333333333334,0.033741785834232964,0.04199026990681887,0.02484799991361797,0.625,0.20833333333333334,0.029385415526727836,0.03672404121607542,0.02152429334819317,0.625,0.20833333333333334,1.1522674361864726,1.1450077593326569,1.160856693983078,0.625,0.20833333333333334
299,0.1796938826640447,0.23043718561530113,0.17413648776710033,0.9166666666666666,0.7083333333333334,0.021304464899003506,0.03825932601466775,0.022474731085821986,1.0,0.7083333333333334,0.024218502299239237,0.030525437090545893,0.02237198851071298,0.7916666666666666,0.5833333333333334,0.015544226703544458,0.018850755412131548,0.014459444093517959,0.7916666666666666,0.5416666666666666,0.23843499273061752,0.24313506111502647,0.23711110651493073,0.7916666666666666,0.625,0.026355571423967678,0.03312587924301624,0.02444927580654621,0.7916666666666666,0.625,0.022885466770579416,0.0289228493347764,0.02125666500069201,0.7916666666666666,0.625,1.1536104480425518,1.1469342112541199,1.1554909646511078,0.7916666666666666,0.625
300,0.24305134266614914,0.2636512592434883,0.19884482398629189,0.75,0.25,0.038527295303841434,0.04340646043419838,0.027602002723142505,0.7083333333333334,0.20833333333333334,0.053156543523073196,0.05624889861792326,0.03970328252762556,0.6666666666666666,0.3333333333333333,0.037438985581199326,0.03852173127233982,0.029979787301272154,0.625,0.3333333333333333,0.2519487316409747,0.2544237747788429,0.24271121248602867,0.6666666666666666,0.3333333333333333,0.056366449842850365,0.061049784533679485,0.043315290939062834,0.7083333333333334,0.375,0.04980520841976007,0.05402145255357027,0.0378996878862381,0.7083333333333334,0.375,1.1344127257664998,1.1308984458446503,1.1475349962711334,0.6666666666666666,0.3333333333333333
301,0.18258044868707657,0.19686869159340858,0.1724561844021082,0.5833333333333334,0.625,0.02085966058075428,0.023680494632571936,0.019544427166692913,0.625,0.625,0.024649796697000664,0.027590381912887096,0.024146685609593987,0.5833333333333334,0.625,0.019008041980365913,0.02071020705625415,0.018693688791245222,0.5833333333333334,0.625,0.23765500634908676,0.2399187572300434,0.23717236518859863,0.5833333333333334,0.5833333333333334,0.02790185281385978,0.031181748025119305,0.02734539331868291,0.5833333333333334,0.625,0.024190721412499745,0.02708477107807994,0.023773136199451983,0.5833333333333334,0.625,1.1547186970710754,1.1515032351016998,1.1554042100906372,0.5833333333333334,0.5833333333333334
302,0.1567513607442379,0.20830295234918594,0.13791454210877419,1.0,0.25,0.01885827382405599,0.02846669591963291,0.014177521457895637,0.9583333333333334,0.25,0.02187505558443566,0.028561387211084366,0.015472962288185954,0.75,0.25,0.01596125541254878,0.01980669843032956,0.012470932677388191,0.75,0.25,0.23663381238778433,0.24188390746712685,0.23191342875361443,0.75,0.25,0.023869462311267853,0.03171485848724842,0.017248577438294888,0.7916666666666666,0.25,0.020706901714826625,0.02761439699679613,0.01485331216827035,0.7916666666666666,0.25,1.1561688979466755,1.1487116813659668,1.1628741025924683,0.75,0.25
303,0.20945405215024948,0.24400463327765465,0.18910317309200764,0.9583333333333334,0.5,0.030010558664798737,0.036494869738817215,0.024742068024352193,0.8333333333333334,0.4166666666666667,0.029281127577026684,0.03670403594151139,0.024809639202430844,0.8333333333333334,0.4166666666666667,0.019343260675668716,0.023511784616857767,0.01725611579604447,0.875,0.4166666666666667,0.23713522404432297,0.2431383803486824,0.234074454754591,0.875,0.4166666666666667,0.032477034255862236,0.04103910457342863,0.027928225230425596,0.8333333333333334,0.4166666666666667,0.02812177501618862,0.03580579208210111,0.02414799458347261,0.8333333333333334,0.4166666666666667,1.155455748240153,1.146929681301117,1.1598044633865356,0.875,0.4166666666666667
304,0.16231404493252435,0.16959654167294502,0.12938896100968122,0.5416666666666666,0.20833333333333334,0.016979072553416092,0.019051916897296906,0.01180101276258938,0.625,0.25,0.019539274120082457,0.018138967687264085,0.012644849775824696,0.4583333333333333,0.2916666666666667,0.017468657499800127,0.016461814055219293,0.013587028603069484,0.4583333333333333,0.3333333333333333,0.23406520734230676,0.23329520970582962,0.22911858558654785,0.4583333333333333,0.25,0.02066117913151781,0.019933855859562755,0.013814930338412523,0.4583333333333333,0.25,0.017836531003316242,0.017201154259964824,0.011876279197167605,0.4583333333333333,0.25,1.1598172783851624,1.1609113216400146,1.1668439507484436,0.4583333333333333,0.25
305,0.19051003704468408,0.22191716730594635,0.1726482640951872,0.75,0.375,0.026569499013324577,0.0339024574495852,0.02172024198807776,0.7083333333333334,0.375,0.027926214194546144,0.035471965093165636,0.024725438561290503,0.7083333333333334,0.5,0.0204589090620478,0.024842170532792807,0.018815333722159266,0.75,0.5,0.23610874017079672,0.24169143289327621,0.23394403979182243,0.7083333333333334,0.5,0.03094049682840705,0.0392610440030694,0.027967022033408284,0.75,0.5,0.026828497803459566,0.034205681178718805,0.024180896347388625,0.75,0.5,1.1569146911303203,1.1489842236042023,1.159989595413208,0.7083333333333334,0.5
306,0.14889097958803177,0.17026681080460548,0.12806924246251583,0.8333333333333334,0.20833333333333334,0.017158948505918186,0.02209727233275771,0.013670413696672767,0.875,0.2916666666666667,0.023113247628013294,0.02586225839331746,0.0183439739048481,0.5416666666666666,0.25,0.02020870242267847,0.021391904447227716,0.017508847638964653,0.5,0.20833333333333334,0.22679265340169272,0.22885170578956604,0.2233470380306244,0.5833333333333334,0.25,0.02616618511577447,0.029199335258454084,0.021059850230813026,0.5833333333333334,0.25,0.022374752288063366,0.025049021001905203,0.017948746448382735,0.5833333333333334,0.25,1.1701474984486897,1.1672227084636688,1.175041913986206,0.5833333333333334,0.25
307,0.16855339457591376,0.1987937092781067,0.15487056225538254,0.7916666666666666,0.5,0.01945530374844869,0.025779786985367537,0.018596488749608397,0.75,0.5416666666666666,0.02466561831533909,0.030133746098726988,0.02507478278130293,0.6666666666666666,0.5,0.019574567054708798,0.022172731114551425,0.019450912019237876,0.6666666666666666,0.5,0.23749606311321259,0.24175620824098587,0.23780116811394691,0.7083333333333334,0.5,0.026516824029386044,0.03258098429068923,0.026566440239548683,0.7083333333333334,0.4583333333333333,0.023010125538955133,0.0284128044731915,0.02307477965950966,0.7083333333333334,0.4583333333333333,1.154943545659383,1.148891806602478,1.1545099318027496,0.7083333333333334,0.5
308,0.20758752773205438,0.22075380757451057,0.18951255083084106,0.5833333333333334,0.4583333333333333,0.029170388355851173,0.03288894100114703,0.026140323840081692,0.625,0.4166666666666667,0.030327726000299055,0.03285611979663372,0.028227037750184536,0.625,0.4583333333333333,0.02645463589578867,0.02763686515390873,0.02520023286342621,0.625,0.5,0.24175138026475906,0.24343007430434227,0.24022219702601433,0.625,0.4583333333333333,0.03301452472805977,0.0358332097530365,0.030830563511699438,0.625,0.5,0.028793052149315674,0.03131862776353955,0.026881436118856072,0.625,0.5,1.1488995750745137,1.1465151906013489,1.1510717868804932,0.625,0.4583333333333333
309,0.22254775216182074,0.22994565591216087,0.1928251087665558,0.5833333333333334,0.375,0.030729626305401325,0.03201621538028121,0.023829234181903303,0.5416666666666666,0.3333333333333333,0.03157838930686315,0.031080155167728662,0.02434624289162457,0.5416666666666666,0.375,0.02191005026300748,0.021441308548673987,0.017898956080898643,0.5,0.375,0.24350734800100327,0.24338751286268234,0.2383982501924038,0.5416666666666666,0.4166666666666667,0.03403048186252514,0.03436539741232991,0.027065761853009462,0.5416666666666666,0.4166666666666667,0.02973628354569276,0.030019940342754126,0.023539075162261724,0.5416666666666666,0.4166666666666667,1.1464053392410278,1.1465757489204407,1.1536628007888794,0.5416666666666666,0.4166666666666667
310,0.19515226036310196,0.27033282071352005,0.19657723605632782,1.0,0.5,0.026313195005059242,0.041950153186917305,0.026313690235838294,1.0,0.5,0.02844898806264003,0.0410898644477129,0.026891414541751146,0.9166666666666666,0.5,0.019864098789791267,0.02691527782008052,0.01860991003923118,0.875,0.4583333333333333,0.2414420818289121,0.2510307654738426,0.2403627410531044,0.9166666666666666,0.5,0.030417480506002903,0.044891309924423695,0.028883584309369326,0.9583333333333334,0.5,0.026523760209480923,0.03953155968338251,0.02519877883605659,0.9583333333333334,0.5,1.1493388215700786,1.1357188522815704,1.1508720517158508,0.9166666666666666,0.5
311,0.19674123326937357,0.25204435363411903,0.18622499518096447,0.9166666666666666,0.375,0.02622374116132657,0.04066813364624977,0.025297404499724507,0.875,0.5833333333333334,0.036611768727501236,0.04984164983034134,0.03658030554652214,0.7916666666666666,0.5416666666666666,0.027078482167174418,0.03381210286170244,0.027064072899520397,0.7916666666666666,0.5416666666666666,0.23915812373161316,0.24862447381019592,0.2391691468656063,0.7916666666666666,0.7083333333333334,0.03994458230833212,0.05369615834206343,0.03957499144598842,0.7916666666666666,0.5416666666666666,0.034742400981485844,0.047199190594255924,0.034429583698511124,0.7916666666666666,0.5416666666666666,1.1525826056798298,1.1391343772411346,1.1525662541389465,0.7916666666666666,0.7083333333333334
312,0.18341393023729324,0.1834687553346157,0.15024357941001654,0.5416666666666666,0.2916666666666667,0.021114114361504715,0.0201291770208627,0.01535326277371496,0.5,0.2916666666666667,0.021144572490205366,0.019791214261204004,0.01539745565969497,0.5,0.2916666666666667,0.015503952900568644,0.014701946405693889,0.012389320065267384,0.5,0.2916666666666667,0.23482881983121237,0.2338971197605133,0.2304895929992199,0.5,0.2916666666666667,0.02396516843388478,0.022601455450057983,0.017682971782051027,0.5,0.2916666666666667,0.020741847654183704,0.01950020412914455,0.015246206778101623,0.5,0.2916666666666667,1.1587330500284831,1.1600565910339355,1.1648966372013092,0.5,0.2916666666666667
313,0.13079393282532692,0.18279271572828293,0.11584991868585348,1.0,0.4583333333333333,0.011656860898559293,0.021863834001123905,0.009829168557189405,1.0,0.4583333333333333,0.011477658913160363,0.016984863905236125,0.009934193920344114,0.9166666666666666,0.4166666666666667,0.012759060288468996,0.015794271836057305,0.012020491529256105,0.9166666666666666,0.4166666666666667,0.22514949242273966,0.22925342246890068,0.22394977137446404,0.9166666666666666,0.4166666666666667,0.013321933802217245,0.01962285628542304,0.011563542881049216,0.9166666666666666,0.4166666666666667,0.011369839621086916,0.01682637259364128,0.009861166006885469,0.9166666666666666,0.4166666666666667,1.172481854756673,1.1666524708271027,1.174185961484909,0.9166666666666666,0.4166666666666667
314,0.1698906049132347,0.18529914319515228,0.1353660747408867,0.7083333333333334,0.375,0.018576969703038532,0.02011973108164966,0.013093690387904644,0.625,0.2916666666666667,0.02269241896768411,0.023669408168643713,0.016525117214769125,0.625,0.2916666666666667,0.019749111185471218,0.02028602408245206,0.016423660330474377,0.625,0.375,0.23298935343821844,0.23391040414571762,0.22837145626544952,0.625,0.2916666666666667,0.025761323980987072,0.027069047559052706,0.01894010603427887,0.625,0.2916666666666667,0.022201998469730217,0.023349487222731113,0.016267467406578362,0.625,0.2916666666666667,1.1613457997639973,1.160037636756897,1.1679052710533142,0.625,0.2916666666666667
315,0.15018809586763382,0.21488505601882935,0.1322907879948616,1.0,0.4166666666666667,0.014718697251131138,0.028810116462409496,0.012409012415446341,1.0,0.375,0.02085935914268096,0.03804862778633833,0.01747178111691028,1.0,0.4166666666666667,0.01568843750283122,0.024931090883910656,0.014019764494150877,1.0,0.4166666666666667,0.23111805568138757,0.24446015432476997,0.22881783545017242,1.0,0.4166666666666667,0.023434242544074852,0.04168134927749634,0.019811994396150112,1.0,0.375,0.02015416386226813,0.03641118295490742,0.017012682394124568,1.0,0.375,1.1640037298202515,1.145050048828125,1.167271077632904,1.0,0.4166666666666667
316,0.18795141577720642,0.2281947061419487,0.17143925093114376,1.0,0.4583333333333333,0.028017060831189156,0.035895267967134714,0.022988142678514123,0.875,0.3333333333333333,0.04169058737655481,0.04901592340320349,0.0315851888153702,0.6666666666666666,0.20833333333333334,0.028799173111716907,0.03321278374642134,0.023638700833544135,0.7916666666666666,0.20833333333333334,0.2467700938383738,0.252000629901886,0.24061721190810204,0.8333333333333334,0.20833333333333334,0.04170537739992142,0.04916874039918184,0.03362755966372788,0.875,0.20833333333333334,0.03653736785054207,0.04337814077734947,0.029318022076040506,0.8333333333333334,0.20833333333333334,1.1417681177457173,1.1343398094177246,1.1505103707313538,0.8333333333333334,0.20833333333333334
317,0.1800500899553299,0.19796163961291313,0.15645437315106392,0.75,0.375,0.021156085655093193,0.027885788585990667,0.017066667671315372,0.875,0.375,0.02266171791901191,0.026291231159120798,0.017832858371548355,0.7083333333333334,0.3333333333333333,0.017282372961441677,0.019138780888170004,0.014492728165350854,0.7083333333333334,0.3333333333333333,0.23682506382465363,0.23976212739944458,0.2333361841738224,0.75,0.3333333333333333,0.024782204690078895,0.029276004061102867,0.019979339092969894,0.75,0.3333333333333333,0.021461626514792442,0.02543065929785371,0.017266681068576872,0.75,0.3333333333333333,1.1558973391850789,1.1517255008220673,1.1608532071113586,0.75,0.3333333333333333
318,0.1559917815029621,0.2642402909696102,0.14430663362145424,1.0,0.6666666666666666,0.01749262244751056,0.0439634695649147,0.015829774900339544,1.0,0.5833333333333334,0.015495825558900833,0.042258571833372116,0.015206642681732774,1.0,0.6666666666666666,0.01312518926958243,0.027720739599317312,0.012996729114092886,1.0,0.6666666666666666,0.2316653827826182,0.25165943056344986,0.23141566291451454,1.0,0.6666666666666666,0.01743856817483902,0.04611227847635746,0.016905047232285142,1.0,0.6666666666666666,0.014999878282348314,0.04065112769603729,0.014562746975570917,1.0,0.6666666666666666,1.1632264455159504,1.1348257958889008,1.163581132888794,1.0,0.6666666666666666
319,0.18838134904702505,0.1957358419895172,0.15760268084704876,0.5833333333333334,0.3333333333333333,0.02179597644135356,0.024328397121280432,0.01627037615980953,0.5833333333333334,0.2916666666666667,0.02964866595963637,0.032106421422213316,0.022291372646577656,0.5416666666666666,0.3333333333333333,0.021369483477125566,0.023317481856793165,0.017150996020063758,0.5833333333333334,0.3333333333333333,0.24162925283114114,0.24342075735330582,0.23618066683411598,0.5833333333333334,0.3333333333333333,0.03247220814228058,0.03502515330910683,0.024828878929838538,0.5833333333333334,0.3333333333333333,0.02833716633419196,0.030595812946558,0.02156483579892665,0.5833333333333334,0.3333333333333333,1.1490731636683147,1.1465283930301666,1.1568127870559692,0.5833333333333334,0.3333333333333333
320,0.18228444457054138,0.23132601380348206,0.1671201977878809,0.9583333333333334,0.4166666666666667,0.023074227074782055,0.034614312928169966,0.01976821245625615,0.9166666666666666,0.4166666666666667,0.026891487340132397,0.03851536847651005,0.02168815885670483,0.9166666666666666,0.4166666666666667,0.02006978401914239,0.026353861670941114,0.017344821244478226,0.9166666666666666,0.375,0.23949621617794037,0.24829303473234177,0.23563175275921822,0.9166666666666666,0.4166666666666667,0.029296400646368664,0.04201909527182579,0.024207595270127058,0.9166666666666666,0.4166666666666667,0.025489017367362976,0.03688121307641268,0.020977010019123554,0.9166666666666666,0.4166666666666667,1.1521029671033223,1.1396076381206512,1.1575924754142761,0.9166666666666666,0.4166666666666667
321,0.24382056295871735,0.23185431584715843,0.22194502502679825,0.3333333333333333,0.4583333333333333,0.03752150914321343,0.03348760446533561,0.033536482602357864,0.3333333333333333,0.4166666666666667,0.04049003186325232,0.03520993981510401,0.032420882722362876,0.4166666666666667,0.3333333333333333,0.02789195937414964,0.025024913251399994,0.023543017683550715,0.4166666666666667,0.3333333333333333,0.2484131952126821,0.24489924311637878,0.24260806292295456,0.4166666666666667,0.375,0.04358117158214251,0.03863644693046808,0.035396799677982926,0.4166666666666667,0.4166666666666667,0.03837374815096458,0.033851607237011194,0.030985947465524077,0.4166666666666667,0.4166666666666667,1.139436662197113,1.144428312778473,1.1476827561855316,0.4166666666666667,0.375
322,0.23257862776517868,0.25384168699383736,0.21356172859668732,0.75,0.5,0.03690133492151896,0.04360727733001113,0.033227978739887476,0.8333333333333334,0.5416666666666666,0.040582891553640366,0.04448699578642845,0.03505115630105138,0.7083333333333334,0.4166666666666667,0.027556408507128555,0.029695698991417885,0.024436149280518293,0.7083333333333334,0.4166666666666667,0.24640638132890066,0.24877283349633217,0.2424779273569584,0.7083333333333334,0.4166666666666667,0.04252021231999,0.04693101532757282,0.03741235472261906,0.7083333333333334,0.5,0.03729106020182371,0.041295191273093224,0.03278489434160292,0.7083333333333334,0.5,1.1422828833262126,1.138925552368164,1.147867500782013,0.7083333333333334,0.4166666666666667
323,0.21191850552956262,0.22512585669755936,0.18878027610480785,0.625,0.5416666666666666,0.030787907540798187,0.032280821818858385,0.027626517694443464,0.4166666666666667,0.5833333333333334,0.03882623525957266,0.03791430313140154,0.03338474198244512,0.25,0.5416666666666666,0.028004115136961143,0.027159796096384525,0.025149127934128046,0.25,0.5416666666666666,0.24674002826213837,0.24589523673057556,0.2428831085562706,0.25,0.5,0.04126946938534578,0.04123756941407919,0.035687698982656,0.3333333333333333,0.5,0.036194163685043655,0.0360900592058897,0.03132779756560922,0.3333333333333333,0.5,1.1418128609657288,1.1430135071277618,1.1472917795181274,0.25,0.5
324,0.1802283227443695,0.19771981611847878,0.15169751644134521,0.625,0.375,0.021479221526533365,0.025357350707054138,0.01729453110601753,0.7083333333333334,0.375,0.024069781104723614,0.027918970678001642,0.01757579087279737,0.625,0.2916666666666667,0.01872536602119605,0.020574658643454313,0.015091420849785209,0.5833333333333334,0.2916666666666667,0.2375492403904597,0.24054323136806488,0.23275665193796158,0.625,0.2916666666666667,0.026737723344316084,0.030981924384832382,0.019787271274253726,0.625,0.2916666666666667,0.02319393213838339,0.02696084650233388,0.017131351865828037,0.625,0.2916666666666667,1.154868721961975,1.1506160199642181,1.1616764068603516,0.625,0.2916666666666667
325,0.1850129539767901,0.23801925405859947,0.17154569923877716,1.0,0.375,0.024633361026644707,0.03889838699251413,0.0221629801671952,1.0,0.4166666666666667,0.030076237705846626,0.0459719505161047,0.02906455285847187,1.0,0.5416666666666666,0.023524928527573746,0.03204971458762884,0.02272327756509185,1.0,0.5416666666666666,0.23974306136369705,0.25066861510276794,0.2389235757291317,1.0,0.5,0.032694089536865555,0.04816759005188942,0.0311194839887321,1.0,0.4583333333333333,0.028488040591279667,0.04239354655146599,0.02704741107299924,1.0,0.4583333333333333,1.151752273241679,1.1362320482730865,1.1529157161712646,1.0,0.5
326,0.21106978009144464,0.23982490599155426,0.19013677909970284,0.7916666666666666,0.3333333333333333,0.03076174606879552,0.037836105562746525,0.02579869795590639,0.75,0.375,0.036833978878955044,0.04177897796034813,0.0277980153914541,0.6666666666666666,0.3333333333333333,0.028435581053296726,0.03044745232909918,0.02355046314187348,0.625,0.3333333333333333,0.2453092634677887,0.24872813746333122,0.2391267642378807,0.6666666666666666,0.3333333333333333,0.03940183358887831,0.045206254348158836,0.030105019453912973,0.6666666666666666,0.3333333333333333,0.03450248328348001,0.039740942884236574,0.026219721883535385,0.6666666666666666,0.3333333333333333,1.1438455780347188,1.1389890313148499,1.1526271402835846,0.6666666666666666,0.3333333333333333
327,0.19271439562241235,0.21763626486063004,0.16211307607591152,0.7916666666666666,0.4583333333333333,0.026699356424311798,0.03141322452574968,0.019893818651326,0.75,0.4166666666666667,0.029190194482604664,0.030403558630496264,0.022840797202661633,0.5833333333333334,0.375,0.020366180998583634,0.02122212154790759,0.017046048073098063,0.5833333333333334,0.375,0.23705556243658066,0.23818211257457733,0.2326085828244686,0.5833333333333334,0.375,0.03171708031247059,0.033530162647366524,0.025262515526264906,0.625,0.375,0.02748281881213188,0.029085809364914894,0.021783916745334864,0.625,0.375,1.1555686990420024,1.153969645500183,1.1618863940238953,0.5833333333333334,0.375
328,0.1460708019634088,0.19205418974161148,0.12768925167620182,0.9166666666666666,0.3333333333333333,0.014696734181294838,0.022209674585610628,0.011439715744927526,0.8333333333333334,0.375,0.023475573398172855,0.027494570706039667,0.01775746955536306,0.625,0.375,0.02101662413527568,0.0229289042763412,0.0176525991410017,0.625,0.375,0.2302603448430697,0.23400305584073067,0.2264637053012848,0.625,0.375,0.025000267817328375,0.030609882902354002,0.01973746786825359,0.625,0.375,0.021515813656151295,0.02641252987086773,0.01689884625375271,0.625,0.375,1.1652199824651082,1.1599044501781464,1.1706138849258423,0.625,0.375
329,0.20995759715636572,0.257818590849638,0.19487714022397995,0.9166666666666666,0.3333333333333333,0.02866313761721055,0.041217874735593796,0.026259868405759335,0.9166666666666666,0.375,0.03711565832297007,0.051929088309407234,0.03572568669915199,0.875,0.5,0.02554027798275153,0.03341975109651685,0.02487306436523795,0.875,0.5416666666666666,0.24683943390846252,0.2573680356144905,0.24570393934845924,0.875,0.5,0.040701315427819885,0.056181080639362335,0.03908264357596636,0.875,0.5,0.03576189372688532,0.049884259700775146,0.03427336970344186,0.875,0.5,1.141672432422638,1.1267168819904327,1.1432850658893585,0.875,0.5
330,0.18786992132663727,0.2321234978735447,0.16780012659728527,1.0,0.4583333333333333,0.02404430943230788,0.034948612563312054,0.01999087177682668,0.9583333333333334,0.3333333333333333,0.030249120357135933,0.0387152936309576,0.023982275743037462,0.8333333333333334,0.3333333333333333,0.02057505336900552,0.024761708918958902,0.01701998896896839,0.7916666666666666,0.3333333333333333,0.23920339345932007,0.24581017345190048,0.23491620644927025,0.8333333333333334,0.375,0.031958079896867275,0.04198656417429447,0.02635236270725727,0.8333333333333334,0.4166666666666667,0.027769039385020733,0.03676400147378445,0.02284951088950038,0.8333333333333334,0.4166666666666667,1.1525184114774067,1.1431342363357544,1.158608615398407,0.8333333333333334,0.375
331,0.18188102543354034,0.24094843119382858,0.164878498762846,0.8333333333333334,0.5,0.023131381254643202,0.036282268818467855,0.02051132614724338,0.8333333333333334,0.5,0.026191705061743658,0.037435161881148815,0.02351363399066031,0.8333333333333334,0.5,0.020000757183879614,0.026199317071586847,0.018665165174752474,0.8333333333333334,0.5,0.23413163671890894,0.24250003695487976,0.23210499808192253,0.8333333333333334,0.5,0.02900085613752405,0.041002584621310234,0.025782034266740084,0.8333333333333334,0.5,0.025067423935979605,0.035754278767853975,0.022224782733246684,0.8333333333333334,0.5,1.1597229639689128,1.1478354036808014,1.1626015305519104,0.8333333333333334,0.5
332,0.15047485008835793,0.17288631200790405,0.1170125175267458,0.6666666666666666,0.2916666666666667,0.015710005226234596,0.018488593865185976,0.010230501007754356,0.625,0.2916666666666667,0.019714197299132746,0.01990128541365266,0.012323363276664168,0.625,0.25,0.0159713684891661,0.01596471411176026,0.0118607257027179,0.625,0.25,0.23438511043787003,0.23484715446829796,0.2290148362517357,0.625,0.25,0.0207012554941078,0.022067666053771973,0.013227246003225446,0.625,0.25,0.01793289463967085,0.01907509029842913,0.011390215309802443,0.625,0.25,1.1593628128369649,1.1587068736553192,1.1669911742210388,0.625,0.25
333,0.2919715369741122,0.2950332388281822,0.23818274959921837,0.5833333333333334,0.20833333333333334,0.053935264547665916,0.0541679821908474,0.03863927908241749,0.5833333333333334,0.25,0.06322858047982056,0.06489977333694696,0.04662364162504673,0.5833333333333334,0.2916666666666667,0.04184268849591414,0.042560601606965065,0.032983023673295975,0.5833333333333334,0.2916666666666667,0.2614119698603948,0.26291634142398834,0.24971772357821465,0.5833333333333334,0.25,0.0653621144592762,0.06760031823068857,0.049202839843928814,0.5833333333333334,0.2916666666666667,0.05858739589651426,0.06046496145427227,0.0434031062759459,0.5833333333333334,0.2916666666666667,1.120968262354533,1.1188346445560455,1.1375832259654999,0.5833333333333334,0.25
334,0.14240604266524315,0.182226050645113,0.14475859142839909,0.8333333333333334,0.5416666666666666,0.014658851626639565,0.02204432152211666,0.015809868462383747,0.8333333333333334,0.5833333333333334,0.018729196473335225,0.024904525838792324,0.01762854168191552,0.6666666666666666,0.5416666666666666,0.014858452448000511,0.01795556489378214,0.014231064589694142,0.625,0.5416666666666666,0.23389006654421488,0.23882770165801048,0.23321284726262093,0.6666666666666666,0.5416666666666666,0.0196637202364703,0.02709896443411708,0.01908636325970292,0.6666666666666666,0.5416666666666666,0.01700895504715542,0.02354705799371004,0.016484850086271763,0.6666666666666666,0.5416666666666666,1.1600660681724548,1.1530525386333466,1.1610281467437744,0.6666666666666666,0.5416666666666666
335,0.16482485582431158,0.1843230426311493,0.13943707570433617,0.7916666666666666,0.3333333333333333,0.017152294671783846,0.0211272775195539,0.014007149788085371,0.8333333333333334,0.4583333333333333,0.023048751677076023,0.023352982942014933,0.019161309115588665,0.5833333333333334,0.4166666666666667,0.01775893134375413,0.018022438511252403,0.015629626577720046,0.5833333333333334,0.4166666666666667,0.23302989453077316,0.23321986943483353,0.23007765039801598,0.5833333333333334,0.4166666666666667,0.025582059907416504,0.026273221243172884,0.021354863769374788,0.625,0.4166666666666667,0.022034081630408764,0.022647878620773554,0.01837852457538247,0.625,0.4166666666666667,1.1612880031267803,1.1610183417797089,1.1654815673828125,0.5833333333333334,0.4166666666666667
336,0.1880866214632988,0.21913817897439003,0.17232324928045273,0.875,0.5,0.02407112376143535,0.030602438375353813,0.023012793390080333,0.875,0.5,0.03591241935888926,0.042186006903648376,0.03516961494460702,0.6666666666666666,0.4583333333333333,0.02850368432700634,0.0313641126267612,0.028053137939423323,0.6666666666666666,0.4583333333333333,0.24284973988930383,0.24788848310709,0.2423069290816784,0.75,0.5,0.03857832153638204,0.04603888373821974,0.03784223413094878,0.75,0.5,0.03368513906995455,0.04040623735636473,0.03300223359838128,0.75,0.5,1.1473388671875,1.140182226896286,1.1481103301048279,0.75,0.5
337,0.1973603367805481,0.23989580944180489,0.18119884096086025,0.875,0.375,0.027053959667682648,0.03660673322156072,0.022671259474009275,0.7083333333333334,0.4166666666666667,0.02923044888302684,0.03807933675125241,0.022579981945455074,0.75,0.3333333333333333,0.02154809267570575,0.02662810357287526,0.018108756747096777,0.75,0.3333333333333333,0.24061676114797592,0.24727842584252357,0.2358870916068554,0.75,0.2916666666666667,0.032220748563607536,0.041688667610287666,0.02530854567885399,0.75,0.3333333333333333,0.028117823724945385,0.03655182244256139,0.02193214069120586,0.75,0.3333333333333333,1.150511384010315,1.1410487294197083,1.1572297811508179,0.75,0.2916666666666667
338,0.14955329149961472,0.19665390253067017,0.14718858152627945,0.9583333333333334,0.625,0.01486027465822796,0.02444534795358777,0.014980296837165952,0.9583333333333334,0.6666666666666666,0.02392262841264407,0.03706440795212984,0.024218774866312742,0.9583333333333334,0.5416666666666666,0.016561496847619612,0.023477280978113413,0.016912930877879262,0.9583333333333334,0.5833333333333334,0.23442168037096658,0.2438853271305561,0.23445237800478935,0.9583333333333334,0.5416666666666666,0.026636417334278423,0.040110135450959206,0.026771544013172388,0.9583333333333334,0.5833333333333334,0.02301438044135769,0.0350196142680943,0.023161571007221937,0.9583333333333334,0.5833333333333334,1.1593111157417297,1.1458682715892792,1.1592674553394318,0.9583333333333334,0.5416666666666666
339,0.1834948236743609,0.2264418564736843,0.14669626578688622,0.875,0.375,0.022733420754472416,0.03219092916697264,0.015851664473302662,0.875,0.25,0.025516854288677376,0.031659518368542194,0.017247540410608053,0.7916666666666666,0.20833333333333334,0.01603739894926548,0.019079221412539482,0.011567018111236393,0.7916666666666666,0.20833333333333334,0.23733481764793396,0.24206888675689697,0.23105474561452866,0.8333333333333334,0.20833333333333334,0.028440069096783798,0.035410101525485516,0.01947406167164445,0.8333333333333334,0.20833333333333334,0.024647355700532596,0.03084254404529929,0.01678045722655952,0.8333333333333334,0.20833333333333334,1.1551733016967773,1.1484489440917969,1.164093792438507,0.8333333333333334,0.20833333333333334
340,0.13335697973767915,0.16271290928125381,0.12064778059720993,0.75,0.375,0.013060629949904978,0.016861113719642162,0.010368281626142561,0.7083333333333334,0.375,0.01955213110583524,0.021694792434573174,0.014706604066304862,0.5833333333333334,0.3333333333333333,0.018244615755975246,0.01940544880926609,0.015370694221928716,0.5833333333333334,0.3333333333333333,0.2306267445286115,0.23252275213599205,0.22723285853862762,0.5833333333333334,0.3333333333333333,0.020796186135460932,0.023918888764455914,0.016313391737639904,0.5833333333333334,0.3333333333333333,0.017922093548501532,0.020611767191439867,0.013980192365124822,0.5833333333333334,0.3333333333333333,1.1647007465362549,1.1620075702667236,1.1695217788219452,0.5833333333333334,0.3333333333333333
341,0.1864392583568891,0.2283012717962265,0.16000407002866268,0.875,0.4166666666666667,0.028355799925824005,0.038813288789242506,0.022677012952044606,0.875,0.375,0.02960345894098282,0.04620857164263725,0.02341790613718331,1.0,0.4583333333333333,0.02044901717454195,0.029055660590529442,0.017058382858522236,0.9166666666666666,0.4583333333333333,0.2392809862891833,0.2507173903286457,0.2349637895822525,1.0,0.4583333333333333,0.03143996434907118,0.04643145855516195,0.02539152419194579,0.9166666666666666,0.4583333333333333,0.02734461644043525,0.04088138323277235,0.022050285362638533,0.9166666666666666,0.4583333333333333,1.1524072289466858,1.1361621916294098,1.1585405468940735,1.0,0.4583333333333333
342,0.16659599045912424,0.2244887463748455,0.14190714247524738,1.0,0.4166666666666667,0.0231654883051912,0.035403807647526264,0.0171674694865942,1.0,0.25,0.03458554825435082,0.04386695567518473,0.024678813759237528,0.875,0.16666666666666666,0.027424072846770287,0.03206276707351208,0.02226559049449861,0.875,0.16666666666666666,0.2393509273727735,0.24647291377186775,0.23266897723078728,0.875,0.16666666666666666,0.03644399313877026,0.0473800553008914,0.02684829686768353,0.9166666666666666,0.125,0.031650260711709656,0.041499145328998566,0.023155667586252093,0.9166666666666666,0.125,1.1523086031277974,1.142192393541336,1.1618004739284515,0.875,0.16666666666666666
343,0.18049790213505426,0.20105455070734024,0.15493103116750717,0.7916666666666666,0.375,0.021434050053358078,0.026582712307572365,0.017487749457359314,0.875,0.4166666666666667,0.02649925121416648,0.029575671069324017,0.022568821907043457,0.5833333333333334,0.4166666666666667,0.021063185296952724,0.022771206218749285,0.01901312218979001,0.5833333333333334,0.4166666666666667,0.2363689293464025,0.2385147102177143,0.23337842896580696,0.5833333333333334,0.4166666666666667,0.02956207375973463,0.033019956201314926,0.02509594103321433,0.5833333333333334,0.4166666666666667,0.025579659268260002,0.028632176108658314,0.021684883628040552,0.5833333333333334,0.4166666666666667,1.156545082728068,1.1534971594810486,1.160792976617813,0.5833333333333334,0.4166666666666667
344,0.27385864903529483,0.29608556628227234,0.2558025047183037,0.5,0.4166666666666667,0.04858355068912109,0.0547945536673069,0.042975439224392176,0.5833333333333334,0.4166666666666667,0.058913347932199635,0.06666339933872223,0.05522714927792549,0.5833333333333334,0.4166666666666667,0.038089572762449585,0.04224836174398661,0.035656098276376724,0.5833333333333334,0.4166666666666667,0.25809648136297864,0.2631771191954613,0.25524453818798065,0.5833333333333334,0.4166666666666667,0.06291567472120126,0.07024684641510248,0.05969834979623556,0.5833333333333334,0.4166666666666667,0.05621171370148659,0.06285440642386675,0.05295275617390871,0.5833333333333334,0.4166666666666667,1.1256806055704753,1.1184633076190948,1.1297325789928436,0.5833333333333334,0.4166666666666667
345,0.1542447612931331,0.22288545593619347,0.14142280258238316,1.0,0.4583333333333333,0.017827743703188997,0.03504617977887392,0.01611804694402963,1.0,0.5416666666666666,0.019661239193131525,0.03425366338342428,0.017213576822541654,1.0,0.4583333333333333,0.02107350838681062,0.02888019336387515,0.01967021729797125,1.0,0.4583333333333333,0.2324360211690267,0.24317389726638794,0.2304302081465721,1.0,0.4166666666666667,0.021859051194041967,0.03724098578095436,0.01877305400557816,1.0,0.4166666666666667,0.018875831660504144,0.03247602004557848,0.01614195213187486,1.0,0.4166666666666667,1.162131667137146,1.146878957748413,1.1649807691574097,1.0,0.4166666666666667
346,0.1317722611129284,0.19473495706915855,0.11707517690956593,1.0,0.3333333333333333,0.01167335380644848,0.022699365857988596,0.009240365034202114,0.9583333333333334,0.3333333333333333,0.02336263672138254,0.03329159691929817,0.01819875161163509,0.625,0.375,0.026933652348816395,0.031860437244176865,0.024009267799556255,0.625,0.3333333333333333,0.23053810745477676,0.23751035705208778,0.22691282257437706,0.6666666666666666,0.3333333333333333,0.024865232097605865,0.03732190188020468,0.02009659633040428,0.8333333333333334,0.3333333333333333,0.021410555423547823,0.03236421849578619,0.017238012049347162,0.8333333333333334,0.3333333333333333,1.164827048778534,1.1549237072467804,1.169976830482483,0.6666666666666666,0.3333333333333333
347,0.17571329573790231,0.17639584466814995,0.14789124205708504,0.5416666666666666,0.375,0.020780963512758415,0.02073124796152115,0.016453460848424584,0.5416666666666666,0.4166666666666667,0.028285493453343708,0.02503793826326728,0.02319223713129759,0.4166666666666667,0.4166666666666667,0.020177405637999375,0.018254042603075504,0.01753314444795251,0.4166666666666667,0.4166666666666667,0.23991371442874274,0.23765894398093224,0.2362409643828869,0.4166666666666667,0.4166666666666667,0.030213141192992527,0.027294770814478397,0.025009519886225462,0.4166666666666667,0.4166666666666667,0.026295437167088192,0.023669341579079628,0.021716137533076108,0.4166666666666667,0.4166666666666667,1.1515097618103027,1.1547127068042755,1.1567267775535583,0.4166666666666667,0.4166666666666667
348,0.16963530083497366,0.19530213251709938,0.15780446119606495,0.7916666666666666,0.7083333333333334,0.01804420941819747,0.02291512698866427,0.016499135526828468,0.7916666666666666,0.5833333333333334,0.02618806902319193,0.02736880537122488,0.021711252629756927,0.5,0.375,0.021169963913659256,0.02136356383562088,0.01852494408376515,0.5,0.3333333333333333,0.23681025703748068,0.23806621506810188,0.23380392789840698,0.5416666666666666,0.4166666666666667,0.028074606011311214,0.030451933853328228,0.024118565255776048,0.625,0.4166666666666667,0.024321050538371008,0.026422419119626284,0.02087237488012761,0.625,0.4166666666666667,1.155918041865031,1.1541343927383423,1.160188615322113,0.5416666666666666,0.4166666666666667
349,0.16999421765406927,0.18135443329811096,0.14328143745660782,0.625,0.20833333333333334,0.018842238001525402,0.020678157918155193,0.014087978459428996,0.6666666666666666,0.20833333333333334,0.019788447457055252,0.01883368520066142,0.015356653486378491,0.4166666666666667,0.3333333333333333,0.016919828330477078,0.01621400355361402,0.014371358323842287,0.4166666666666667,0.3333333333333333,0.2335104743639628,0.2329740673303604,0.23026710748672485,0.4583333333333333,0.3333333333333333,0.02184851250300805,0.021339976228773594,0.01724097365513444,0.5,0.3333333333333333,0.018852038619418938,0.018384002149105072,0.01484277960844338,0.5,0.3333333333333333,1.1606054902076721,1.1613675653934479,1.1652125418186188,0.4583333333333333,0.3333333333333333
350,0.14493130768338838,0.19585926458239555,0.13844347558915615,1.0,0.5,0.01783134462311864,0.02611997164785862,0.01577258831821382,0.8333333333333334,0.4583333333333333,0.022485535436620314,0.028070760890841484,0.019232655642554164,0.6666666666666666,0.4166666666666667,0.018624494628359873,0.021555559244006872,0.016963526606559753,0.6666666666666666,0.4166666666666667,0.2300231009721756,0.2346230149269104,0.22781158983707428,0.6666666666666666,0.4166666666666667,0.025147948724528153,0.03176711034029722,0.02186663169413805,0.6666666666666666,0.4166666666666667,0.021625518333166838,0.02743761008605361,0.018744061002507806,0.6666666666666666,0.4166666666666667,1.1655588150024414,1.159025251865387,1.1687003374099731,0.6666666666666666,0.4166666666666667
351,0.19913620501756668,0.2086806334555149,0.19680953584611416,0.4583333333333333,0.75,0.024357570335268974,0.02527586231008172,0.026173600694164634,0.4583333333333333,0.75,0.03182483154038588,0.03180228266865015,0.03391844523139298,0.4583333333333333,0.7083333333333334,0.027023131027817726,0.02703473251312971,0.02837467729113996,0.4583333333333333,0.7083333333333334,0.24063643316427866,0.2407401278614998,0.24220838025212288,0.4583333333333333,0.7083333333333334,0.03562180573741595,0.036015081219375134,0.037862726021558046,0.4583333333333333,0.7083333333333334,0.031027641147375107,0.031322579830884933,0.03316882508806884,0.4583333333333333,0.7083333333333334,1.15048348903656,1.150336354970932,1.14825040102005,0.4583333333333333,0.7083333333333334
352,0.2004185418287913,0.2603951618075371,0.1802240815013647,1.0,0.4583333333333333,0.029100083125134308,0.047738369554281235,0.024371732026338577,1.0,0.3333333333333333,0.03674215512971083,0.04981966037303209,0.02872063056565821,0.9166666666666666,0.375,0.028574851031104725,0.03517596982419491,0.02430853247642517,0.9166666666666666,0.375,0.24258181204398474,0.2520989254117012,0.23721135035157204,0.9166666666666666,0.4166666666666667,0.03882216103374958,0.052672576159238815,0.031129550421610475,0.9583333333333334,0.375,0.03384726711859306,0.046468052081763744,0.027029326651245356,0.9583333333333334,0.375,1.1477193236351013,1.1342007517814636,1.1553482115268707,0.9166666666666666,0.4166666666666667
353,0.18452085802952448,0.19069182500243187,0.1548844538629055,0.5833333333333334,0.3333333333333333,0.02164005022495985,0.024215211160480976,0.01674753788392991,0.7083333333333334,0.3333333333333333,0.022243468090891838,0.023741384502500296,0.01640183391282335,0.5416666666666666,0.3333333333333333,0.018363022711127996,0.019015726866200566,0.015010315226390958,0.5416666666666666,0.3333333333333333,0.23622861504554749,0.23735490068793297,0.231866717338562,0.5416666666666666,0.3333333333333333,0.024246618927766878,0.02588274935260415,0.018103928305208683,0.5833333333333334,0.3333333333333333,0.02100311980272333,0.022473830496892333,0.015649479464627802,0.5833333333333334,0.3333333333333333,1.1567442019780476,1.1551441252231598,1.162940263748169,0.5416666666666666,0.3333333333333333
354,0.16796727975209555,0.25636858493089676,0.16306757926940918,1.0,0.5833333333333334,0.019085911413033802,0.03950351336970925,0.018746364046819508,1.0,0.5833333333333334,0.02472361937786142,0.04443537909537554,0.022928241174668074,1.0,0.5,0.021920473780483007,0.03199905529618263,0.02075711195357144,0.9583333333333334,0.5,0.23322960237661997,0.24784130230545998,0.23203254118561745,1.0,0.5,0.027387729690720636,0.04918348044157028,0.025877783074975014,1.0,0.5,0.02364485866079728,0.04316290467977524,0.022349032922647893,1.0,0.5,1.1610042850176494,1.140249252319336,1.162704885005951,1.0,0.5
355,0.17183799048264822,0.203225240111351,0.1679371166974306,1.0,0.5416666666666666,0.018221070834745962,0.025024819187819958,0.01904163509607315,1.0,0.5416666666666666,0.01988895097747445,0.027435192838311195,0.0221402149181813,0.9166666666666666,0.5833333333333334,0.01422020917137464,0.01834722701460123,0.015661473153159022,0.9166666666666666,0.625,0.23461041102806726,0.2399219125509262,0.23573843762278557,0.875,0.5416666666666666,0.022357362632950146,0.030244795605540276,0.0237709847278893,0.9166666666666666,0.5416666666666666,0.019313719123601913,0.02626669267192483,0.020576118025928736,0.9166666666666666,0.5416666666666666,1.1590431928634644,1.1514984667301178,1.1574405431747437,0.875,0.5416666666666666
356,0.1731946940223376,0.2054467834532261,0.14442804269492626,0.75,0.375,0.01971480017527938,0.02745777415111661,0.015087064646650106,0.7916666666666666,0.375,0.025282535857210558,0.030281423591077328,0.019870987278409302,0.6666666666666666,0.3333333333333333,0.01889209138850371,0.021158018615096807,0.01592968567274511,0.6666666666666666,0.3333333333333333,0.23764805495738983,0.24145051836967468,0.23362552002072334,0.6666666666666666,0.3333333333333333,0.027385680936276913,0.03321291320025921,0.021771348896436393,0.6666666666666666,0.3333333333333333,0.02375801062832276,0.028927987907081842,0.01881798799149692,0.6666666666666666,0.3333333333333333,1.154728094736735,1.1493270993232727,1.1604420244693756,0.6666666666666666,0.3333333333333333
357,0.15303985153635344,0.1819884404540062,0.1388207022100687,0.7916666666666666,0.5,0.015210575346524516,0.020034352550283074,0.012949944823049009,0.7916666666666666,0.4166666666666667,0.023373215304066736,0.02621913468465209,0.019155279966071248,0.5833333333333334,0.4583333333333333,0.021671535447239876,0.023072057403624058,0.019136461429297924,0.5416666666666666,0.4583333333333333,0.23073472330967584,0.23308121040463448,0.2277153916656971,0.625,0.4583333333333333,0.02580138761550188,0.029560283292084932,0.0215837883297354,0.6666666666666666,0.4583333333333333,0.022178843927880127,0.025478359777480364,0.018513997201807797,0.6666666666666666,0.4583333333333333,1.1645475029945374,1.1612147688865662,1.1688365042209625,0.625,0.4583333333333333
358,0.24129213144381842,0.27871035784482956,0.20637685805559158,0.9583333333333334,0.3333333333333333,0.037152875835696854,0.0497141694650054,0.029553154483437538,1.0,0.3333333333333333,0.04494284155468146,0.055212817154824734,0.035378146916627884,0.75,0.25,0.030355162918567657,0.03566783620044589,0.025034890277311206,0.75,0.25,0.24954737971226373,0.25686296820640564,0.2426551692187786,0.75,0.25,0.04896275947491328,0.05947473645210266,0.038856273517012596,0.75,0.25,0.04307035729289055,0.05282827094197273,0.0339797914493829,0.75,0.25,1.1378256281216939,1.127433180809021,1.147615373134613,0.75,0.25
359,0.25537509222825366,0.27759722992777824,0.21959231421351433,0.7083333333333334,0.375,0.04464609734714031,0.051880309358239174,0.036183321150019765,0.6666666666666666,0.375,0.06225993980964025,0.06927605532109737,0.05065060639753938,0.625,0.375,0.041344402668376766,0.04407419729977846,0.03524634521454573,0.5833333333333334,0.375,0.2625820164879163,0.26598282158374786,0.25476105511188507,0.5833333333333334,0.375,0.0642743930220604,0.07095896545797586,0.052835505455732346,0.625,0.3333333333333333,0.05756931814054648,0.06378227192908525,0.04698769189417362,0.625,0.3333333333333333,1.1193089485168457,1.114477813243866,1.1304190158843994,0.5833333333333334,0.375
360,0.13492116332054138,0.20263074710965157,0.1326943952590227,1.0,0.5416666666666666,0.015042519584919015,0.027355872560292482,0.014871408347971737,1.0,0.5833333333333334,0.018769585837920506,0.02997306315228343,0.01722548622637987,0.9583333333333334,0.4166666666666667,0.017671973910182714,0.024243748281151056,0.01670505735091865,0.9583333333333334,0.375,0.2301043594876925,0.2382041960954666,0.22895721718668938,0.9583333333333334,0.375,0.020722814835608006,0.03320762747898698,0.019173928070813417,1.0,0.4166666666666667,0.017803563736379147,0.028792642056941986,0.01645199372433126,1.0,0.4166666666666667,1.1654435793558757,1.1539381444454193,1.1670731008052826,0.9583333333333334,0.375
361,0.14954270794987679,0.1835438646376133,0.12929270789027214,0.7916666666666666,0.3333333333333333,0.015311735915020108,0.02100224792957306,0.01153177343076095,0.7916666666666666,0.3333333333333333,0.026234294132639963,0.030026257503777742,0.01999081391841173,0.5833333333333334,0.3333333333333333,0.022080123890191317,0.02359410049393773,0.018466666573658586,0.5,0.3333333333333333,0.23315160969893137,0.23642779141664505,0.22874001786112785,0.6666666666666666,0.3333333333333333,0.028193256817758083,0.03341206815093756,0.022233028430491686,0.6666666666666666,0.3333333333333333,0.024357717484235764,0.028912405483424664,0.01910401100758463,0.6666666666666666,0.3333333333333333,1.1611138582229614,1.15646094083786,1.1673810184001923,0.6666666666666666,0.3333333333333333
362,0.16843823591868082,0.1805088222026825,0.13974793069064617,0.6666666666666666,0.3333333333333333,0.021752191086610157,0.02339144330471754,0.016103987232781947,0.5833333333333334,0.25,0.028390465614696343,0.028900715988129377,0.02115046908147633,0.625,0.375,0.02211632952094078,0.022412217687815428,0.01825932413339615,0.625,0.375,0.23801511277755102,0.2383962906897068,0.2327931933104992,0.625,0.375,0.03035234318425258,0.03136759251356125,0.022877007606439292,0.625,0.3333333333333333,0.026322379087408383,0.02721290523186326,0.019759923685342073,0.625,0.3333333333333333,1.1542065143585205,1.1536652445793152,1.161624163389206,0.625,0.375
363,0.17139481753110886,0.1904299296438694,0.16659650579094887,0.7916666666666666,0.7083333333333334,0.020134916063398123,0.024806721601635218,0.020746502792462707,0.7916666666666666,0.75,0.018447291882087786,0.02150784758850932,0.019943418679758906,0.6666666666666666,0.6666666666666666,0.013743188232183456,0.015368400607258081,0.01462342543527484,0.6666666666666666,0.7083333333333334,0.23264236996571222,0.23506507650017738,0.2336922399699688,0.7083333333333334,0.6666666666666666,0.020827315747737885,0.02426156122237444,0.022266662679612637,0.6666666666666666,0.6666666666666666,0.017942301308115322,0.020956415683031082,0.01923270896077156,0.6666666666666666,0.6666666666666666,1.161838710308075,1.1583974659442902,1.1603473722934723,0.7083333333333334,0.6666666666666666
364,0.16074987252553305,0.16240457445383072,0.13316352106630802,0.5416666666666666,0.2916666666666667,0.01921003544703126,0.01839728793129325,0.013702374650165439,0.5,0.2916666666666667,0.03400648571550846,0.030925052240490913,0.02596931764855981,0.4166666666666667,0.2916666666666667,0.024674367470045883,0.023143503814935684,0.020244478713721037,0.4166666666666667,0.2916666666666667,0.2369199221332868,0.23461422696709633,0.23116909340023994,0.4166666666666667,0.2916666666666667,0.03705438319593668,0.03440997237339616,0.02901251381263137,0.4166666666666667,0.2916666666666667,0.03210613007346789,0.0297070168890059,0.024976444663479924,0.4166666666666667,0.2916666666666667,1.1557620565096538,1.1590374112129211,1.163930982351303,0.4166666666666667,0.2916666666666667
365,0.16397442544500032,0.21434129029512405,0.16289262659847736,0.9166666666666666,0.5416666666666666,0.01979049019670735,0.032009676564484835,0.018088791519403458,1.0,0.5,0.021828019836296637,0.0322212940081954,0.020388638600707054,0.9166666666666666,0.4166666666666667,0.017303114679331582,0.02280703792348504,0.016571487532928586,0.9583333333333334,0.4166666666666667,0.23537972569465637,0.2433810569345951,0.23421842977404594,0.9166666666666666,0.4166666666666667,0.024203369859606028,0.0355375399813056,0.022972114849835634,0.9166666666666666,0.4583333333333333,0.020970433096711833,0.030997158493846655,0.019840020453557372,0.9166666666666666,0.4583333333333333,1.1579503417015076,1.1465848684310913,1.159600019454956,0.9166666666666666,0.4166666666666667
366,0.1226950225730737,0.17306625470519066,0.1170234065502882,1.0,0.625,0.00953303708229214,0.01814255747012794,0.009084774530492723,1.0,0.6666666666666666,0.01472599757835269,0.024323181714862585,0.013674427522346377,1.0,0.625,0.01526878122240305,0.020270580891519785,0.014733800664544106,0.9583333333333334,0.5416666666666666,0.22861457616090775,0.23579004034399986,0.22773100808262825,0.9583333333333334,0.625,0.016936613091578085,0.027701805345714092,0.015717528760433197,1.0,0.625,0.014516789854193727,0.0239478824660182,0.013472735066898167,1.0,0.625,1.1675599813461304,1.1573677062988281,1.1688149869441986,0.9583333333333334,0.625
367,0.16557745138804117,0.1899965964257717,0.14028500765562057,0.875,0.4583333333333333,0.01730416699623068,0.021788655780255795,0.012861219933256507,0.875,0.4166666666666667,0.021686013787984848,0.026518968399614096,0.01500305556692183,0.7916666666666666,0.3333333333333333,0.018688070277372997,0.021028855349868536,0.014787035062909126,0.7916666666666666,0.2916666666666667,0.23596728841463724,0.23989945650100708,0.23109405487775803,0.7916666666666666,0.3333333333333333,0.02365549063930909,0.029743582475930452,0.016836866037920117,0.7916666666666666,0.3333333333333333,0.020461955573409796,0.02585151419043541,0.01450654910877347,0.7916666666666666,0.3333333333333333,1.1571156978607178,1.151530534029007,1.1640379130840302,0.7916666666666666,0.3333333333333333
368,0.15395613014698029,0.17112170532345772,0.13361325301229954,0.8333333333333334,0.25,0.015645210941632588,0.01756606251001358,0.011876703589223325,0.6666666666666666,0.20833333333333334,0.02066873184715708,0.021666125860065222,0.01522109261713922,0.5833333333333334,0.25,0.019495502424736817,0.02028286550194025,0.01668216777034104,0.625,0.25,0.23389799892902374,0.23495138064026833,0.22997139394283295,0.625,0.25,0.023177555141349632,0.024615915957838297,0.017348880879580975,0.5833333333333334,0.25,0.019991001735130947,0.021248907316476107,0.014913729974068701,0.5833333333333334,0.25,1.1600550611813862,1.15855872631073,1.1656326055526733,0.625,0.25
369,0.20127608130375543,0.20763614028692245,0.1571763250976801,0.5833333333333334,0.3333333333333333,0.026025813072919846,0.02678384631872177,0.017645737621933222,0.5416666666666666,0.3333333333333333,0.027252182364463806,0.02806655364111066,0.01900199009105563,0.5416666666666666,0.2916666666666667,0.023072346734503906,0.023557364474982023,0.0185251422226429,0.5833333333333334,0.2916666666666667,0.23861360301574072,0.23903804272413254,0.23236114159226418,0.5416666666666666,0.2916666666666667,0.030688502515355747,0.031746307387948036,0.021651212126016617,0.5416666666666666,0.2916666666666667,0.026653950723508995,0.027589695528149605,0.0187113395659253,0.5416666666666666,0.2916666666666667,1.1533570488293965,1.152754157781601,1.162238210439682,0.5416666666666666,0.2916666666666667
370,0.18097171932458878,0.22455132380127907,0.16753624565899372,1.0,0.4583333333333333,0.023582369089126587,0.03282484319061041,0.021059015300124884,0.875,0.4583333333333333,0.028112128997842472,0.03492150781676173,0.024240823229774833,0.75,0.4583333333333333,0.023731767510374386,0.02741157589480281,0.02145595010370016,0.75,0.4583333333333333,0.2380005493760109,0.2429528944194317,0.23536385968327522,0.75,0.5,0.029898687886695068,0.03802624437958002,0.026750339195132256,0.8333333333333334,0.5,0.02594001063456138,0.033170775044709444,0.023158148862421513,0.8333333333333334,0.5,1.1542271773020427,1.1471929252147675,1.1579728424549103,0.75,0.5
371,0.21337205171585083,0.24552520364522934,0.1791958436369896,0.7916666666666666,0.375,0.030062407565613587,0.03924840688705444,0.02353307616431266,0.8333333333333334,0.375,0.039881397038698196,0.04842157103121281,0.03153362078592181,0.75,0.375,0.025080679915845394,0.02909398078918457,0.020525272702798247,0.7083333333333334,0.375,0.24746894091367722,0.2532169334590435,0.24121305719017982,0.7083333333333334,0.375,0.04295880285402139,0.05192698631435633,0.03422661405056715,0.75,0.4166666666666667,0.037707269502182804,0.04590435139834881,0.02994254813529551,0.75,0.4166666666666667,1.1407775084177654,1.1326127648353577,1.1496640741825104,0.7083333333333334,0.375
372,0.15480872243642807,0.1544407680630684,0.1188932303339243,0.5416666666666666,0.3333333333333333,0.016417378714929026,0.015459386864677072,0.01052928200806491,0.5416666666666666,0.3333333333333333,0.01949203247204423,0.01697897259145975,0.012533656903542578,0.4583333333333333,0.2916666666666667,0.016364161390811205,0.014792794128879905,0.012349471100606024,0.375,0.2916666666666667,0.22935807953278223,0.2278253473341465,0.22435905411839485,0.4583333333333333,0.2916666666666667,0.020677834128340084,0.018894977401942015,0.013780488865450025,0.4583333333333333,0.2916666666666667,0.017771443352103233,0.01619271095842123,0.011769935896154493,0.4583333333333333,0.2916666666666667,1.1665032108624775,1.168680727481842,1.173604279756546,0.4583333333333333,0.2916666666666667
373,0.25918273131052655,0.32252802699804306,0.21881905011832714,0.9583333333333334,0.375,0.046743608390291534,0.06743652280420065,0.03459178749471903,0.9583333333333334,0.4166666666666667,0.05471484921872616,0.06871611066162586,0.04053461039438844,0.75,0.375,0.03268419733891884,0.03962835669517517,0.024936416652053595,0.75,0.375,0.25833429644505185,0.26883669942617416,0.24884368851780891,0.7916666666666666,0.4166666666666667,0.05179449295004209,0.06743891164660454,0.039871072163805366,0.875,0.4583333333333333,0.046142756938934326,0.06074983347207308,0.035277519025839865,0.875,0.4583333333333333,1.1253419319788616,1.110420972108841,1.1388240456581116,0.7916666666666666,0.4166666666666667
374,0.26015132417281467,0.29363875836133957,0.22725039720535278,0.625,0.3333333333333333,0.04762262152507901,0.05601341184228659,0.03749227384105325,0.5833333333333334,0.375,0.05524148729940256,0.06350090075284243,0.04611779237166047,0.5833333333333334,0.375,0.03875181544572115,0.04357162583619356,0.03353199968114495,0.5833333333333334,0.4166666666666667,0.2541392569740613,0.25937870889902115,0.2478550411760807,0.5833333333333334,0.3333333333333333,0.05810657454033693,0.06639939174056053,0.049253351986408234,0.5833333333333334,0.3333333333333333,0.05162013818820318,0.05913100577890873,0.04335759999230504,0.5833333333333334,0.3333333333333333,1.1313015421231587,1.1238596141338348,1.1402289867401123,0.5833333333333334,0.3333333333333333
375,0.16772047678629556,0.20807183906435966,0.15455656312406063,0.875,0.4583333333333333,0.019237329717725515,0.027903928887099028,0.017318697297014296,0.875,0.4583333333333333,0.025690903266270954,0.03477680869400501,0.022713789716362953,0.7083333333333334,0.5,0.01986219733953476,0.02486595930531621,0.018299017567187548,0.7083333333333334,0.5,0.23575558761755624,0.2421519197523594,0.23373586684465408,0.7083333333333334,0.5,0.02799174375832081,0.0381259024143219,0.02506716805510223,0.8333333333333334,0.5,0.024229321007927258,0.033238950185477734,0.021671558264642954,0.8333333333333334,0.5,1.1574159065882366,1.1483306884765625,1.160285234451294,0.7083333333333334,0.5
376,0.1976138154665629,0.2319861203432083,0.17473714612424374,0.875,0.4583333333333333,0.023992385404805344,0.03268403094261885,0.020220236503519118,0.875,0.4583333333333333,0.03034288715571165,0.039978799410164356,0.02699987217783928,0.875,0.5416666666666666,0.02771907113492489,0.0329357385635376,0.026222446002066135,0.875,0.5,0.23963690549135208,0.24695057794451714,0.23699866980314255,0.875,0.5,0.03408597595989704,0.04400622984394431,0.03025869559496641,0.875,0.5416666666666666,0.02961987319091956,0.03860871680080891,0.02630782383494079,0.875,0.5416666666666666,1.1519033114115398,1.1415145099163055,1.155650794506073,0.875,0.5
377,0.14107611899574599,0.16334018111228943,0.11380506306886673,0.6666666666666666,0.375,0.013832742348313332,0.016950710909441113,0.00944600475486368,0.6666666666666666,0.3333333333333333,0.02277141297236085,0.023411755450069904,0.015132896369323134,0.5416666666666666,0.25,0.02001956074188153,0.02018431667238474,0.015832805540412664,0.5416666666666666,0.25,0.23134634147087732,0.23199553042650223,0.22605792433023453,0.5416666666666666,0.25,0.024186691424498957,0.02605906268581748,0.016608233796432614,0.5416666666666666,0.25,0.020856212358921766,0.022430787794291973,0.014225380844436586,0.5416666666666666,0.25,1.1636784076690674,1.1627571880817413,1.1711912155151367,0.5416666666666666,0.25
378,0.15222552170356116,0.22275468334555626,0.13630931079387665,1.0,0.4583333333333333,0.014723590264717737,0.03123196866363287,0.012262386677321047,1.0,0.4166666666666667,0.02305858147641023,0.036778450943529606,0.019027093891054392,1.0,0.4583333333333333,0.024166347769399483,0.031382699497044086,0.021709809312596917,0.875,0.4166666666666667,0.23270894587039948,0.24352026358246803,0.22988100722432137,1.0,0.4583333333333333,0.025447117164731026,0.04079569969326258,0.021294554229825735,1.0,0.4166666666666667,0.02192699272806446,0.035607490222901106,0.01831541256979108,1.0,0.4166666666666667,1.1617439190546672,1.1463871598243713,1.16576087474823,1.0,0.4583333333333333
379,0.22168107579151788,0.2297384776175022,0.2136235274374485,0.625,0.4583333333333333,0.034073331082860626,0.03504993626847863,0.03259318694472313,0.5833333333333334,0.4583333333333333,0.03519231112052997,0.03421295899897814,0.034569345181807876,0.4583333333333333,0.5416666666666666,0.028025055614610512,0.027253418695181608,0.02762454515323043,0.4166666666666667,0.4166666666666667,0.24177490174770355,0.2409178614616394,0.24107742309570312,0.4166666666666667,0.5,0.039455986581742764,0.038880535401403904,0.03865388361737132,0.4583333333333333,0.5416666666666666,0.034423631615936756,0.033826850820332766,0.03376842779107392,0.4583333333333333,0.5416666666666666,1.1488663951555889,1.1500839591026306,1.1498571336269379,0.4166666666666667,0.5
380,0.16600639869769415,0.19938962161540985,0.14883888140320778,0.875,0.4166666666666667,0.023663204163312912,0.03083633165806532,0.019793598330579698,0.9583333333333334,0.4166666666666667,0.04009239158282677,0.04717840068042278,0.0339251144323498,0.75,0.5,0.026999861001968384,0.030967592261731625,0.0235196640715003,0.75,0.5,0.24509214361508688,0.2499445080757141,0.24051935970783234,0.7083333333333334,0.4583333333333333,0.03912225955476364,0.04618346504867077,0.0330241983756423,0.7083333333333334,0.4583333333333333,0.03421984023104111,0.040631501004099846,0.028859898913651705,0.7083333333333334,0.4583333333333333,1.1441526015599568,1.1372599601745605,1.1506483256816864,0.7083333333333334,0.4583333333333333
381,0.1856056476632754,0.21662192419171333,0.16945072822272778,0.875,0.375,0.023881444086631138,0.030265423003584146,0.020337592344731092,0.8333333333333334,0.375,0.03231346576164166,0.0369862224906683,0.02848670119419694,0.625,0.4166666666666667,0.028676611681779225,0.030624595936387777,0.026445643976330757,0.625,0.4166666666666667,0.2398331935207049,0.24384767189621925,0.2372177317738533,0.6666666666666666,0.4166666666666667,0.03465684875845909,0.0408172020688653,0.03150414954870939,0.7083333333333334,0.4166666666666667,0.030140879563987255,0.03563653025776148,0.027299828361719847,0.7083333333333334,0.4166666666666667,1.1516240040461223,1.1459220349788666,1.155339390039444,0.6666666666666666,0.4166666666666667
382,0.16007094457745552,0.23871676623821259,0.15431644394993782,1.0,0.4583333333333333,0.01851431621859471,0.03393973922356963,0.01601293310523033,1.0,0.4166666666666667,0.025835204869508743,0.039102111011743546,0.021179229021072388,0.875,0.375,0.022936010112365086,0.029926168732345104,0.02016841061413288,0.8333333333333334,0.3333333333333333,0.2361193299293518,0.24548989534378052,0.23269208893179893,0.8333333333333334,0.3333333333333333,0.02848163992166519,0.043665715493261814,0.02379030967131257,0.875,0.375,0.024718768739451964,0.038190558552742004,0.02051544631831348,0.875,0.375,1.1568996906280518,1.1435891091823578,1.1617680191993713,0.8333333333333334,0.3333333333333333
383,0.15637996544440588,0.21028568223118782,0.14039046131074429,1.0,0.5,0.016961258292819064,0.027587120421230793,0.015141387470066547,1.0,0.4583333333333333,0.02263641698906819,0.032125366386026144,0.019855657243169844,0.875,0.375,0.01973960114022096,0.024964527692645788,0.018192958319559693,0.875,0.375,0.23543754716714224,0.24255997315049171,0.2334342785179615,0.875,0.375,0.024939415665964287,0.035569965839385986,0.022078336565755308,0.875,0.375,0.021592417887101572,0.031022732611745596,0.019114181341137737,0.875,0.375,1.1578681071599324,1.1477510929107666,1.1607137024402618,0.875,0.375
384,0.15089861303567886,0.20591681823134422,0.13037516921758652,1.0,0.2916666666666667,0.015933793193350237,0.026655334047973156,0.012537439703010023,1.0,0.2916666666666667,0.023416384123265743,0.03351952787488699,0.01889728638343513,0.9583333333333334,0.3333333333333333,0.02500551100820303,0.03019791003316641,0.022392886225134134,0.9166666666666666,0.3333333333333333,0.22983723630507788,0.23736399039626122,0.22654831036925316,0.9583333333333334,0.3333333333333333,0.026078111802538235,0.03749276604503393,0.021343644708395004,1.0,0.3333333333333333,0.02239329181611538,0.032462259754538536,0.018274889094755054,1.0,0.3333333333333333,1.1658228834470112,1.1551317274570465,1.1704947352409363,0.9583333333333334,0.3333333333333333
385,0.134333868821462,0.17566274479031563,0.11227783374488354,0.875,0.3333333333333333,0.013391269681354364,0.022151260171085596,0.010119293525349349,0.9166666666666666,0.4166666666666667,0.017976872467746336,0.021915262565016747,0.01446656754706055,0.7083333333333334,0.2916666666666667,0.016947390822072823,0.019156556110829115,0.01517540286295116,0.7083333333333334,0.2916666666666667,0.225419449309508,0.22837938740849495,0.22292041406035423,0.7083333333333334,0.2916666666666667,0.02082384129365285,0.025454290211200714,0.01685765292495489,0.7083333333333334,0.2916666666666667,0.017791318707168102,0.021797361318022013,0.01435712177772075,0.7083333333333334,0.2916666666666667,1.1720980803171794,1.1678939759731293,1.1756477057933807,0.7083333333333334,0.2916666666666667
386,0.24968485782543817,0.3050179108977318,0.21729524619877338,1.0,0.4583333333333333,0.04082329198718071,0.055860997177660465,0.033586714416742325,0.9166666666666666,0.375,0.042083404337366424,0.05487395450472832,0.03358335513621569,0.875,0.2916666666666667,0.02972808014601469,0.036414931528270245,0.024945716140791774,0.875,0.2916666666666667,0.25030163675546646,0.2601368725299835,0.24429254978895187,0.875,0.2916666666666667,0.045053925986091294,0.05914518143981695,0.03636572929099202,0.875,0.3333333333333333,0.039664399499694504,0.05271239671856165,0.03187927813269198,0.875,0.3333333333333333,1.1367542147636414,1.1227838695049286,1.145289957523346,0.875,0.2916666666666667
387,0.199033223092556,0.1928655058145523,0.1587701439857483,0.5,0.3333333333333333,0.026803342004617054,0.025309905176982284,0.019335739954840392,0.4583333333333333,0.2916666666666667,0.03396024120350679,0.02882216009311378,0.024635598994791508,0.4166666666666667,0.2916666666666667,0.020993840259810288,0.018228297121822834,0.01602796686347574,0.4583333333333333,0.3333333333333333,0.24218251804510751,0.23839478194713593,0.23525503650307655,0.375,0.3333333333333333,0.03706529581298431,0.031701294239610434,0.027125876396894455,0.375,0.3333333333333333,0.03233069119354089,0.027547812089323997,0.023524524411186576,0.375,0.3333333333333333,1.148287038008372,1.153667539358139,1.1581273078918457,0.375,0.3333333333333333
388,0.19747691104809442,0.20494569465517998,0.17634404636919498,0.7083333333333334,0.5,0.025393047990898292,0.026735148392617702,0.02151704637799412,0.7083333333333334,0.4166666666666667,0.03463582694530487,0.032900940626859665,0.027340961387380958,0.5416666666666666,0.3333333333333333,0.024922681972384453,0.023592017590999603,0.020639079622924328,0.5,0.2916666666666667,0.24414736280838648,0.24286604672670364,0.23894550651311874,0.5,0.20833333333333334,0.0364215113222599,0.035244707483798265,0.02970520791132003,0.625,0.25,0.0318334000185132,0.03077027015388012,0.02588687592651695,0.625,0.25,1.1454952756563823,1.1473160684108734,1.152885228395462,0.5,0.20833333333333334
389,0.16036371265848479,0.20763103663921356,0.1444608587771654,0.875,0.375,0.01670445129275322,0.02602196531370282,0.014085885835811496,0.875,0.375,0.02124026867871483,0.03067894885316491,0.017139860428869724,0.75,0.375,0.017227957490831614,0.022183087654411793,0.014923394890502095,0.75,0.375,0.2341903274257978,0.24123231321573257,0.2312292978167534,0.75,0.375,0.02374542613203327,0.03402098407968879,0.0193768753670156,0.75,0.375,0.02053753286600113,0.02961151860654354,0.01669302862137556,0.75,0.375,1.1596397161483765,1.1496369242668152,1.1638458371162415,0.75,0.375
390,0.1786466340223948,0.20711234956979752,0.14678630232810974,0.7916666666666666,0.25,0.02310020507623752,0.030268718022853136,0.017702243174426258,0.7916666666666666,0.25,0.031117760576307774,0.033724740613251925,0.02441126573830843,0.625,0.2916666666666667,0.02233595245828231,0.023197236470878124,0.01836229208856821,0.5416666666666666,0.2916666666666667,0.24117992570002875,0.24306831136345863,0.23621651902794838,0.625,0.2916666666666667,0.0326379689698418,0.035830152221024036,0.025908619863912463,0.6666666666666666,0.2916666666666667,0.028424191909531753,0.03128814743831754,0.022480337414890528,0.6666666666666666,0.2916666666666667,1.1497108737627666,1.1470286846160889,1.156761258840561,0.625,0.2916666666666667
391,0.13917030145724615,0.22227659448981285,0.13248640857636929,1.0,0.4583333333333333,0.014932950182507435,0.029956035781651735,0.012840988929383457,1.0,0.4583333333333333,0.02023804575825731,0.034768479876220226,0.015367806423455477,1.0,0.2916666666666667,0.0163709147212406,0.024146586656570435,0.013760338071733713,1.0,0.3333333333333333,0.23264239728450775,0.2437014915049076,0.22921471670269966,1.0,0.4583333333333333,0.022224929028501112,0.0386000145226717,0.017336844000965357,1.0,0.4166666666666667,0.019193613901734352,0.0336792878806591,0.014905169140547514,1.0,0.4166666666666667,1.161838432153066,1.1461297571659088,1.1667073965072632,1.0,0.4583333333333333
392,0.15678809955716133,0.1924787238240242,0.14238565042614937,0.7916666666666666,0.4583333333333333,0.019175419739137094,0.025149078108370304,0.015472722239792347,0.7083333333333334,0.4166666666666667,0.020989512791857123,0.02443158207461238,0.015235049882903695,0.625,0.4166666666666667,0.01943925752614935,0.02082485379651189,0.016124989837408066,0.5416666666666666,0.4166666666666667,0.23424119502305984,0.23709820583462715,0.23049303144216537,0.625,0.4166666666666667,0.021534434830149014,0.026824505534023046,0.016608948120847344,0.625,0.4166666666666667,0.01863559374275307,0.023230193182826042,0.014292856794781983,0.625,0.4166666666666667,1.1595670183499653,1.1555093228816986,1.1648914813995361,0.625,0.4166666666666667
393,0.14953827112913132,0.1931949406862259,0.15094391256570816,1.0,0.5833333333333334,0.01571073926364382,0.02313234144821763,0.01572634046897292,0.8333333333333334,0.5,0.02061579003930092,0.027054942678660154,0.018731810618191957,0.625,0.4583333333333333,0.017239325524618227,0.02062919782474637,0.016139301238581538,0.625,0.4583333333333333,0.23409566779931387,0.23922735825181007,0.23300181329250336,0.7083333333333334,0.4583333333333333,0.021863008694102366,0.029844053089618683,0.02068520523607731,0.7916666666666666,0.4583333333333333,0.01890878115470211,0.0258991876617074,0.01785048795863986,0.7916666666666666,0.4583333333333333,1.1597739259401958,1.1524849832057953,1.1613280177116394,0.7083333333333334,0.4583333333333333
394,0.14038556814193726,0.21817893534898758,0.15193797647953033,1.0,0.7916666666666666,0.013843593265240392,0.031243006233125925,0.016968721989542246,1.0,0.7916666666666666,0.01887170101205508,0.04043434001505375,0.025109749054536223,1.0,0.7916666666666666,0.015991993714123964,0.02755595976486802,0.019408046267926693,1.0,0.7916666666666666,0.23089485118786493,0.24656632170081139,0.23525428026914597,1.0,0.7916666666666666,0.021427360363304615,0.04365154355764389,0.027568402234464884,1.0,0.7916666666666666,0.018420386438568432,0.03822927176952362,0.023829480865970254,1.0,0.7916666666666666,1.1643206278483074,1.1420599520206451,1.1581282913684845,1.0,0.7916666666666666
395,0.12955034400026003,0.21088482439517975,0.1153132151812315,1.0,0.4166666666666667,0.01264089928008616,0.032882065046578646,0.009821101557463408,1.0,0.4166666666666667,0.01828150691774984,0.03985361475497484,0.014978334307670593,1.0,0.4583333333333333,0.01622402233382066,0.027892862912267447,0.014217461692169309,1.0,0.4166666666666667,0.23209426552057266,0.2474510669708252,0.2298959456384182,1.0,0.4583333333333333,0.01923254628976186,0.0410480797290802,0.016166121000424027,1.0,0.4583333333333333,0.016610231716185808,0.03601559717208147,0.013917565811425447,1.0,0.4583333333333333,1.1626160542170207,1.140801876783371,1.165738821029663,1.0,0.4583333333333333
396,0.2180073782801628,0.23621495068073273,0.1858712062239647,0.625,0.375,0.030683924288799364,0.03542176214978099,0.02512743542320095,0.6666666666666666,0.375,0.03470799404506882,0.03842604625970125,0.029690949013456702,0.625,0.375,0.025128414233525593,0.027126613538712263,0.02235635300166905,0.625,0.375,0.24531292666991553,0.24821917712688446,0.24150114879012108,0.625,0.375,0.03782495095704993,0.04181489301845431,0.03223933873232454,0.625,0.375,0.03319644943500558,0.03686195146292448,0.028290975431445986,0.625,0.375,1.1438406705856323,1.1397124528884888,1.1492550373077393,0.625,0.375
397,0.20988884568214417,0.20143213868141174,0.1752147115767002,0.4583333333333333,0.4583333333333333,0.02845969113210837,0.025280008791014552,0.021879066218389198,0.4166666666666667,0.2916666666666667,0.033008807028333344,0.027633924037218094,0.025547274621203542,0.375,0.375,0.02279681246727705,0.01969385240226984,0.018781503080390394,0.375,0.375,0.24319639056921005,0.2393287941813469,0.2376612201333046,0.375,0.375,0.03590000607073307,0.030573029071092606,0.028101117815822363,0.375,0.375,0.031330542638897896,0.02658638171851635,0.02448256459319964,0.375,0.375,1.146846870581309,1.1523408591747284,1.1547094583511353,0.375,0.375
398,0.18890504290660223,0.19916373118758202,0.15411633998155594,0.5416666666666666,0.20833333333333334,0.02225939401735862,0.024958466179668903,0.016262812656350434,0.5416666666666666,0.20833333333333334,0.020041130017489195,0.02039754716679454,0.014313770341686904,0.5,0.2916666666666667,0.021482421395679314,0.02156802313402295,0.018296004738658667,0.5,0.3333333333333333,0.23355755458275476,0.23368605226278305,0.22921868413686752,0.5,0.2916666666666667,0.022716643909613293,0.023307707393541932,0.016376417595893145,0.5,0.2916666666666667,0.01960697319979469,0.02012107172049582,0.014084641239605844,0.5,0.2916666666666667,1.1605388124783833,1.160356342792511,1.1667018830776215,0.5,0.2916666666666667
399,0.23193586121002832,0.2740788459777832,0.19546401500701904,0.6666666666666666,0.4166666666666667,0.03530176868662238,0.04571449290961027,0.025098134763538837,0.6666666666666666,0.3333333333333333,0.03848423560460409,0.047360009513795376,0.027115970384329557,0.6666666666666666,0.25,0.030491582738856476,0.03535779472440481,0.024378149770200253,0.6666666666666666,0.25,0.24677475790182749,0.2534308582544327,0.2386583350598812,0.6666666666666666,0.25,0.04185939518113931,0.051107621751725674,0.030264551052823663,0.6666666666666666,0.25,0.036854629715283714,0.04515103995800018,0.02632005698978901,0.6666666666666666,0.25,1.1417633493741353,1.1323088705539703,1.1532930731773376,0.6666666666666666,0.25
400,0.18008300413688025,0.21698983013629913,0.15752100571990013,0.9166666666666666,0.3333333333333333,0.023671030687789123,0.031713821925222874,0.018764046719297767,0.9166666666666666,0.2916666666666667,0.03450475726276636,0.04375670664012432,0.028081347700208426,0.9166666666666666,0.2916666666666667,0.0239997956280907,0.029321095906198025,0.020325811812654138,0.9166666666666666,0.20833333333333334,0.24473634858926138,0.2511349059641361,0.24014952406287193,0.875,0.2916666666666667,0.036469689570367336,0.04517143964767456,0.03003796422854066,0.875,0.2916666666666667,0.03188560747851928,0.03978988528251648,0.026129077654331923,0.875,0.2916666666666667,1.1446592807769775,1.1355700194835663,1.151174783706665,0.875,0.2916666666666667
401,0.2204097881913185,0.23209160566329956,0.194474495947361,0.6666666666666666,0.20833333333333334,0.0368695588161548,0.03957709390670061,0.030011453665792942,0.5833333333333334,0.20833333333333334,0.04698700147370497,0.04793594032526016,0.03766901884227991,0.4166666666666667,0.20833333333333334,0.0345339390138785,0.0348958158865571,0.029432693496346474,0.4583333333333333,0.20833333333333334,0.2495130474368731,0.2504655607044697,0.2431275211274624,0.5,0.20833333333333334,0.04951653194924196,0.05097401514649391,0.0403577028773725,0.4583333333333333,0.20833333333333334,0.04359024235357841,0.044890426099300385,0.0352544104680419,0.4583333333333333,0.20833333333333334,1.1378735303878784,1.1365205943584442,1.1469444632530212,0.5,0.20833333333333334
402,0.21112868189811707,0.2166026085615158,0.1897084005177021,0.6666666666666666,0.4166666666666667,0.030807015175620716,0.031833088491111994,0.025748961605131626,0.625,0.3333333333333333,0.02895406571527322,0.02641608566045761,0.02322367997840047,0.4166666666666667,0.3333333333333333,0.025341852102428675,0.02372883865609765,0.021982244914397597,0.4166666666666667,0.2916666666666667,0.23599031815926233,0.23468026518821716,0.2321055270731449,0.4166666666666667,0.3333333333333333,0.03055827474842469,0.029296009801328182,0.025510724866762757,0.4583333333333333,0.3333333333333333,0.02647539010892312,0.025323888519778848,0.02201048657298088,0.4583333333333333,0.2916666666666667,1.1570823192596436,1.1589436829090118,1.1626008749008179,0.4166666666666667,0.3333333333333333
403,0.17630037913719812,0.2145494669675827,0.15681924857199192,0.875,0.5,0.022136263238886993,0.031701496336609125,0.018215870833955705,0.9166666666666666,0.5,0.027811420770982902,0.03333563357591629,0.02168785873800516,0.7916666666666666,0.3333333333333333,0.022323214448988438,0.025149264372885227,0.018944354495033622,0.7916666666666666,0.3333333333333333,0.23340452214082083,0.23760535195469856,0.22908591106534004,0.7916666666666666,0.3333333333333333,0.030250345046321552,0.03709486871957779,0.024225020315498114,0.7916666666666666,0.3333333333333333,0.02609038135657708,0.032146581914275885,0.02081909985281527,0.7916666666666666,0.3333333333333333,1.1607555150985718,1.154788762331009,1.1668900549411774,0.7916666666666666,0.3333333333333333
404,0.2001069188117981,0.21255797147750854,0.1716257818043232,0.625,0.4583333333333333,0.025210886572798092,0.028391826897859573,0.02068304584827274,0.625,0.4583333333333333,0.03300076319525639,0.033859596122056246,0.027047913055866957,0.625,0.5,0.023820466361939907,0.024411141872406006,0.02057210565544665,0.625,0.5,0.24321271230777106,0.24442153051495552,0.23896409198641777,0.625,0.5,0.035388427786529064,0.03737009596079588,0.029406141256913543,0.625,0.5,0.030936509060362976,0.032685143407434225,0.02566047094296664,0.625,0.5,1.1468237042427063,1.1451069712638855,1.152858853340149,0.625,0.5
405,0.1726225639382998,0.18518561497330666,0.14994197990745306,0.7083333333333334,0.4583333333333333,0.020516325409213703,0.02239629253745079,0.017184694588650018,0.625,0.4166666666666667,0.02863798352579276,0.029061938636004925,0.02436154254246503,0.5833333333333334,0.4583333333333333,0.02214089750001828,0.02209095051512122,0.019984241342172027,0.5833333333333334,0.5,0.23891092588504156,0.239244282245636,0.23561624810099602,0.5833333333333334,0.4166666666666667,0.0304774542649587,0.031115377321839333,0.025698158191516995,0.5833333333333334,0.4166666666666667,0.026450179206828277,0.02703671343624592,0.022291920729912817,0.5833333333333334,0.4166666666666667,1.1529333591461182,1.152459442615509,1.157613217830658,0.5833333333333334,0.4166666666666667
406,0.16843530411521593,0.21886011585593224,0.13976909220218658,0.9583333333333334,0.2916666666666667,0.02275949716567993,0.033057729713618755,0.016630152706056833,0.9166666666666666,0.20833333333333334,0.02401295288776358,0.030580315738916397,0.018121418775990605,0.625,0.25,0.018608301412314177,0.022040024399757385,0.01530909794382751,0.625,0.20833333333333334,0.23417233427365622,0.23889614269137383,0.2299755923449993,0.625,0.25,0.026315695295731228,0.033630925230681896,0.020227213157340884,0.6666666666666666,0.25,0.022745543159544468,0.029181297402828932,0.017397864488884807,0.6666666666666666,0.25,1.1596651871999104,1.152955323457718,1.1656264960765839,0.625,0.25
407,0.2235596925020218,0.2566451095044613,0.18683627620339394,0.8333333333333334,0.3333333333333333,0.03306086640805006,0.04229963757097721,0.025328051298856735,0.7916666666666666,0.25,0.03709718926499287,0.0442097969353199,0.027829339494928718,0.75,0.25,0.027959836026032765,0.03181132860481739,0.02288997103460133,0.75,0.25,0.24380012849966684,0.24941257387399673,0.23772991821169853,0.75,0.25,0.03961998441567024,0.04773660842329264,0.030251613119617105,0.75,0.25,0.0346096915503343,0.04198694881051779,0.02628157357685268,0.75,0.25,1.145988921324412,1.1380170285701752,1.1546118557453156,0.75,0.25
408,0.18002198512355486,0.22063323110342026,0.16033600270748138,0.7916666666666666,0.4583333333333333,0.020531202976902325,0.030286446679383516,0.017497983935754746,0.9166666666666666,0.375,0.030225437444945175,0.03827487304806709,0.025092158000916243,0.7916666666666666,0.2916666666666667,0.023073668591678143,0.027648947667330503,0.02034899708814919,0.7916666666666666,0.2916666666666667,0.2352960705757141,0.2410803698003292,0.2314167022705078,0.7916666666666666,0.25,0.033885197093089424,0.04260575398802757,0.028441848466172814,0.7916666666666666,0.2916666666666667,0.029293821814159553,0.03708614455536008,0.024529860354959965,0.7916666666666666,0.2916666666666667,1.1580690145492554,1.1498527526855469,1.1635794639587402,0.7916666666666666,0.25
409,0.20505611101786295,0.24958991631865501,0.17823899164795876,0.875,0.3333333333333333,0.030120475838581722,0.04099029768258333,0.023936953395605087,0.7916666666666666,0.3333333333333333,0.04448048211634159,0.051238308660686016,0.03304607653990388,0.5833333333333334,0.3333333333333333,0.03233875675747792,0.03566753026098013,0.025809946935623884,0.5416666666666666,0.3333333333333333,0.2509607672691345,0.2566898390650749,0.24316219612956047,0.625,0.3333333333333333,0.04525255380819241,0.05365553963929415,0.03443685779348016,0.625,0.2916666666666667,0.04002265570064386,0.0476146200671792,0.030129350489005446,0.625,0.2916666666666667,1.135816713174184,1.1276794970035553,1.1468952298164368,0.625,0.3333333333333333
410,0.18606225649515787,0.2273271679878235,0.15401646494865417,0.9166666666666666,0.20833333333333334,0.023271304400016863,0.03269752115011215,0.016817177645862103,0.9166666666666666,0.25,0.02682821499183774,0.03431372903287411,0.019970718072727323,0.8333333333333334,0.20833333333333334,0.018251187012841303,0.021876666229218245,0.014560793992131948,0.8333333333333334,0.20833333333333334,0.238127830127875,0.24367383867502213,0.23297566920518875,0.8333333333333334,0.20833333333333334,0.029889245207111042,0.038052646443247795,0.02252659318037331,0.8333333333333334,0.20833333333333334,0.02593651708836357,0.03321413369849324,0.019430806627497077,0.8333333333333334,0.20833333333333334,1.1540467143058777,1.146168828010559,1.1613653302192688,0.8333333333333334,0.20833333333333334
411,0.17835346485177675,0.20347462967038155,0.15366330929100513,0.7083333333333334,0.3333333333333333,0.02150529172892372,0.026321937330067158,0.01693080656696111,0.7083333333333334,0.3333333333333333,0.03017208632081747,0.0334472288377583,0.0242302140686661,0.6666666666666666,0.375,0.02204634000857671,0.023648099042475224,0.018709500087425113,0.625,0.375,0.23723557591438293,0.23967979848384857,0.23279479518532753,0.6666666666666666,0.375,0.03314310871064663,0.036801621317863464,0.02682333462871611,0.6666666666666666,0.375,0.028728545643389225,0.03200333192944527,0.02317150158341974,0.6666666666666666,0.375,1.1553139686584473,1.1518421173095703,1.1616218984127045,0.6666666666666666,0.375
412,0.20526108394066492,0.27234920114278793,0.17829522117972374,1.0,0.4166666666666667,0.02867443487048149,0.04662717878818512,0.022467111004516482,1.0,0.2916666666666667,0.02880110622694095,0.05034136772155762,0.023562070913612843,1.0,0.2916666666666667,0.01994695949057738,0.03207695949822664,0.017273711506277323,1.0,0.2916666666666667,0.23587396989266077,0.2518330514431,0.23223286122083664,1.0,0.2916666666666667,0.03201491044213375,0.05389279127120972,0.026624982012435794,1.0,0.3333333333333333,0.02767618652433157,0.0475008450448513,0.022946841781958938,1.0,0.3333333333333333,1.157248040040334,1.134578377008438,1.1624201238155365,1.0,0.2916666666666667
413,0.1626346930861473,0.20081307739019394,0.1446972507983446,0.9583333333333334,0.375,0.018978838498393696,0.028126892168074846,0.015267554204910994,0.9583333333333334,0.2916666666666667,0.030685811924437683,0.03898249287158251,0.024419710505753756,0.75,0.2916666666666667,0.025018771489461262,0.02938633318990469,0.021636593155562878,0.75,0.2916666666666667,0.23581522703170776,0.2422644980251789,0.23170899227261543,0.7916666666666666,0.2916666666666667,0.0330486244832476,0.04231414292007685,0.027015929576009512,0.7916666666666666,0.2916666666666667,0.02859488284836213,0.036885582841932774,0.023278116947039962,0.7916666666666666,0.2916666666666667,1.1573310494422913,1.1481701731681824,1.1631641685962677,0.7916666666666666,0.2916666666666667
414,0.17388389011224112,0.20723092183470726,0.15804247185587883,0.8333333333333334,0.4583333333333333,0.019344305619597435,0.02547235181555152,0.015690460335463285,0.7916666666666666,0.4166666666666667,0.024159722961485386,0.02703717304393649,0.018752763979136944,0.5833333333333334,0.4166666666666667,0.015311638358980417,0.016561665572226048,0.012244327808730304,0.5833333333333334,0.4166666666666667,0.2381615142027537,0.24087810516357422,0.23446137458086014,0.5833333333333334,0.4166666666666667,0.025511058668295544,0.030024887528270483,0.02062479918822646,0.625,0.4166666666666667,0.022171383257955313,0.02612079121172428,0.017852900782600045,0.625,0.4166666666666667,1.1539986928304036,1.1501403152942657,1.159254789352417,0.5833333333333334,0.4166666666666667
415,0.13837987060348192,0.16123704984784126,0.13603676855564117,0.7916666666666666,0.5416666666666666,0.013194713974371552,0.01620489568449557,0.013314534444361925,0.75,0.5,0.014823298513268432,0.017491003964096308,0.014246912789531052,0.6666666666666666,0.5416666666666666,0.01460999840249618,0.016125525115057826,0.01453168853186071,0.7083333333333334,0.5833333333333334,0.23021268844604492,0.23226230591535568,0.229737039655447,0.6666666666666666,0.5416666666666666,0.016816397507985432,0.02007081708870828,0.016182471881620586,0.7083333333333334,0.5416666666666666,0.014444319531321526,0.017272819066420197,0.013902182807214558,0.7083333333333334,0.5416666666666666,1.1652899781862895,1.1623786389827728,1.165965586900711,0.6666666666666666,0.5416666666666666
416,0.18195602794488272,0.2080446109175682,0.1708307098597288,0.75,0.3333333333333333,0.02450644209360083,0.03044782765209675,0.02227777149528265,0.7083333333333334,0.375,0.030575839647402365,0.03231974225491285,0.023450166219845414,0.5,0.4166666666666667,0.02503752630824844,0.02563975378870964,0.020754769444465637,0.5,0.4166666666666667,0.24073304484287897,0.24231253564357758,0.23595130071043968,0.5,0.4166666666666667,0.03210457476476828,0.03452496463432908,0.025666800094768405,0.5,0.4166666666666667,0.028038742020726204,0.030079434160143137,0.022242631996050477,0.5,0.4166666666666667,1.1503448883692424,1.148101806640625,1.1571379005908966,0.5,0.4166666666666667
417,0.22202741106351218,0.21741870045661926,0.18045414052903652,0.5416666666666666,0.375,0.03386822591225306,0.03240046836435795,0.02447159751318395,0.5833333333333334,0.3333333333333333,0.038303387351334095,0.03401675261557102,0.02677959157153964,0.4166666666666667,0.25,0.027104197380443413,0.02425376046448946,0.02059597778134048,0.4166666666666667,0.20833333333333334,0.24746174613634744,0.24505673721432686,0.23940051347017288,0.4583333333333333,0.2916666666666667,0.03978444046030442,0.036697618663311005,0.02853486721869558,0.4583333333333333,0.3333333333333333,0.03494292559723059,0.03208796354010701,0.024909376283176243,0.4583333333333333,0.3333333333333333,1.1407876213391621,1.1442042291164398,1.1522387266159058,0.4583333333333333,0.2916666666666667
418,0.15237652510404587,0.21082357317209244,0.13297284208238125,1.0,0.4166666666666667,0.014854501777638992,0.027067893650382757,0.011710527178365737,1.0,0.3333333333333333,0.020866012976815302,0.033552627079188824,0.016420031897723675,1.0,0.2916666666666667,0.01865828890974323,0.025863762479275465,0.015991524793207645,1.0,0.25,0.23242922127246857,0.24166631326079369,0.22916670888662338,1.0,0.2916666666666667,0.023093392917265494,0.036872721277177334,0.018635674845427275,1.0,0.2916666666666667,0.019899466695884865,0.03210925590246916,0.016017280984669924,1.0,0.2916666666666667,1.1621411442756653,1.1490203142166138,1.1667756140232086,1.0,0.2916666666666667
419,0.16495623936255774,0.1981683187186718,0.14430144242942333,0.9583333333333334,0.3333333333333333,0.0209800008063515,0.028095930349081755,0.017400173470377922,0.9166666666666666,0.2916666666666667,0.026514308837552864,0.0328271696344018,0.02116988622583449,0.7916666666666666,0.2916666666666667,0.019226915513475735,0.022318188101053238,0.01607295381836593,0.7083333333333334,0.2916666666666667,0.23409054428339005,0.2391476184129715,0.23016268759965897,0.8333333333333334,0.2916666666666667,0.028665443571905296,0.03589574247598648,0.023281374480575323,0.8333333333333334,0.2916666666666667,0.02474422411372264,0.03114718198776245,0.02002630173228681,0.8333333333333334,0.2916666666666667,1.1597804228464763,1.1525976359844208,1.1653600633144379,0.8333333333333334,0.2916666666666667
420,0.16853435337543488,0.22775258496403694,0.16532975435256958,1.0,0.5833333333333334,0.022084645771731932,0.03692915290594101,0.02191822975873947,1.0,0.4583333333333333,0.020277206941197317,0.03167395060881972,0.018925849813967943,0.9166666666666666,0.4583333333333333,0.018256322170297306,0.02470101835206151,0.01752525777556002,0.9166666666666666,0.4583333333333333,0.23291178792715073,0.2413141280412674,0.23189960420131683,1.0,0.4166666666666667,0.022034079767763615,0.03428700426593423,0.020835693925619125,1.0,0.4166666666666667,0.01899323333054781,0.0298400460742414,0.017951619112864137,1.0,0.4166666666666667,1.1614556908607483,1.149520605802536,1.162893533706665,1.0,0.4166666666666667
421,0.1969117373228073,0.24408739805221558,0.18034052848815918,0.875,0.4583333333333333,0.028361268807202578,0.03931733779609203,0.024785805959254503,0.8333333333333334,0.4583333333333333,0.03271676196406285,0.040734377689659595,0.02822779817506671,0.5833333333333334,0.4583333333333333,0.023440534714609385,0.027747679501771927,0.020861799363046885,0.5833333333333334,0.4583333333333333,0.23916624238093695,0.24513046815991402,0.2359604798257351,0.5833333333333334,0.4583333333333333,0.03458477960278591,0.04367045685648918,0.030542965978384018,0.625,0.4583333333333333,0.030138815753161907,0.038180395029485226,0.026454216334968805,0.625,0.4583333333333333,1.152571181456248,1.14409938454628,1.1571250557899475,0.5833333333333334,0.4583333333333333
422,0.17174692948659262,0.21184668317437172,0.14820003230124712,0.875,0.3333333333333333,0.019758977461606264,0.027749336324632168,0.015615863783750683,0.875,0.3333333333333333,0.027129685351004202,0.03388305986300111,0.02133773290552199,0.6666666666666666,0.3333333333333333,0.024219316119949024,0.028121534269303083,0.021046081092208624,0.6666666666666666,0.3333333333333333,0.2339775115251541,0.23888495191931725,0.2298557423055172,0.6666666666666666,0.3333333333333333,0.02941885869950056,0.03764469642192125,0.023845880292356014,0.75,0.3333333333333333,0.025432540103793144,0.032670929562300444,0.020530138863250613,0.75,0.3333333333333333,1.1599416732788086,1.1529712080955505,1.1657965779304504,0.6666666666666666,0.3333333333333333
423,0.17135681211948395,0.21877339854836464,0.15412813611328602,1.0,0.375,0.01905006884286801,0.028879627119749784,0.0171475145034492,1.0,0.4583333333333333,0.02252741561581691,0.032867600210011005,0.019701675977557898,0.9583333333333334,0.4166666666666667,0.018665228970348835,0.02435512514784932,0.016952872509136796,0.875,0.375,0.23562691857417425,0.24352199956774712,0.23347073793411255,0.9583333333333334,0.4166666666666667,0.025049673703809578,0.03644118458032608,0.021762870019301772,0.9583333333333334,0.375,0.021660150960087776,0.03179910220205784,0.018780563957989216,0.9583333333333334,0.375,1.1575992703437805,1.146384745836258,1.1606618463993073,0.9583333333333334,0.4166666666666667
424,0.16051570077737173,0.1952497512102127,0.14434852078557014,0.8333333333333334,0.4583333333333333,0.01839900715276599,0.026280397549271584,0.016140107880346477,0.875,0.4583333333333333,0.02304747064287464,0.027720209676772356,0.019910290837287903,0.7083333333333334,0.4583333333333333,0.018663949177910883,0.0212556142359972,0.016943926457315683,0.6666666666666666,0.4583333333333333,0.2365670328338941,0.24010814353823662,0.23430456593632698,0.7083333333333334,0.4583333333333333,0.025363586843013763,0.030303195118904114,0.02216000808402896,0.7083333333333334,0.4583333333333333,0.02197585084165136,0.02636749530211091,0.019202767754904926,0.7083333333333334,0.4583333333333333,1.156263808409373,1.1512338519096375,1.159477561712265,0.7083333333333334,0.4583333333333333
425,0.19567863643169403,0.2095627225935459,0.163676667958498,0.5833333333333334,0.3333333333333333,0.025814412937810022,0.028063530568033457,0.019150590058416128,0.5833333333333334,0.3333333333333333,0.03302845762421688,0.033442376647144556,0.024981326423585415,0.5833333333333334,0.375,0.02054992892468969,0.020498869009315968,0.01611056039109826,0.5833333333333334,0.375,0.23853797713915506,0.23939166963100433,0.23274610191583633,0.5833333333333334,0.375,0.0352253687257568,0.036791172344237566,0.02740313671529293,0.5833333333333334,0.375,0.030673795379698277,0.03196180146187544,0.023718672804534435,0.5833333333333334,0.375,1.15346364180247,1.1522510945796967,1.1616909205913544,0.5833333333333334,0.375
426,0.16209769621491432,0.20701149851083755,0.14536423049867153,0.6666666666666666,0.4583333333333333,0.01786247578759988,0.02791759790852666,0.014861341333016753,0.9583333333333334,0.375,0.01895483396947384,0.027373338118195534,0.015508845215663314,0.75,0.4583333333333333,0.012660183866197864,0.0169668928720057,0.011028204229660332,0.75,0.4166666666666667,0.23190436512231827,0.2381477765738964,0.2294720821082592,0.75,0.4166666666666667,0.02159308937067787,0.030825183726847172,0.017741036135703325,0.75,0.4166666666666667,0.018614308908581734,0.02673056349158287,0.01523919077590108,0.75,0.4166666666666667,1.1628868579864502,1.1540184020996094,1.1663416028022766,0.75,0.4166666666666667
427,0.1447328838209311,0.1816074661910534,0.11373383598402143,0.875,0.2916666666666667,0.013706181974460682,0.019544700160622597,0.009654794615926221,0.8333333333333334,0.2916666666666667,0.01931140013039112,0.023735791444778442,0.013663666206412017,0.625,0.2916666666666667,0.019936013345917065,0.022212658543139696,0.016807015519589186,0.625,0.2916666666666667,0.23146417488654455,0.23495718464255333,0.22731917724013329,0.625,0.2916666666666667,0.02073744870722294,0.02644224464893341,0.015198167762719095,0.6666666666666666,0.2916666666666667,0.01786863322680195,0.022860868833959103,0.01304410572629422,0.6666666666666666,0.2916666666666667,1.1635118126869202,1.1585505604743958,1.16939976811409,0.625,0.2916666666666667
428,0.14915654311577478,0.1833057403564453,0.13322370871901512,0.9166666666666666,0.4583333333333333,0.015780587835858267,0.024372656363993883,0.014748326502740383,0.9583333333333334,0.5,0.01689434548219045,0.024996169842779636,0.01564092980697751,0.875,0.5,0.012314009790619215,0.016704842215403914,0.011771940859034657,0.8333333333333334,0.5,0.23300867776075998,0.23909484595060349,0.23187005519866943,0.875,0.5,0.018963959844162066,0.02754905354231596,0.017420686315745115,0.8333333333333334,0.5,0.01634690382828315,0.023922177962958813,0.015009708586148918,0.8333333333333334,0.5,1.1613184014956157,1.1526732444763184,1.1629357039928436,0.875,0.5
429,0.2466663122177124,0.29143179953098297,0.2097690999507904,0.75,0.3333333333333333,0.04279550754775604,0.05614045727998018,0.03363989479839802,0.8333333333333334,0.3333333333333333,0.05283566378057003,0.057114917784929276,0.03858160087838769,0.5416666666666666,0.3333333333333333,0.03770555121203264,0.039627241902053356,0.029986504931002855,0.5416666666666666,0.3333333333333333,0.25140103946129483,0.25418761000037193,0.2417079322040081,0.5416666666666666,0.3333333333333333,0.055275543282429375,0.060488627292215824,0.041158767649903893,0.5833333333333334,0.3333333333333333,0.048887534998357296,0.05352243036031723,0.036028420785441995,0.5833333333333334,0.3333333333333333,1.1351913412412007,1.1312336921691895,1.1489604711532593,0.5416666666666666,0.3333333333333333
430,0.1480434536933899,0.2069072499871254,0.14075728133320808,1.0,0.5416666666666666,0.013864742902417978,0.027425678446888924,0.01306217844830826,1.0,0.5416666666666666,0.01731219670424859,0.02983674220740795,0.01609395886771381,1.0,0.4583333333333333,0.013738903061797222,0.020433306228369474,0.013447832083329558,1.0,0.625,0.23068764309088388,0.24008440971374512,0.2300533540546894,1.0,0.5,0.019649685670932133,0.03309189295396209,0.018310771440155804,1.0,0.5416666666666666,0.016888150790085394,0.028747621923685074,0.01574754947796464,1.0,0.5416666666666666,1.164615273475647,1.151267558336258,1.1655161380767822,1.0,0.5
431,0.16336291655898094,0.2048005312681198,0.14166009798645973,0.875,0.3333333333333333,0.017764092112580936,0.025376390665769577,0.013595636643003672,0.875,0.3333333333333333,0.02478253251562516,0.0291689345613122,0.019176142406649888,0.6666666666666666,0.2916666666666667,0.018233642758180697,0.020213643088936806,0.015055541531182826,0.625,0.2916666666666667,0.23786084602276483,0.241475198417902,0.23389935865998268,0.7083333333333334,0.3333333333333333,0.02654269306610028,0.03219213942065835,0.021203063894063234,0.7083333333333334,0.3333333333333333,0.0230568617892762,0.028025795239955187,0.018341604387387633,0.7083333333333334,0.3333333333333333,1.1544257601102192,1.1492922008037567,1.160053163766861,0.7083333333333334,0.3333333333333333
432,0.18163850406805673,0.2059345245361328,0.15795433148741722,0.875,0.3333333333333333,0.024621229618787766,0.031182127073407173,0.02058704080991447,0.9583333333333334,0.2916666666666667,0.035462969293197,0.035772875882685184,0.026783663081005216,0.5833333333333334,0.2916666666666667,0.02405924443155527,0.024071569088846445,0.019285894464701414,0.5833333333333334,0.2916666666666667,0.24332145104805628,0.2442038431763649,0.23725572600960732,0.5833333333333334,0.2916666666666667,0.03699717950075865,0.038384598679840565,0.02874492364935577,0.5833333333333334,0.2916666666666667,0.03232114762067795,0.03353087278082967,0.02497269818559289,0.5833333333333334,0.2916666666666667,1.146668533484141,1.1454156041145325,1.1552850306034088,0.5833333333333334,0.2916666666666667
433,0.18274367103974024,0.19411971792578697,0.1736126597970724,0.7083333333333334,0.6666666666666666,0.02250440667072932,0.02449979423545301,0.02248481963761151,0.6666666666666666,0.6666666666666666,0.02594964113086462,0.023917220998555422,0.02087434520944953,0.4583333333333333,0.3333333333333333,0.021598528139293194,0.0205683927051723,0.018678551772609353,0.4583333333333333,0.2916666666666667,0.23449373990297318,0.2333473041653633,0.2309517040848732,0.4583333333333333,0.2916666666666667,0.028057260438799858,0.02656123088672757,0.023100269492715597,0.4583333333333333,0.2916666666666667,0.024227898102253675,0.022910945117473602,0.01989353494718671,0.4583333333333333,0.2916666666666667,1.1592084566752117,1.1608371138572693,1.1642400026321411,0.4583333333333333,0.2916666666666667
434,0.14810251941283545,0.16370468586683273,0.12916689459234476,0.5833333333333334,0.4583333333333333,0.014867103192955256,0.016355643048882484,0.011766202049329877,0.5833333333333334,0.5,0.020029002179702122,0.01824337523430586,0.013857876765541732,0.5416666666666666,0.375,0.015665918200587232,0.014626582618802786,0.012164978310465813,0.5416666666666666,0.375,0.2345349242289861,0.23372413963079453,0.23030387610197067,0.5416666666666666,0.375,0.020412112508590024,0.020028648665174842,0.014856502937618643,0.5416666666666666,0.4583333333333333,0.017694806990524132,0.01732826861552894,0.012832938227802515,0.5416666666666666,0.4583333333333333,1.1591498653093975,1.1603020429611206,1.1651601791381836,0.5416666666666666,0.375
435,0.21697880824406943,0.21238967403769493,0.2026044763624668,0.375,0.4583333333333333,0.030805220051358145,0.029667874798178673,0.028329393593594432,0.375,0.5,0.043548264230291046,0.042910235933959484,0.04019537288695574,0.375,0.5416666666666666,0.030812302759538095,0.03046458773314953,0.02887887693941593,0.375,0.5,0.24947972098986307,0.24911222606897354,0.24731380864977837,0.375,0.5416666666666666,0.04597862406323353,0.04602278769016266,0.04349629394710064,0.375,0.5416666666666666,0.040579692305376135,0.040435911156237125,0.03830679296515882,0.375,0.5416666666666666,1.137921412785848,1.1384437084197998,1.1409982740879059,0.375,0.5416666666666666
436,0.20131426428755125,0.286832258105278,0.1777624785900116,0.9166666666666666,0.4166666666666667,0.029929173334191244,0.050338794477283955,0.023410614929161966,0.8333333333333334,0.4583333333333333,0.03135214885696769,0.054332368075847626,0.023294540005736053,0.9166666666666666,0.375,0.02335305434341232,0.0360184358432889,0.018900657538324594,0.9166666666666666,0.375,0.24296151349941889,0.25958672910928726,0.2372896410524845,0.9166666666666666,0.375,0.033690551606317364,0.05802737921476364,0.02573985094204545,0.9166666666666666,0.4166666666666667,0.02953166871642073,0.051676363684237,0.022375720436684787,0.9166666666666666,0.4166666666666667,1.1471804181734722,1.1235650777816772,1.1552374958992004,0.9166666666666666,0.375
437,0.16054672251145044,0.19818873330950737,0.15394587628543377,0.875,0.4166666666666667,0.018630747217684984,0.0263083316385746,0.01873955223709345,0.875,0.4166666666666667,0.020066389193137486,0.02774445153772831,0.020071332808583975,0.8333333333333334,0.5,0.0177753542860349,0.021654977463185787,0.017779131419956684,0.8333333333333334,0.5,0.23400245855251947,0.23937560617923737,0.23385172337293625,0.8333333333333334,0.5,0.021910047934701044,0.0298284194432199,0.021501658484339714,0.7916666666666666,0.4583333333333333,0.018937013500059646,0.02589713642373681,0.018550400156527758,0.7916666666666666,0.4583333333333333,1.1599065860112507,1.1522741615772247,1.1601204872131348,0.8333333333333334,0.5
438,0.125300624097387,0.19353362545371056,0.13718991354107857,1.0,0.5833333333333334,0.014416417533842226,0.028052361216396093,0.015675452305004,1.0,0.4583333333333333,0.014173908353162309,0.024412580765783787,0.014918525703251362,1.0,0.4166666666666667,0.016164650674909353,0.021872191689908504,0.016504421830177307,1.0,0.4583333333333333,0.22934230417013168,0.23695964738726616,0.229929368942976,1.0,0.4583333333333333,0.015969358539829653,0.027410108130425215,0.016929449047893286,1.0,0.5,0.013717922925328216,0.02371843671426177,0.014527253806591034,1.0,0.5,1.1665261785189311,1.1557062566280365,1.165692389011383,1.0,0.4583333333333333
439,0.210037841151158,0.22761060670018196,0.18615091033279896,0.625,0.3333333333333333,0.029377187757442396,0.03276553796604276,0.024863909813575447,0.5416666666666666,0.2916666666666667,0.03239211377998193,0.035625843331217766,0.0271262462483719,0.6666666666666666,0.25,0.023082885270317394,0.02448374219238758,0.02005769987590611,0.625,0.25,0.24341274052858353,0.24586251005530357,0.23945479467511177,0.6666666666666666,0.20833333333333334,0.03508185145134727,0.03871953580528498,0.029338731546886265,0.6666666666666666,0.25,0.030714797399317224,0.03394231479614973,0.02562350034713745,0.6666666666666666,0.25,1.1465397675832112,1.1430599391460419,1.1521617770195007,0.6666666666666666,0.20833333333333334
440,0.17479794224103293,0.2063003070652485,0.1507925558835268,0.8333333333333334,0.4583333333333333,0.021315800957381725,0.027342972811311483,0.01769724558107555,0.7916666666666666,0.5,0.020270701963454485,0.026000256650149822,0.019594077253714204,0.8333333333333334,0.5833333333333334,0.018077215490241844,0.02071281336247921,0.017584569519385695,0.7916666666666666,0.5833333333333334,0.23151526600122452,0.2355373464524746,0.2307315208017826,0.7916666666666666,0.5833333333333334,0.022792046579221886,0.029275972861796618,0.021463974844664335,0.8333333333333334,0.625,0.01959830817456047,0.025309533812105656,0.01847552298568189,0.8333333333333334,0.625,1.1634396115938823,1.1577261090278625,1.164551854133606,0.7916666666666666,0.5833333333333334
441,0.18158486733833948,0.19403517618775368,0.15968203358352184,0.5416666666666666,0.4583333333333333,0.022093235825498898,0.02416782407090068,0.01777547935489565,0.5833333333333334,0.4166666666666667,0.02770214683065812,0.0265062996186316,0.021220920607447624,0.625,0.4166666666666667,0.019604746252298355,0.01851473725400865,0.01573004969395697,0.625,0.4166666666666667,0.23686969031890234,0.23635848984122276,0.23234333470463753,0.625,0.4166666666666667,0.029580343514680862,0.02911686897277832,0.02338412031531334,0.625,0.4166666666666667,0.025674335037668545,0.025251198559999466,0.02020604209974408,0.625,0.4166666666666667,1.1558324098587036,1.156559407711029,1.1622628569602966,0.625,0.4166666666666667
442,0.21179310232400894,0.24970201775431633,0.18868891336023808,0.9166666666666666,0.4166666666666667,0.030446539322535198,0.03983502183109522,0.025701512582600117,0.9166666666666666,0.4166666666666667,0.03587536606937647,0.04865384101867676,0.031782505102455616,0.9166666666666666,0.4166666666666667,0.027283867510656517,0.03372540092095733,0.02515992382541299,0.9166666666666666,0.4166666666666667,0.23762877037127814,0.2459745556116104,0.23483170941472054,0.9166666666666666,0.4166666666666667,0.04005578843255838,0.05365331657230854,0.03548548463732004,0.9166666666666666,0.375,0.03472929199536642,0.04696626402437687,0.0306737064383924,0.9166666666666666,0.375,1.154755214850108,1.1429003775119781,1.1587284803390503,0.9166666666666666,0.4166666666666667
443,0.12007570639252663,0.1604342795908451,0.10913104750216007,1.0,0.4583333333333333,0.01018883939832449,0.017577385064214468,0.00871629815082997,1.0,0.375,0.012495322618633509,0.019407869316637516,0.010515340487472713,0.875,0.375,0.01513561001047492,0.018926233984529972,0.013978060334920883,0.875,0.375,0.22865205258131027,0.23394299298524857,0.22722211480140686,0.875,0.375,0.014157556928694248,0.02200631983578205,0.012020961847156286,0.875,0.375,0.01214707704881827,0.018975929357111454,0.010289748548530042,0.875,0.375,1.167506714661916,1.1599913835525513,1.1695378422737122,0.875,0.375
444,0.15551628917455673,0.16186346113681793,0.1327963601797819,0.5833333333333334,0.4166666666666667,0.01701584629093607,0.016965680057182908,0.01347104914020747,0.5,0.4583333333333333,0.013338789188613495,0.013864792883396149,0.011086610495112836,0.5,0.4166666666666667,0.012654112031062445,0.012957890285179019,0.011443538358435035,0.5,0.4166666666666667,0.22820427268743515,0.22863920032978058,0.2264336384832859,0.5,0.4166666666666667,0.015253921194622913,0.016011014580726624,0.012753056362271309,0.5416666666666666,0.4166666666666667,0.013064621792485317,0.013714310247451067,0.010915591672528535,0.5416666666666666,0.4166666666666667,1.168142815430959,1.1675251126289368,1.1706578135490417,0.5,0.4166666666666667
445,0.17984709764520326,0.19244394823908806,0.15516062080860138,0.625,0.375,0.023772195912897587,0.023388385772705078,0.01761681487550959,0.5833333333333334,0.3333333333333333,0.031167132935176294,0.027855321299284697,0.023063104308675975,0.4583333333333333,0.2916666666666667,0.022130482830107212,0.02041037194430828,0.017598997335880995,0.4583333333333333,0.2916666666666667,0.2427340125044187,0.2408691756427288,0.23714130744338036,0.4583333333333333,0.2916666666666667,0.03197166696190834,0.030201829969882965,0.024701241636648774,0.4583333333333333,0.3333333333333333,0.02803128903421263,0.026323192287236452,0.021562097943387926,0.4583333333333333,0.3333333333333333,1.1475032766660054,1.150152713060379,1.15544793009758,0.4583333333333333,0.2916666666666667
446,0.18506016582250595,0.20504945516586304,0.17211272567510605,0.7083333333333334,0.5,0.0283218656356136,0.03257401054725051,0.02640849119052291,0.7083333333333334,0.5,0.04465930971006552,0.04924348834902048,0.04406125424429774,0.625,0.5833333333333334,0.031731992649535336,0.03439199272543192,0.03122517978772521,0.6666666666666666,0.5833333333333334,0.2451404184103012,0.2484704665839672,0.244336299598217,0.625,0.5833333333333334,0.04591349822779497,0.05061556212604046,0.044472073670476675,0.5833333333333334,0.5833333333333334,0.04017463202277819,0.044467875733971596,0.038980839774012566,0.5833333333333334,0.5833333333333334,1.1440842946370442,1.139354169368744,1.14522585272789,0.625,0.5833333333333334
447,0.14614304900169373,0.18839463219046593,0.14058058708906174,0.875,0.4166666666666667,0.014839824327888588,0.023797563277184963,0.014924760675057769,0.875,0.4583333333333333,0.0174488943691055,0.02810849715024233,0.0180361638776958,0.9583333333333334,0.7083333333333334,0.01649104446793596,0.0223745945841074,0.01680713123641908,0.9583333333333334,0.7083333333333334,0.2325725182890892,0.24042269960045815,0.23287328705191612,0.9583333333333334,0.7083333333333334,0.019369463281085093,0.031046677380800247,0.019285420421510935,0.9583333333333334,0.6666666666666666,0.016701964273427922,0.02700130408629775,0.01664535130839795,0.9583333333333334,0.6666666666666666,1.1619378328323364,1.150787115097046,1.1615104675292969,0.9583333333333334,0.7083333333333334
448,0.15959722052017847,0.20580437034368515,0.13919602148234844,0.9166666666666666,0.375,0.017674694303423166,0.026893533766269684,0.01340150076430291,0.9166666666666666,0.3333333333333333,0.02783504066367944,0.03621617890894413,0.022135189967229962,0.75,0.2916666666666667,0.024769553914666176,0.028898267075419426,0.021386589854955673,0.75,0.2916666666666667,0.23482139905293783,0.24067460000514984,0.23102107271552086,0.7916666666666666,0.2916666666666667,0.0302476246530811,0.03946648631244898,0.024467291310429573,0.8333333333333334,0.2916666666666667,0.026155567727982998,0.034319319762289524,0.0210645014885813,0.8333333333333334,0.2916666666666667,1.1587419311205547,1.1504283845424652,1.1641412377357483,0.7916666666666666,0.2916666666666667
449,0.20954912900924683,0.22216198593378067,0.17448571883141994,0.5416666666666666,0.3333333333333333,0.030831115785986185,0.03213673131540418,0.022780700121074915,0.5,0.3333333333333333,0.040266428453226887,0.0400519073009491,0.03134282352402806,0.4166666666666667,0.3333333333333333,0.027034444424013298,0.026576504576951265,0.02210133895277977,0.4166666666666667,0.3333333333333333,0.24895185232162476,0.24884920567274094,0.2424347922205925,0.4166666666666667,0.3333333333333333,0.04303649005790552,0.043552945367991924,0.03400286380201578,0.4583333333333333,0.3333333333333333,0.037978493608534336,0.0384500278159976,0.029736891854554415,0.4583333333333333,0.3333333333333333,1.1386715372403462,1.1388168931007385,1.1479287147521973,0.4166666666666667,0.3333333333333333
450,0.18056290472547212,0.21727294847369194,0.17019233107566833,0.75,0.4583333333333333,0.022951511510958273,0.031521185766905546,0.021491959458217025,0.75,0.5,0.034088986770560346,0.04101900942623615,0.03158945729956031,0.7083333333333334,0.4583333333333333,0.02322207608570655,0.026958795730024576,0.021786435041576624,0.7083333333333334,0.4583333333333333,0.24450359245141348,0.24949246644973755,0.2425527237355709,0.7083333333333334,0.4583333333333333,0.035908239583174385,0.043525190092623234,0.03314111474901438,0.7083333333333334,0.4583333333333333,0.031495510755727686,0.038320304825901985,0.028951166663318872,0.7083333333333334,0.4583333333333333,1.1449898481369019,1.1379034519195557,1.1477609872817993,0.7083333333333334,0.4583333333333333
451,0.14784356951713562,0.1632840409874916,0.12453125603497028,0.7083333333333334,0.375,0.014580454832563797,0.01671465882100165,0.010397056641522795,0.625,0.3333333333333333,0.02315492167448004,0.024133568163961172,0.017081101424992085,0.5833333333333334,0.375,0.01945061981678009,0.019947892520576715,0.0159995392896235,0.5833333333333334,0.375,0.23018482079108557,0.2311907410621643,0.2257157675921917,0.5833333333333334,0.375,0.025563893218835194,0.02728283079341054,0.01941094920039177,0.5833333333333334,0.375,0.02198742749169469,0.02346029132604599,0.016606379067525268,0.5833333333333334,0.375,1.1653287410736084,1.1639003455638885,1.1716771125793457,0.5833333333333334,0.375
452,0.16013762975732485,0.19819971919059753,0.1366642015054822,0.8333333333333334,0.4166666666666667,0.019315252856661875,0.02633316023275256,0.015591948467772454,0.75,0.4166666666666667,0.02591763623058796,0.03468471299856901,0.02307611145079136,0.75,0.4166666666666667,0.020060899667441845,0.024453184567391872,0.01837358740158379,0.75,0.4166666666666667,0.2349082976579666,0.2409740686416626,0.23277531191706657,0.7916666666666666,0.4166666666666667,0.028890309079239767,0.03825904708355665,0.02568408171646297,0.75,0.4166666666666667,0.025000934178630512,0.033275395166128874,0.022170345997437835,0.75,0.4166666666666667,1.1586195429166157,1.1500032544136047,1.1616493463516235,0.7916666666666666,0.4166666666666667
453,0.170893095433712,0.17922651395201683,0.15390858240425587,0.4583333333333333,0.375,0.019157335472603638,0.021736513823270798,0.016311002778820693,0.5833333333333334,0.375,0.022955693925420444,0.02572460612282157,0.020259477896615863,0.5833333333333334,0.375,0.016186820653577644,0.017644946230575442,0.014855694491416216,0.5833333333333334,0.375,0.23666930943727493,0.23847568407654762,0.23454756662249565,0.5416666666666666,0.375,0.02537238597869873,0.027615484315901995,0.022541158366948366,0.5,0.375,0.02198901850109299,0.023956661578267813,0.019536035251803696,0.5,0.375,1.1561186114947002,1.1535525023937225,1.1591323912143707,0.5416666666666666,0.375
454,0.17993474751710892,0.2613134980201721,0.1668680887669325,1.0,0.4583333333333333,0.024707197366903227,0.04631216637790203,0.022363754455000162,1.0,0.4583333333333333,0.028953473859777052,0.0510279405862093,0.02597988862544298,0.9583333333333334,0.375,0.02143523283302784,0.03345132479444146,0.019574809120967984,0.9583333333333334,0.3333333333333333,0.2408822625875473,0.25722940266132355,0.23893100768327713,0.9583333333333334,0.375,0.029625593684613705,0.05280607845634222,0.027056473772972822,1.0,0.375,0.025812001278003056,0.046917825005948544,0.023555287392809987,0.9583333333333334,0.375,1.1501335700352986,1.1269128620624542,1.1529054939746857,0.9583333333333334,0.375
455,0.1595301777124405,0.2217378243803978,0.14610076881945133,1.0,0.5,0.01974433846771717,0.03302679071202874,0.018126166192814708,0.9583333333333334,0.5416666666666666,0.02141512744128704,0.03622625954449177,0.023055291501805186,1.0,0.5833333333333334,0.017283361094693344,0.024545173160731792,0.018034414388239384,0.9583333333333334,0.5833333333333334,0.23211256663004556,0.2425808049738407,0.23295186460018158,1.0,0.625,0.023349041119217873,0.03944076597690582,0.02435052371583879,1.0,0.625,0.020095323988546927,0.034378196112811565,0.02100275456905365,1.0,0.625,1.1625908414522808,1.147720992565155,1.161398470401764,1.0,0.625
456,0.1594116265575091,0.19533423334360123,0.13388640247285366,0.9166666666666666,0.2916666666666667,0.015991932712495327,0.023316165432333946,0.012437386205419898,0.9166666666666666,0.3333333333333333,0.017061103601008654,0.022421393543481827,0.01246914709918201,0.8333333333333334,0.2916666666666667,0.014064054936170578,0.01701868698000908,0.01162593625485897,0.8333333333333334,0.2916666666666667,0.23297462612390518,0.23709315434098244,0.2294643111526966,0.8333333333333334,0.2916666666666667,0.019406499651571114,0.02567178988829255,0.014313746010884643,0.8333333333333334,0.2916666666666667,0.016723736344526213,0.022228532936424017,0.012301204318646342,0.8333333333333334,0.2916666666666667,1.161366879940033,1.1555168330669403,1.1663530468940735,0.8333333333333334,0.2916666666666667
457,0.1494304376343886,0.1942879520356655,0.1269466821104288,1.0,0.3333333333333333,0.015692389104515314,0.023816984612494707,0.011559324921108782,0.9583333333333334,0.25,0.020282214041799307,0.025637084152549505,0.014204203034751117,0.5416666666666666,0.3333333333333333,0.015633494903643925,0.01806082157418132,0.012254767934791744,0.5416666666666666,0.3333333333333333,0.23293310652176538,0.2370131053030491,0.22870228439569473,0.5833333333333334,0.3333333333333333,0.021742061090966065,0.028662054799497128,0.015813500620424747,0.7083333333333334,0.3333333333333333,0.018776753762116034,0.024806416127830744,0.013587701367214322,0.7083333333333334,0.3333333333333333,1.1614253123601277,1.1556303203105927,1.167435199022293,0.5833333333333334,0.3333333333333333
458,0.2140290712316831,0.24263880774378777,0.19939775951206684,0.75,0.5,0.030613827984780073,0.036609938368201256,0.02833333017770201,0.75,0.5,0.031779881877203785,0.03894559666514397,0.030423392076045275,0.7083333333333334,0.5833333333333334,0.022829967240492504,0.026558654382824898,0.022151618730276823,0.6666666666666666,0.5833333333333334,0.24135017146666846,0.24683952704071999,0.24011946097016335,0.7916666666666666,0.5833333333333334,0.03502741145590941,0.04289610590785742,0.03319233446381986,0.7083333333333334,0.5833333333333334,0.030564648564904928,0.037616838701069355,0.029015660868026316,0.7083333333333334,0.5833333333333334,1.1494696338971455,1.1416722536087036,1.1512176096439362,0.7916666666666666,0.5833333333333334
459,0.14980796724557877,0.2017790600657463,0.11495322454720736,0.9583333333333334,0.25,0.015038484241813421,0.026991928461939096,0.009910029562888667,0.9583333333333334,0.25,0.0229397287281851,0.035641391295939684,0.016325440723448992,0.9583333333333334,0.2916666666666667,0.019329894954959553,0.02647354081273079,0.015717288246378303,0.9583333333333334,0.25,0.23176723718643188,0.24075118824839592,0.22678576037287712,0.9583333333333334,0.2916666666666667,0.02581674885004759,0.03900276497006416,0.018711255048401654,0.9583333333333334,0.2916666666666667,0.022244506515562534,0.03391606081277132,0.016038532718084753,0.9583333333333334,0.2916666666666667,1.1630816459655762,1.1503202021121979,1.1701575219631195,0.9583333333333334,0.2916666666666667
460,0.13369578185180822,0.19150809943675995,0.12454310618340969,1.0,0.4166666666666667,0.016007215327893693,0.02547896932810545,0.013282699976116419,0.8333333333333334,0.375,0.014007062107945481,0.02458127262070775,0.011003202060237527,0.9166666666666666,0.375,0.012922704685479403,0.018977847881615162,0.011341391014866531,0.9583333333333334,0.375,0.23056145509084067,0.23861650004982948,0.22832926735281944,0.9166666666666666,0.375,0.015497566588843862,0.027425828389823437,0.012390675256028771,1.0,0.375,0.013347563411419591,0.023790559265762568,0.010638752370141447,1.0,0.375,1.1647944649060566,1.1533528566360474,1.1679652333259583,0.9166666666666666,0.375
461,0.1575585181514422,0.20062658935785294,0.17763665318489075,0.9166666666666666,0.7083333333333334,0.017887533099080127,0.02679363964125514,0.024054554756730795,0.9166666666666666,0.7083333333333334,0.021285267391552527,0.031049003824591637,0.026884480845183134,0.9166666666666666,0.7083333333333334,0.01937243218223254,0.02445662021636963,0.022500631865113974,0.9166666666666666,0.7083333333333334,0.23249605794747671,0.23907937109470367,0.23642882332205772,0.9166666666666666,0.7083333333333334,0.023894034946958225,0.0346709955483675,0.029745674692094326,0.9166666666666666,0.7083333333333334,0.020588101508716743,0.03008625376969576,0.025746357161551714,0.9166666666666666,0.7083333333333334,1.1620460748672485,1.1526950895786285,1.1564595103263855,0.9166666666666666,0.7083333333333334
462,0.15972010294596353,0.16589956730604172,0.13384548388421535,0.5416666666666666,0.375,0.016876970728238423,0.018183937529101968,0.012328628334216774,0.6666666666666666,0.375,0.021450268104672432,0.01840097177773714,0.01591828593518585,0.3333333333333333,0.3333333333333333,0.018454036209732294,0.016554936533793807,0.015490168705582619,0.3333333333333333,0.3333333333333333,0.23235195378462473,0.23026373982429504,0.22816916927695274,0.375,0.3333333333333333,0.023819885527094204,0.020829421002417803,0.017882963409647346,0.375,0.3333333333333333,0.020521139570822317,0.01788831944577396,0.015342879225499928,0.375,0.3333333333333333,1.1622510155042012,1.1652173399925232,1.168192446231842,0.375,0.3333333333333333
463,0.17791381229956946,0.1892634481191635,0.15179278329014778,0.5833333333333334,0.4166666666666667,0.02248216870551308,0.025120073929429054,0.018041848903521895,0.7083333333333334,0.4583333333333333,0.03207728794465462,0.03318081144243479,0.0266524413600564,0.5833333333333334,0.4166666666666667,0.02741151489317417,0.02765135234221816,0.024295831564813852,0.5416666666666666,0.4166666666666667,0.23732389758030573,0.23785077407956123,0.2336634323000908,0.5416666666666666,0.4166666666666667,0.034465769616266094,0.036032639909535646,0.028805352048948407,0.5416666666666666,0.4166666666666667,0.02988091390579939,0.03124996181577444,0.02492714300751686,0.5416666666666666,0.4166666666666667,1.1551882425944011,1.1544399559497833,1.1603878438472748,0.5416666666666666,0.4166666666666667
464,0.13015264396866164,0.19902336224913597,0.12330929562449455,1.0,0.4583333333333333,0.013047569276144108,0.02509557642042637,0.01146559725748375,1.0,0.4583333333333333,0.020248564891517162,0.029701086226850748,0.016644999501295388,0.875,0.2916666666666667,0.015326224267482758,0.020355133106932044,0.013319001882337034,0.7916666666666666,0.20833333333333334,0.23128032435973486,0.23858143389225006,0.22864387184381485,0.875,0.3333333333333333,0.021704082377254963,0.03270015399903059,0.018264338024891913,0.875,0.3333333333333333,0.018679856943587463,0.02837717067450285,0.01567388861440122,0.875,0.3333333333333333,1.163773000240326,1.1534022688865662,1.1675180196762085,0.875,0.3333333333333333
465,0.26981203258037567,0.2858189195394516,0.23586063832044601,0.6666666666666666,0.4583333333333333,0.047009389847517014,0.0511974124237895,0.038769638165831566,0.6666666666666666,0.4166666666666667,0.04696421232074499,0.04915808979421854,0.037433124147355556,0.5833333333333334,0.375,0.03348748323818048,0.034585125744342804,0.028430957812815905,0.5833333333333334,0.375,0.25301872938871384,0.25483541190624237,0.2461734190583229,0.5833333333333334,0.375,0.05071313803394636,0.05375158227980137,0.040995897725224495,0.5833333333333334,0.4166666666666667,0.04490450210869312,0.04758646059781313,0.0360448204446584,0.5833333333333334,0.4166666666666667,1.13289475440979,1.130314588546753,1.1426183581352234,0.5833333333333334,0.375
466,0.17610841244459152,0.20089848339557648,0.14739600010216236,0.8333333333333334,0.3333333333333333,0.024052730140586693,0.026865873020142317,0.018101140740327537,0.625,0.3333333333333333,0.026027590967714787,0.02706873882561922,0.01866669044829905,0.625,0.16666666666666666,0.02203645060459773,0.022808476351201534,0.018232576083391905,0.6666666666666666,0.16666666666666666,0.23551842321952185,0.23679931834340096,0.23066530749201775,0.6666666666666666,0.125,0.027974341996014118,0.030281261540949345,0.02064839075319469,0.6666666666666666,0.125,0.024167698187132675,0.026216528844088316,0.01777461462188512,0.6666666666666666,0.125,1.1577509045600891,1.1559337675571442,1.1646466255187988,0.6666666666666666,0.125
467,0.1959108387430509,0.22504186630249023,0.17795828357338905,0.75,0.375,0.025650732374439638,0.03338971035555005,0.023165886057540774,0.7916666666666666,0.375,0.03462627079958717,0.03820553235709667,0.02601797808893025,0.5833333333333334,0.2916666666666667,0.024852941899249952,0.026475846767425537,0.01997395302169025,0.5833333333333334,0.2916666666666667,0.24091311792532602,0.2439163327217102,0.23507369682192802,0.5833333333333334,0.3333333333333333,0.03728070886184772,0.04183080047369003,0.028879023622721434,0.5833333333333334,0.2916666666666667,0.032504901134719454,0.03652770118787885,0.02500930055975914,0.5833333333333334,0.2916666666666667,1.1500890056292217,1.145823895931244,1.1583844721317291,0.5833333333333334,0.3333333333333333
468,0.2109248066941897,0.21859722584486008,0.18665762804448605,0.5833333333333334,0.375,0.032538278959691525,0.03338104533031583,0.026951228501275182,0.5416666666666666,0.375,0.03232980767885844,0.031242866069078445,0.025902245193719864,0.4583333333333333,0.2916666666666667,0.026083136287828285,0.0252604098059237,0.022594631416723132,0.4583333333333333,0.2916666666666667,0.238878866036733,0.23803678900003433,0.2344311699271202,0.4583333333333333,0.2916666666666667,0.03523705651362737,0.03440907597541809,0.02870874316431582,0.4583333333333333,0.2916666666666667,0.030594052126010258,0.02981622377410531,0.024831369519233704,0.4583333333333333,0.2916666666666667,1.1529796719551086,1.1541759073734283,1.1592970192432404,0.4583333333333333,0.2916666666666667
469,0.165988989174366,0.19673951715230942,0.14235330745577812,0.75,0.2916666666666667,0.01991918683052063,0.02658083103597164,0.015759061323478818,0.75,0.3333333333333333,0.021919648628681898,0.02412490453571081,0.017208355478942394,0.5833333333333334,0.3333333333333333,0.01675266306847334,0.01773263909853995,0.014045636635273695,0.5833333333333334,0.3333333333333333,0.23391585300366083,0.23601547628641129,0.23067466914653778,0.5833333333333334,0.3333333333333333,0.023289992629239958,0.02672493364661932,0.018673510290682316,0.625,0.3333333333333333,0.02013208484277129,0.023110273759812117,0.01607271283864975,0.625,0.3333333333333333,1.1600281993548076,1.1570468544960022,1.1646327078342438,0.5833333333333334,0.3333333333333333
470,0.18863588695724806,0.1982860565185547,0.17550696060061455,0.4166666666666667,0.4583333333333333,0.02579196379519999,0.026825409848242998,0.023539888905361295,0.375,0.4583333333333333,0.035743744733432926,0.03734154114499688,0.032081455225124955,0.4166666666666667,0.4583333333333333,0.024280040990561247,0.025157587602734566,0.02218816615641117,0.4166666666666667,0.4583333333333333,0.24538169552882513,0.2466999664902687,0.2426791898906231,0.4583333333333333,0.4166666666666667,0.037869248539209366,0.04023991245776415,0.034172261133790016,0.4166666666666667,0.4583333333333333,0.033265303199489914,0.03527101781219244,0.029963197419419885,0.4166666666666667,0.4583333333333333,1.143742561340332,1.1418703496456146,1.1475811302661896,0.4583333333333333,0.4166666666666667
471,0.14180721466739973,0.23026103153824806,0.11905323527753353,1.0,0.4166666666666667,0.013274488504976034,0.03125435812398791,0.010171318717766553,1.0,0.3333333333333333,0.01650668098591268,0.033154149539768696,0.011956139001995325,1.0,0.375,0.012385986667747298,0.021230417769402266,0.010036457795649767,1.0,0.375,0.2312601481874784,0.2440001331269741,0.22776837646961212,1.0,0.375,0.01863883916909496,0.03718922007828951,0.013689508195966482,1.0,0.375,0.016062166619425017,0.03246195754036307,0.011750866658985615,1.0,0.375,1.1638021071751912,1.1457057893276215,1.168761968612671,1.0,0.375
472,0.15850123763084412,0.18652431666851044,0.13594355061650276,0.7916666666666666,0.4583333333333333,0.01603307497377197,0.022049359744414687,0.013024385756580159,0.7916666666666666,0.3333333333333333,0.021065379803379376,0.023818840738385916,0.016427462571300566,0.6666666666666666,0.375,0.01810241149117549,0.01932613179087639,0.015302369021810591,0.625,0.3333333333333333,0.23521724343299866,0.23749379068613052,0.23189331963658333,0.6666666666666666,0.375,0.02301151491701603,0.026813994627445936,0.01827875035814941,0.7083333333333334,0.375,0.019891345873475075,0.02324792114086449,0.01578325458103791,0.7083333333333334,0.375,1.158181071281433,1.1549476385116577,1.162902593612671,0.6666666666666666,0.375
473,0.17142265352110067,0.24040551483631134,0.15747128799557686,0.8333333333333334,0.4166666666666667,0.021572627942077816,0.03500007465481758,0.01701100869104266,0.8333333333333334,0.4166666666666667,0.030832176174347598,0.03937085438519716,0.02398776658810675,0.625,0.4583333333333333,0.021661147785683472,0.026106631383299828,0.017917151330038905,0.625,0.4583333333333333,0.2415442168712616,0.24822163581848145,0.2367710880935192,0.6666666666666666,0.5,0.032550400433441005,0.04269479960203171,0.026360528310760856,0.75,0.5,0.02852628120065977,0.03750967746600509,0.02288800268433988,0.75,0.5,1.149193565050761,1.139708936214447,1.1559739410877228,0.6666666666666666,0.5
474,0.20880931864182153,0.26828403398394585,0.20903083309531212,1.0,0.75,0.03199984257419904,0.05008054804056883,0.035570571199059486,1.0,0.75,0.04621365231772264,0.07364092394709587,0.05436925031244755,1.0,0.7916666666666666,0.03128292473653952,0.04632708802819252,0.03618297213688493,1.0,0.8333333333333334,0.25096427897612256,0.2688947468996048,0.25597061589360237,1.0,0.75,0.04932795589168867,0.07331117242574692,0.05602208897471428,1.0,0.75,0.0434357983370622,0.0660674525424838,0.04967286717146635,1.0,0.75,1.1358126600583394,1.1103377640247345,1.128700077533722,1.0,0.75
475,0.17785821358362833,0.20836840569972992,0.15714235045015812,0.8333333333333334,0.375,0.020440917151669662,0.026073174085468054,0.01686044444795698,0.7916666666666666,0.3333333333333333,0.02853158690656225,0.03472009766846895,0.02346423757262528,0.75,0.3333333333333333,0.023324476710210245,0.02644059620797634,0.02057817834429443,0.75,0.3333333333333333,0.23600339641173682,0.24103109166026115,0.23243728652596474,0.75,0.3333333333333333,0.031133414867023628,0.03881350252777338,0.026272032875567675,0.75,0.375,0.026971133891493082,0.033782769460231066,0.02269453601911664,0.75,0.375,1.157064159711202,1.1499229073524475,1.162129819393158,0.75,0.3333333333333333
476,0.1425749392559131,0.1740594059228897,0.13394091092050076,1.0,0.3333333333333333,0.014031366619747132,0.018026089295744896,0.012847399397287518,0.9166666666666666,0.375,0.018283911049365997,0.022200785111635923,0.016497393138706684,0.7083333333333334,0.4583333333333333,0.018194511843224365,0.020423414185643196,0.01747835846617818,0.7083333333333334,0.5416666666666666,0.22944573064645132,0.23205211013555527,0.2278922013938427,0.6666666666666666,0.4583333333333333,0.02091352455317974,0.025502301286906004,0.018853738787584007,0.7083333333333334,0.4583333333333333,0.01796317418726782,0.021934974938631058,0.016163600841537118,0.7083333333333334,0.4583333333333333,1.1663793325424194,1.1626771986484528,1.1685859858989716,0.6666666666666666,0.4583333333333333
477,0.18274681021769842,0.23943610861897469,0.16764924116432667,0.9583333333333334,0.4583333333333333,0.023959598193566006,0.03942708112299442,0.02177061908878386,0.9583333333333334,0.4166666666666667,0.036930568826695286,0.05654583778232336,0.033537913113832474,0.875,0.5,0.027362727870543797,0.037735190242528915,0.025299142580479383,0.875,0.5,0.24430685490369797,0.25852160155773163,0.24205034971237183,0.9583333333333334,0.5,0.0393578615039587,0.05917052924633026,0.03610274475067854,0.9583333333333334,0.5,0.03452976560220122,0.0526078175753355,0.031559031922370195,0.9583333333333334,0.5,1.1452693343162537,1.1250770688056946,1.1484747529029846,0.9583333333333334,0.5
478,0.13521144166588783,0.17409003898501396,0.12063639238476753,0.9166666666666666,0.375,0.013925583877911171,0.019858130253851414,0.011205357383005321,0.875,0.375,0.020834756083786488,0.02340407157316804,0.01661678496748209,0.5833333333333334,0.4166666666666667,0.017761591201027233,0.019327535293996334,0.015584953594952822,0.5833333333333334,0.4166666666666667,0.23250984152158102,0.2344479002058506,0.22945762425661087,0.5833333333333334,0.375,0.022710695397108793,0.02644425258040428,0.018543825019150972,0.625,0.375,0.019588875739524763,0.022818551864475012,0.015928975539281964,0.625,0.375,1.1620266834894817,1.1592740416526794,1.1663623452186584,0.5833333333333334,0.375
479,0.1565010560055574,0.20125329494476318,0.15131215564906597,1.0,0.4166666666666667,0.017126082597921293,0.02602342562749982,0.015707071404904127,1.0,0.375,0.022197950320939224,0.03127260925248265,0.01934633543714881,0.7916666666666666,0.4166666666666667,0.016543992329388857,0.021098478697240353,0.014732456067577004,0.7083333333333334,0.4166666666666667,0.23256402711073557,0.23969203978776932,0.23059779778122902,0.8333333333333334,0.4166666666666667,0.02416544050599138,0.03484634310007095,0.021856654901057482,0.875,0.4166666666666667,0.02084473955134551,0.030267223715782166,0.018785069696605206,0.875,0.4166666666666667,1.1619495749473572,1.151824712753296,1.1647428274154663,0.8333333333333334,0.4166666666666667
480,0.22886338581641516,0.2617119178175926,0.20243892818689346,0.875,0.4583333333333333,0.036052780536313854,0.04401054885238409,0.028716950211673975,0.875,0.2916666666666667,0.04064455535262823,0.04623046983033419,0.03287156391888857,0.625,0.4583333333333333,0.028138160705566406,0.030861702747642994,0.023847744101658463,0.625,0.4583333333333333,0.24196579307317734,0.24659943580627441,0.23704596236348152,0.625,0.4583333333333333,0.04354152704278628,0.05047082249075174,0.036228292621672153,0.6666666666666666,0.4583333333333333,0.03798899085571369,0.04424140229821205,0.03145546792075038,0.6666666666666666,0.4583333333333333,1.1485936045646667,1.1420117318630219,1.1555827260017395,0.625,0.4583333333333333
481,0.16199127833048502,0.23125053197145462,0.14669443108141422,1.0,0.3333333333333333,0.017014672902102273,0.03222324885427952,0.014711548225022852,0.9583333333333334,0.375,0.022773002895216148,0.03510473435744643,0.01910895179025829,0.7916666666666666,0.375,0.018573425554980833,0.02558164717629552,0.016454782336950302,0.7916666666666666,0.3333333333333333,0.23619340360164642,0.2455478236079216,0.23339918628335,0.7916666666666666,0.3333333333333333,0.02497794572263956,0.038798991590738297,0.02079329499974847,0.7916666666666666,0.3333333333333333,0.021679264182845753,0.033983050379902124,0.018024857621639967,0.7916666666666666,0.3333333333333333,1.1567944685618083,1.1435069143772125,1.1607628464698792,0.7916666666666666,0.3333333333333333
482,0.13774184385935465,0.1539120115339756,0.12778774090111256,0.6666666666666666,0.4583333333333333,0.012856035182873407,0.015239344909787178,0.011395110050216317,0.6666666666666666,0.375,0.020048574699709814,0.02353234775364399,0.018585801357403398,0.6666666666666666,0.4583333333333333,0.01924068822215001,0.020914855878800154,0.01831785636022687,0.6666666666666666,0.4583333333333333,0.23021575808525085,0.23235952109098434,0.22895867750048637,0.6666666666666666,0.4583333333333333,0.022889742938180763,0.026677965186536312,0.021198786096647382,0.6666666666666666,0.4583333333333333,0.019663379061967134,0.02298756828531623,0.01820579986087978,0.6666666666666666,0.4583333333333333,1.1652854681015015,1.1622404754161835,1.1670711040496826,0.6666666666666666,0.4583333333333333
483,0.22857804596424103,0.2471454106271267,0.20998940244317055,0.625,0.375,0.03293904336169362,0.03992485301569104,0.02829175489023328,0.7083333333333334,0.375,0.0440908131810526,0.04864450637251139,0.03555623744614422,0.5416666666666666,0.25,0.032830115097264446,0.035150546580553055,0.02803166164085269,0.5416666666666666,0.25,0.24833017339309058,0.25131773948669434,0.242554921656847,0.5,0.25,0.04704416419068972,0.05126065108925104,0.0390362290199846,0.4583333333333333,0.25,0.04146219231188297,0.04520625341683626,0.03417032468132675,0.4583333333333333,0.25,1.1395543813705444,1.1353084444999695,1.1477581560611725,0.5,0.25
484,0.19874861339728037,0.22627243399620056,0.1764397844672203,0.75,0.5,0.02530134314050277,0.03593244403600693,0.022285767598077655,0.7916666666666666,0.5416666666666666,0.03774405394991239,0.041217837017029524,0.03416916495189071,0.625,0.5416666666666666,0.03045892467101415,0.03246204275637865,0.02848491072654724,0.5833333333333334,0.5416666666666666,0.23411119729280472,0.23667052760720253,0.23177674412727356,0.5833333333333334,0.5416666666666666,0.04212624082962672,0.0458778259344399,0.03843964636325836,0.7083333333333334,0.5833333333333334,0.036345259907344975,0.039789505768567324,0.033155650133267045,0.7083333333333334,0.5833333333333334,1.1597516934076946,1.1561162769794464,1.1630676984786987,0.5833333333333334,0.5416666666666666
485,0.19720169405142465,0.22662727534770966,0.18085123412311077,0.8333333333333334,0.5833333333333334,0.025005592964589596,0.03254983387887478,0.02265511022415012,0.8333333333333334,0.5416666666666666,0.030717807821929455,0.03290626034140587,0.026020101038739085,0.5833333333333334,0.5,0.02082718287905057,0.021599038038402796,0.018285595113411546,0.5416666666666666,0.5,0.2418554574251175,0.24375277757644653,0.238727368414402,0.5833333333333334,0.5,0.033142643980681896,0.036176303401589394,0.028551846626214683,0.625,0.5416666666666666,0.02887393378963073,0.03157577244564891,0.0249161942047067,0.625,0.5416666666666666,1.1487517356872559,1.1460569202899933,1.1531951129436493,0.5833333333333334,0.5
486,0.13520999625325203,0.17313046380877495,0.1213485635817051,0.7916666666666666,0.4583333333333333,0.01261077324549357,0.01758330245502293,0.010157482116483152,0.7083333333333334,0.375,0.019800403155386448,0.02148995455354452,0.016001875046640635,0.5833333333333334,0.2916666666666667,0.015657239283124607,0.016580873634666204,0.013459904352203012,0.5833333333333334,0.2916666666666667,0.2300347089767456,0.2315366417169571,0.22741640731692314,0.5833333333333334,0.2916666666666667,0.021400228297958773,0.02413972234353423,0.017885754350572824,0.625,0.2916666666666667,0.01842256720798711,0.020762083353474736,0.015326722525060177,0.625,0.2916666666666667,1.1655419270197551,1.163409173488617,1.1692613065242767,0.5833333333333334,0.2916666666666667
487,0.18497420599063238,0.1937105655670166,0.15920913219451904,0.75,0.3333333333333333,0.023834865695486467,0.026129967300221324,0.01929816708434373,0.7083333333333334,0.3333333333333333,0.030962860211730003,0.03319826954975724,0.02660644124262035,0.6666666666666666,0.4166666666666667,0.027296900749206543,0.028366973623633385,0.025060354731976986,0.625,0.4166666666666667,0.2403034344315529,0.24149223417043686,0.23698845133185387,0.6666666666666666,0.4166666666666667,0.033496079966425896,0.03600198868662119,0.029065919807180762,0.75,0.4166666666666667,0.02913358776519696,0.031383509282022715,0.025257208733819425,0.75,0.4166666666666667,1.150955577691396,1.1492677927017212,1.1556651294231415,0.6666666666666666,0.4166666666666667
488,0.2128916730483373,0.24163780733942986,0.18067162483930588,0.5833333333333334,0.375,0.03139978849018613,0.039120656438171864,0.024484695633873343,0.7083333333333334,0.375,0.03834114441027244,0.042516847141087055,0.028786763548851013,0.5833333333333334,0.3333333333333333,0.030962528040011723,0.03294302290305495,0.02555899298749864,0.5,0.3333333333333333,0.24292093018690744,0.24611954018473625,0.2361205443739891,0.5833333333333334,0.3333333333333333,0.04082468648751577,0.045672567561268806,0.031591218896210194,0.5833333333333334,0.375,0.035731885116547346,0.040009260177612305,0.02743453625589609,0.5833333333333334,0.375,1.147237757841746,1.142694354057312,1.1568978428840637,0.5833333333333334,0.3333333333333333
489,0.15030179793636003,0.18108611553907394,0.12578449863940477,0.9166666666666666,0.375,0.01649171377842625,0.022325734607875347,0.01271151314722374,0.8333333333333334,0.3333333333333333,0.020264846893648308,0.02650507865473628,0.016314440639689565,0.8333333333333334,0.2916666666666667,0.021601165644824505,0.02542951377108693,0.019350688438862562,0.8333333333333334,0.3333333333333333,0.2316356748342514,0.23608878254890442,0.22867972403764725,0.8333333333333334,0.2916666666666667,0.023018369761606056,0.02989393612369895,0.018693307996727526,0.8333333333333334,0.3333333333333333,0.01979487482458353,0.02585608558729291,0.01604666525963694,0.8333333333333334,0.3333333333333333,1.1632686654726665,1.1569432318210602,1.1674673855304718,0.8333333333333334,0.2916666666666667
490,0.24042578041553497,0.2609044946730137,0.21430018544197083,0.7083333333333334,0.4166666666666667,0.03757630412777265,0.04310215404257178,0.032792977057397366,0.6666666666666666,0.4583333333333333,0.04153768718242645,0.04742714390158653,0.03876559715718031,0.625,0.5,0.03221510971585909,0.03575346991419792,0.030852321535348892,0.6666666666666666,0.5,0.24515763421853384,0.24959556758403778,0.24296726658940315,0.6666666666666666,0.5,0.04571478938062986,0.05208676494657993,0.042606621980667114,0.7083333333333334,0.5,0.040056382616360985,0.04584991279989481,0.03733480419032276,0.7083333333333334,0.5,1.1440609693527222,1.1377567946910858,1.147172451019287,0.6666666666666666,0.5
491,0.18567504485448202,0.2192722000181675,0.1521103996783495,1.0,0.25,0.022315579156080883,0.032910470850765705,0.016420383704826236,1.0,0.25,0.02539341493199269,0.027498856652528048,0.019644161337055266,0.625,0.375,0.019988083901504677,0.021163528319448233,0.0168975037522614,0.625,0.3333333333333333,0.23502990851799646,0.23650910332798958,0.2306530401110649,0.625,0.375,0.028648439173897106,0.03130668355152011,0.02234154031611979,0.6666666666666666,0.3333333333333333,0.024737751732269924,0.027087209280580282,0.019239866407588124,0.6666666666666666,0.3333333333333333,1.158447265625,1.156346321105957,1.1646642982959747,0.625,0.375
492,0.18483233451843262,0.20931284874677658,0.1703894343227148,0.7916666666666666,0.5416666666666666,0.02294948712612192,0.027909357100725174,0.02112311846576631,0.75,0.5,0.030617428943514824,0.03297378681600094,0.026323165278881788,0.5833333333333334,0.4166666666666667,0.02501219293723504,0.025789784733206034,0.022409539204090834,0.5833333333333334,0.4166666666666667,0.23875918487707773,0.2407466024160385,0.23604201897978783,0.625,0.4166666666666667,0.03309700762232145,0.036654094234108925,0.029078340623527765,0.7083333333333334,0.4166666666666667,0.02873323578387499,0.03190257027745247,0.025214337278157473,0.7083333333333334,0.4166666666666667,1.1531490087509155,1.1503267884254456,1.1570092737674713,0.625,0.4166666666666667
493,0.1702545334895452,0.21313512697815895,0.1467169225215912,0.7916666666666666,0.5,0.01916945291062196,0.027417038567364216,0.015075606817845255,0.7916666666666666,0.5,0.022712976361314457,0.02757018757984042,0.01796402723994106,0.6666666666666666,0.4166666666666667,0.020242383237928152,0.022768222726881504,0.017782184993848205,0.6666666666666666,0.4166666666666667,0.23531203220287958,0.23916194215416908,0.2319772131741047,0.75,0.4166666666666667,0.024340433689455192,0.03037026384845376,0.01983490725979209,0.75,0.4583333333333333,0.021085728891193867,0.026369042228907347,0.017101167934015393,0.75,0.4583333333333333,1.158046265443166,1.1525777280330658,1.1627833545207977,0.75,0.4166666666666667
494,0.12261071925361951,0.15340060740709305,0.11685316264629364,0.875,0.4583333333333333,0.010520867072045803,0.015480617061257362,0.009829401853494346,0.875,0.5,0.019177811065067846,0.024300584103912115,0.01783737912774086,0.625,0.5,0.020913592694948118,0.023726837243884802,0.02011287957429886,0.625,0.5416666666666666,0.22802721709012985,0.23188665509223938,0.22714823111891747,0.7083333333333334,0.4583333333333333,0.021310231027503807,0.027155082672834396,0.020049960585311055,0.7083333333333334,0.5416666666666666,0.018272762186825275,0.023355229757726192,0.0171696946490556,0.7083333333333334,0.5416666666666666,1.1683937509854634,1.1629118621349335,1.1696421802043915,0.7083333333333334,0.4583333333333333
495,0.18164169415831566,0.2489357814192772,0.17365320399403572,1.0,0.4166666666666667,0.02146736967066924,0.03804417885839939,0.019311727257445455,1.0,0.3333333333333333,0.03038413232813279,0.04523612093180418,0.02748061390593648,1.0,0.2916666666666667,0.022968392198284466,0.030654114671051502,0.021223757416009903,1.0,0.25,0.2384782905379931,0.24872206896543503,0.23585359007120132,1.0,0.25,0.0337741452579697,0.049347417429089546,0.030732210725545883,1.0,0.2916666666666667,0.02931411936879158,0.04332637879997492,0.026570190209895372,1.0,0.2916666666666667,1.153548796971639,1.1389979720115662,1.1572771966457367,1.0,0.25
496,0.23969514667987823,0.26918522268533707,0.24530917033553123,0.625,0.5416666666666666,0.036562332728256784,0.043975342996418476,0.03824243322014809,0.6666666666666666,0.5416666666666666,0.03889682563021779,0.041986141353845596,0.03758103074505925,0.5416666666666666,0.5,0.027519136667251587,0.028700845316052437,0.02653236035257578,0.5416666666666666,0.4583333333333333,0.2463376224040985,0.24906069785356522,0.24582857266068459,0.5416666666666666,0.5,0.04137525474652648,0.04577712807804346,0.04077588953077793,0.625,0.5,0.03645443000520269,0.04026355128735304,0.035734244622290134,0.625,0.5,1.1423829992612202,1.138516128063202,1.1431068778038025,0.5416666666666666,0.5
497,0.17667137583096823,0.2075905166566372,0.16304336301982403,0.7916666666666666,0.5833333333333334,0.023753973965843517,0.029372266959398985,0.021679295226931572,0.6666666666666666,0.5833333333333334,0.02590338544299205,0.028763927053660154,0.023709269473329186,0.5833333333333334,0.5,0.02221557063361009,0.023908141069114208,0.021105727180838585,0.6666666666666666,0.5416666666666666,0.23237538089354834,0.23493964597582817,0.23093227297067642,0.6666666666666666,0.5833333333333334,0.028422710796197254,0.03196271415799856,0.02607583871576935,0.6666666666666666,0.5,0.024465571468075115,0.02763755014166236,0.022485219757072628,0.6666666666666666,0.5,1.1622170805931091,1.1585745513439178,1.16426682472229,0.6666666666666666,0.5833333333333334
498,0.14811831712722778,0.193269032984972,0.14945394545793533,0.9583333333333334,0.5416666666666666,0.016417409603794415,0.02445133961737156,0.017615351593121886,0.9166666666666666,0.5416666666666666,0.019389341740558546,0.028638211078941822,0.016892540967091918,0.9166666666666666,0.2916666666666667,0.01797403348609805,0.023002501111477613,0.01660389779135585,0.875,0.2916666666666667,0.23399605105320612,0.2403688058257103,0.23201124370098114,0.8333333333333334,0.2916666666666667,0.021529781787345808,0.03184715751558542,0.019056396558880806,0.9166666666666666,0.2916666666666667,0.018604317912831903,0.027680586092174053,0.016394620295614004,0.9166666666666666,0.2916666666666667,1.159915824731191,1.1508636176586151,1.1627351641654968,0.8333333333333334,0.2916666666666667
499,0.15394432842731476,0.16467799246311188,0.13374642096459866,0.7083333333333334,0.4166666666666667,0.015440810471773148,0.01677167951129377,0.011601864942349494,0.5833333333333334,0.3333333333333333,0.02006176657353838,0.018592743668705225,0.015207511838525534,0.4166666666666667,0.3333333333333333,0.019941143225878477,0.01912811165675521,0.017045551212504506,0.4166666666666667,0.3333333333333333,0.2326832413673401,0.23178770393133163,0.22923602536320686,0.4166666666666667,0.3333333333333333,0.02163722940410177,0.020881340373307467,0.016782575869001448,0.4166666666666667,0.3333333333333333,0.01865207947169741,0.017970687011256814,0.014415605459362268,0.4166666666666667,0.3333333333333333,1.16178031762441,1.1630527079105377,1.166677087545395,0.4166666666666667,0.3333333333333333
