id,euclidean_correct_correct_mean,euclidean_correct_wrong_mean,euclidean_correct_shuffled_mean,euclidean_wrong_auc,euclidean_shuffled_auc,phf_cosine_correct_correct_mean,phf_cosine_correct_wrong_mean,phf_cosine_correct_shuffled_mean,phf_cosine_wrong_auc,phf_cosine_shuffled_auc,sinkhorn_correct_correct_mean,sinkhorn_correct_wrong_mean,sinkhorn_correct_shuffled_mean,sinkhorn_wrong_auc,sinkhorn_shuffled_auc,fgw_correct_correct_mean,fgw_correct_wrong_mean,fgw_correct_shuffled_mean,fgw_wrong_auc,fgw_shuffled_auc,uot_objective_correct_correct_mean,uot_objective_correct_wrong_mean,uot_objective_correct_shuffled_mean,uot_objective_wrong_auc,uot_objective_shuffled_auc,uot_transport_cost_raw_correct_correct_mean,uot_transport_cost_raw_correct_wrong_mean,uot_transport_cost_raw_correct_shuffled_mean,uot_transport_cost_raw_wrong_auc,uot_transport_cost_raw_shuffled_auc,uot_transport_cost_normalized_correct_correct_mean,uot_transport_cost_normalized_correct_wrong_mean,uot_transport_cost_normalized_correct_shuffled_mean,uot_transport_cost_normalized_wrong_auc,uot_transport_cost_normalized_shuffled_auc,uot_mass_correct_correct_mean,uot_mass_correct_wrong_mean,uot_mass_correct_shuffled_mean,uot_mass_wrong_auc,uot_mass_shuffled_auc
0,1.3962084650993347,1.4061771929264069,1.396066278219223,0.625,0.5416666666666666,0.9990379313627878,1.0054302364587784,0.9999611377716064,0.5416666666666666,0.5,0.6041326522827148,0.6458009630441666,0.5778868570923805,0.6666666666666666,0.5,0.36452799538771313,0.3864208161830902,0.35240916162729263,0.7083333333333334,0.5,0.5305008490880331,0.5474859774112701,0.5161221027374268,0.6666666666666666,0.4166666666666667,0.3997703989346822,0.4129134342074394,0.38546575605869293,0.5833333333333334,0.4583333333333333,0.5448500365018845,0.5795982480049133,0.5138141438364983,0.5833333333333334,0.4166666666666667,0.7386394639809927,0.7145002335309982,0.7590764164924622,0.6666666666666666,0.4166666666666667
1,1.3625675638516743,1.4061651825904846,1.4098178148269653,0.7916666666666666,0.875,0.9647932847340902,1.0032096803188324,1.0093984305858612,0.7916666666666666,0.9583333333333334,0.6350678503513336,0.7370455861091614,0.6222633272409439,0.9583333333333334,0.375,0.3749031772216161,0.434722401201725,0.37326639890670776,0.9166666666666666,0.5,0.543923482298851,0.5879554748535156,0.5412111654877663,0.875,0.5,0.4020323008298874,0.44712185114622116,0.4027923122048378,0.875,0.5833333333333334,0.562358558177948,0.6829005926847458,0.5602514147758484,0.875,0.5,0.7195703486601511,0.6570160388946533,0.7234320640563965,0.875,0.5
2,1.4047891696294148,1.398471176624298,1.3998158872127533,0.5,0.375,1.002738396326701,0.9962980449199677,0.997870922088623,0.5,0.3333333333333333,0.6788112123807272,0.7035531997680664,0.6605952084064484,0.6666666666666666,0.16666666666666666,0.4013080696264903,0.4215776026248932,0.39192114025354385,0.7083333333333334,0.25,0.5632551709810892,0.5720571577548981,0.5595652312040329,0.5,0.25,0.41823074221611023,0.4333653673529625,0.4208599105477333,0.5833333333333334,0.375,0.6079923808574677,0.6380800604820251,0.6038958132266998,0.5833333333333334,0.3333333333333333,0.6921106576919556,0.6796065419912338,0.6973564624786377,0.5,0.25
3,1.4060237805048625,1.3924426436424255,1.39096799492836,0.3333333333333333,0.2916666666666667,1.0146648387114208,0.9861910194158554,0.9890714138746262,0.25,0.20833333333333334,0.6364503701527914,0.6683918088674545,0.6057816296815872,0.6666666666666666,0.375,0.38635674118995667,0.39794838428497314,0.37585049122571945,0.5416666666666666,0.4166666666666667,0.5406488577524821,0.5596996545791626,0.5249602720141411,0.8333333333333334,0.20833333333333334,0.3948939989010493,0.4269435480237007,0.38755104690790176,0.875,0.375,0.5476133078336716,0.6132405549287796,0.5215490907430649,0.875,0.2916666666666667,0.7242209215958914,0.6971608102321625,0.7465195059776306,0.8333333333333334,0.20833333333333334
4,1.3519495725631714,1.389932543039322,1.4091105461120605,0.3333333333333333,0.75,0.9600597818692526,0.9829292744398117,1.0093457996845245,0.3333333333333333,0.7083333333333334,0.6508034865061442,0.6309581249952316,0.6225941926240921,0.4583333333333333,0.3333333333333333,0.3877520014842351,0.3741139769554138,0.36905068904161453,0.4583333333333333,0.3333333333333333,0.5525306363900503,0.5472640097141266,0.5426157265901566,0.4583333333333333,0.375,0.41177477439244586,0.4129757136106491,0.39951808750629425,0.4583333333333333,0.375,0.5871865053971609,0.5796263962984085,0.5572665557265282,0.4583333333333333,0.375,0.7073496083418528,0.714835524559021,0.7214295864105225,0.4583333333333333,0.375
5,1.4124372800191243,1.398387849330902,1.4064505100250244,0.4166666666666667,0.4166666666666667,1.0200887223084767,0.9973742216825485,1.0070081949234009,0.4166666666666667,0.375,0.6267986198266348,0.6527949720621109,0.6152847111225128,0.625,0.4583333333333333,0.37929237882296246,0.3890356123447418,0.369174100458622,0.5416666666666666,0.3333333333333333,0.5377862950166067,0.5487539172172546,0.5334226340055466,0.625,0.4583333333333333,0.39757921795050305,0.412862129509449,0.39325106889009476,0.7083333333333334,0.4583333333333333,0.5487814644972483,0.5829803496599197,0.538194864988327,0.625,0.4583333333333333,0.7282924950122833,0.7126983106136322,0.7344807088375092,0.625,0.4583333333333333
6,1.3880229393641155,1.404177337884903,1.3980995416641235,0.75,0.5,0.9929981927076975,1.0045357942581177,1.000584915280342,0.6666666666666666,0.5,0.6223258773485819,0.6300055235624313,0.5623534545302391,0.5,0.16666666666666666,0.3699648280938466,0.375401571393013,0.33646420389413834,0.5416666666666666,0.25,0.5375171105066935,0.5434894859790802,0.5113309770822525,0.5416666666666666,0.20833333333333334,0.39444143573443097,0.4125569015741348,0.36721427738666534,0.6666666666666666,0.20833333333333334,0.5447786649068197,0.5748390406370163,0.4825405329465866,0.5833333333333334,0.20833333333333334,0.728680411974589,0.7202034592628479,0.765871986746788,0.5416666666666666,0.20833333333333334
7,1.3990084727605183,1.407996028661728,1.4073468446731567,0.7083333333333334,0.625,0.9988608558972677,1.008868783712387,1.012651726603508,0.6666666666666666,0.5833333333333334,0.6251885096232096,0.6832741051912308,0.6090682148933411,0.625,0.4583333333333333,0.3739882707595825,0.40671568363904953,0.3650718182325363,0.625,0.4583333333333333,0.5392609586318334,0.5631467998027802,0.5366263091564178,0.6666666666666666,0.4583333333333333,0.3993532508611679,0.43125925958156586,0.39924652874469757,0.6666666666666666,0.4583333333333333,0.5563997874657313,0.6256277114152908,0.5519361272454262,0.6666666666666666,0.4583333333333333,0.7261904974778494,0.6922527104616165,0.7299411296844482,0.6666666666666666,0.4583333333333333
8,1.3875113526980083,1.3980956673622131,1.4009062051773071,0.5416666666666666,0.5833333333333334,0.9868587255477905,0.9932905286550522,0.9999184906482697,0.5416666666666666,0.625,0.69169549147288,0.6830404102802277,0.6478003263473511,0.5416666666666666,0.16666666666666666,0.411751851439476,0.40474388003349304,0.3930314928293228,0.5,0.16666666666666666,0.567895362774531,0.5637152642011642,0.5457873344421387,0.5833333333333334,0.125,0.42999691267808277,0.4297723174095154,0.40805716812610626,0.5416666666666666,0.16666666666666666,0.6279112497965494,0.6237057447433472,0.5717139467597008,0.5416666666666666,0.125,0.6855071187019348,0.6914571821689606,0.7169225364923477,0.5833333333333334,0.125
9,1.3943166136741638,1.4017740786075592,1.394700050354004,0.7083333333333334,0.5416666666666666,0.9929690857728323,0.996192529797554,0.9933998733758926,0.625,0.5416666666666666,0.6658910314242045,0.7152925729751587,0.6445197463035583,0.7916666666666666,0.4166666666666667,0.39751821756362915,0.42002247273921967,0.3899664729833603,0.7916666666666666,0.5416666666666666,0.5565954347451528,0.5782284587621689,0.5434999465942383,0.8333333333333334,0.4166666666666667,0.4146336416403453,0.4443567842245102,0.4043050557374954,0.8333333333333334,0.5,0.5925686856110891,0.6639318019151688,0.5642152726650238,0.8333333333333334,0.4583333333333333,0.7015644907951355,0.6708354651927948,0.7201779931783676,0.8333333333333334,0.4166666666666667
10,1.4068071842193604,1.3983336985111237,1.4060708582401276,0.2916666666666667,0.3333333333333333,1.0047741731007893,0.9917068332433701,1.0019835233688354,0.2916666666666667,0.4166666666666667,0.6663048962752024,0.6897652000188828,0.647371843457222,0.5833333333333334,0.375,0.3965045015017192,0.4106016159057617,0.38432127237319946,0.5833333333333334,0.375,0.5608566651741663,0.5700234174728394,0.5522588491439819,0.5833333333333334,0.3333333333333333,0.41521990795930225,0.431098036468029,0.409856379032135,0.6666666666666666,0.3333333333333333,0.6026127884785334,0.6337826550006866,0.5814724192023277,0.5833333333333334,0.3333333333333333,0.695519228776296,0.682492196559906,0.7077282816171646,0.5833333333333334,0.3333333333333333
11,1.3548430403073628,1.4020020365715027,1.4026784300804138,0.5416666666666666,0.625,0.9632048904895782,0.999807134270668,1.0035865157842636,0.5,0.625,0.6337032715479533,0.6625062525272369,0.5914247334003448,0.75,0.20833333333333334,0.3733459711074829,0.3943651095032692,0.35528380423784256,0.75,0.2916666666666667,0.5481783052285513,0.555192694067955,0.5268279165029526,0.7083333333333334,0.16666666666666666,0.4118177642424901,0.4190533831715584,0.3954717069864273,0.625,0.3333333333333333,0.5792988042036692,0.5982524007558823,0.5344898328185081,0.625,0.25,0.7135284344355265,0.703569233417511,0.7438727468252182,0.7083333333333334,0.16666666666666666
12,1.3952773213386536,1.4001514613628387,1.3931244015693665,0.5416666666666666,0.5,0.994156668583552,0.9963396191596985,0.9957957416772842,0.5416666666666666,0.5,0.6675767799218496,0.6958471089601517,0.5995895862579346,0.5,0.2916666666666667,0.40000104407469433,0.41431964188814163,0.36239340901374817,0.5,0.3333333333333333,0.5528714110453924,0.5710394382476807,0.5261316448450089,0.5,0.3333333333333333,0.41118458410104114,0.4342893213033676,0.3891710042953491,0.5,0.375,0.5956621517737707,0.6402216106653214,0.5296793207526207,0.5,0.3333333333333333,0.7068601449330648,0.6810347586870193,0.7448526173830032,0.5,0.3333333333333333
13,1.4034992257754009,1.3990912437438965,1.4045959413051605,0.25,0.4583333333333333,1.0038700501124065,0.9942031800746918,0.9995989352464676,0.25,0.4166666666666667,0.6674506664276123,0.7135890871286392,0.6292329281568527,0.7916666666666666,0.3333333333333333,0.4020693302154541,0.4231244698166847,0.37822335958480835,0.7083333333333334,0.2916666666666667,0.5630428592363993,0.5804082006216049,0.5456965118646622,0.75,0.3333333333333333,0.42001690963904065,0.43746626377105713,0.4020015224814415,0.75,0.3333333333333333,0.609271710117658,0.6570205390453339,0.5640216320753098,0.7083333333333334,0.3333333333333333,0.6924170553684235,0.6677284836769104,0.7170580327510834,0.75,0.3333333333333333
14,1.3991885582605998,1.4000706672668457,1.4020603001117706,0.5416666666666666,0.6666666666666666,0.9951913853486379,0.9969921559095383,0.9991798251867294,0.6666666666666666,0.625,0.6505547861258189,0.6364431232213974,0.6159832328557968,0.4166666666666667,0.2916666666666667,0.38760995368162793,0.38009408116340637,0.37248315662145615,0.3333333333333333,0.25,0.5534277260303497,0.5452990233898163,0.537322148680687,0.3333333333333333,0.2916666666666667,0.4143669456243515,0.40854644030332565,0.39141711592674255,0.375,0.25,0.5883579403162003,0.5702701359987259,0.5389263927936554,0.375,0.25,0.7060751219590505,0.7176231741905212,0.7289455235004425,0.3333333333333333,0.2916666666666667
15,1.4048696557680767,1.403302937746048,1.4005895256996155,0.375,0.2916666666666667,1.007418801387151,1.000443086028099,0.9990050196647644,0.375,0.375,0.6349364419778188,0.6096893101930618,0.598352238535881,0.5,0.3333333333333333,0.3891584227482478,0.3705907240509987,0.3645050972700119,0.4166666666666667,0.375,0.5442251910765966,0.5336253046989441,0.5203697830438614,0.375,0.2916666666666667,0.40605777005354565,0.40838009864091873,0.3877430781722069,0.5416666666666666,0.2916666666666667,0.5700280169645945,0.5594677627086639,0.5178614631295204,0.5,0.2916666666666667,0.7191458344459534,0.7342129945755005,0.7530425637960434,0.375,0.2916666666666667
16,1.398553768793742,1.401124358177185,1.4005524814128876,0.625,0.5,0.9976743261019388,1.0003501176834106,1.001989871263504,0.625,0.5833333333333334,0.6316655377546946,0.6182835549116135,0.5706843584775925,0.4166666666666667,0.25,0.37793201704819995,0.3741840571165085,0.3429987356066704,0.4583333333333333,0.25,0.5437634785970052,0.5335718393325806,0.5171623602509499,0.4166666666666667,0.25,0.4059600035349528,0.3995797708630562,0.37434060126543045,0.5,0.25,0.5665906369686127,0.5481489524245262,0.49585121870040894,0.4583333333333333,0.25,0.7197988927364349,0.73429074883461,0.7575920969247818,0.4166666666666667,0.25
17,1.3971160451571147,1.4013736546039581,1.3929430842399597,0.5,0.3333333333333333,0.9984247187773386,0.9984885156154633,0.9929121434688568,0.4583333333333333,0.4583333333333333,0.6006532659133276,0.641117736697197,0.6019008755683899,0.6666666666666666,0.4583333333333333,0.36181923747062683,0.38081420958042145,0.36921604722738266,0.625,0.5416666666666666,0.5295891165733337,0.5447468161582947,0.5262463986873627,0.625,0.375,0.39216501514116925,0.4144532233476639,0.39086703211069107,0.6666666666666666,0.375,0.5359962284564972,0.5797076225280762,0.52774378657341,0.6666666666666666,0.375,0.7399342358112335,0.718404084444046,0.7446875274181366,0.625,0.375
18,1.3942108154296875,1.4099003672599792,1.3980636894702911,0.75,0.4583333333333333,0.9858228266239166,1.0063607841730118,0.9943491816520691,0.75,0.5416666666666666,0.6481383144855499,0.656208261847496,0.6116817742586136,0.5,0.25,0.3882955461740494,0.3899945318698883,0.3647773936390877,0.4166666666666667,0.2916666666666667,0.5452128102382024,0.5514464974403381,0.5368385314941406,0.5,0.4166666666666667,0.4043114533027013,0.4202592298388481,0.39903975278139114,0.5833333333333334,0.2916666666666667,0.5680644661188126,0.5930174142122269,0.5498553961515427,0.5416666666666666,0.2916666666666667,0.717735489209493,0.7088883519172668,0.729633554816246,0.5,0.4166666666666667
19,1.3998214999834697,1.4042514562606812,1.3977188467979431,0.5833333333333334,0.4166666666666667,0.9982084731260935,1.0001058131456375,0.993322566151619,0.5,0.4583333333333333,0.6267602443695068,0.6720399409532547,0.629411518573761,0.8333333333333334,0.6666666666666666,0.37498146295547485,0.40791940689086914,0.37654784321784973,0.8333333333333334,0.5833333333333334,0.5373700360457102,0.5520939230918884,0.5421675890684128,0.7916666666666666,0.7083333333333334,0.3987002670764923,0.42015495151281357,0.40044552832841873,0.8333333333333334,0.5833333333333334,0.5489723185698191,0.5938263535499573,0.5548242926597595,0.8333333333333334,0.5833333333333334,0.7288708289464315,0.7079685181379318,0.7220532298088074,0.7916666666666666,0.7083333333333334
20,1.4007420341173809,1.4052002429962158,1.401266723871231,0.5833333333333334,0.4166666666666667,1.0008805592854817,1.0016745030879974,0.9966307431459427,0.5,0.4166666666666667,0.5817122161388397,0.6192502677440643,0.585084542632103,0.75,0.7083333333333334,0.3520628809928894,0.3698377311229706,0.35541982203722,0.7083333333333334,0.6666666666666666,0.5170050313075384,0.5339425355195999,0.5185481384396553,0.75,0.75,0.38833663364251453,0.4088325724005699,0.3797575607895851,0.75,0.6666666666666666,0.5144734084606171,0.5579700767993927,0.5156228244304657,0.75,0.7083333333333334,0.7578072349230448,0.7337401807308197,0.7556048482656479,0.75,0.75
21,1.3909204006195068,1.3988337218761444,1.411450833082199,0.2916666666666667,0.4583333333333333,0.9975109001000723,0.993768647313118,1.0168151557445526,0.2916666666666667,0.4583333333333333,0.6437245309352875,0.6864428669214249,0.6094283312559128,0.625,0.25,0.3837141990661621,0.4052974283695221,0.36778494715690613,0.5416666666666666,0.2916666666666667,0.5446310639381409,0.5684691369533539,0.5255517810583115,0.75,0.2916666666666667,0.40581857164700824,0.4351210296154022,0.38273347169160843,0.6666666666666666,0.3333333333333333,0.5717384318510691,0.6358356475830078,0.5187199786305428,0.7083333333333334,0.3333333333333333,0.7185718317826589,0.68470299243927,0.7456654608249664,0.75,0.2916666666666667
22,1.3789249658584595,1.4026735723018646,1.4006026685237885,0.625,0.5416666666666666,0.9820672571659088,0.9998182654380798,1.0031918585300446,0.6666666666666666,0.625,0.6353529890378317,0.6994625329971313,0.5640601813793182,0.625,0.20833333333333334,0.3786920408407847,0.41450052708387375,0.3375283479690552,0.625,0.25,0.5408760607242584,0.5707124024629593,0.5102125033736229,0.625,0.20833333333333334,0.39950592815876007,0.4382724016904831,0.36433256417512894,0.625,0.2916666666666667,0.5611015011866888,0.6445874720811844,0.4824029728770256,0.625,0.25,0.7239000995953878,0.6815109997987747,0.7674650996923447,0.625,0.20833333333333334
23,1.3706725239753723,1.3950115144252777,1.409359723329544,0.5416666666666666,0.75,0.9785288671652476,0.9899571239948273,1.0149163007736206,0.4583333333333333,0.8333333333333334,0.6412937194108963,0.7216191589832306,0.6015110015869141,0.75,0.25,0.38046489655971527,0.42626751959323883,0.3551471307873726,0.7083333333333334,0.25,0.5438324163357416,0.5806056261062622,0.5292816236615181,0.75,0.2916666666666667,0.40659556289513904,0.44963812828063965,0.39334964752197266,0.7916666666666666,0.375,0.5740758975346884,0.6739293485879898,0.534203290939331,0.75,0.3333333333333333,0.7197031676769257,0.6674436777830124,0.7403817772865295,0.75,0.2916666666666667
24,1.398366371790568,1.4049722850322723,1.3973508179187775,0.75,0.5416666666666666,0.9976254304250082,1.0033748894929886,0.9959314465522766,0.7916666666666666,0.5416666666666666,0.6379844745000204,0.6655421257019043,0.6247273236513138,0.625,0.4583333333333333,0.38509340584278107,0.39902105927467346,0.3838798776268959,0.625,0.4166666666666667,0.5480950673421224,0.5587742775678635,0.5373056530952454,0.5833333333333334,0.375,0.40844935178756714,0.42663490772247314,0.4089677780866623,0.75,0.5,0.5740644286076227,0.6123924106359482,0.5623972862958908,0.625,0.4583333333333333,0.7136434614658356,0.6984837204217911,0.7289801985025406,0.5833333333333334,0.375
25,1.4043317834536235,1.3999247252941132,1.4091223180294037,0.375,0.6666666666666666,1.002092182636261,0.9989159554243088,1.0169094502925873,0.2916666666666667,0.75,0.6439113517602285,0.6683442741632462,0.5753908008337021,0.625,0.2916666666666667,0.3867300550142924,0.39966417104005814,0.35001789033412933,0.5833333333333334,0.3333333333333333,0.5462637841701508,0.5537235736846924,0.511745922267437,0.5416666666666666,0.25,0.4114050716161728,0.4199325367808342,0.37360405921936035,0.5833333333333334,0.3333333333333333,0.5803173929452896,0.5978475511074066,0.4943370074033737,0.5833333333333334,0.25,0.7162490487098694,0.7056330442428589,0.7652866542339325,0.5416666666666666,0.25
26,1.3710468411445618,1.4048204720020294,1.3942298591136932,0.9166666666666666,0.5833333333333334,0.9756816824277242,1.0016268193721771,0.99546118080616,0.75,0.7083333333333334,0.6617474853992462,0.6854327321052551,0.6198344826698303,0.4583333333333333,0.3333333333333333,0.3947724054257075,0.4053053557872772,0.3719051107764244,0.5416666666666666,0.25,0.551775207122167,0.5662532597780228,0.5301315560936928,0.625,0.25,0.41164260109265643,0.4338385537266731,0.38666824251413345,0.7916666666666666,0.2916666666666667,0.5837797025839487,0.6307972818613052,0.5269631892442703,0.7083333333333334,0.25,0.7084218859672546,0.6878524273633957,0.7391650378704071,0.625,0.25
27,1.4016352494557698,1.404503345489502,1.4106634855270386,0.4166666666666667,0.5416666666666666,0.9996504485607147,0.9978837221860886,1.0071373283863068,0.375,0.625,0.6673755546410879,0.7284667193889618,0.6964453756809235,0.8333333333333334,0.6666666666666666,0.3921980063120524,0.4301731139421463,0.4134579747915268,0.9166666666666666,0.75,0.5600791970888773,0.5794321298599243,0.5655022412538528,0.75,0.5,0.4179433186848958,0.44233257323503494,0.4221734255552292,0.75,0.5416666666666666,0.6018638014793396,0.6626969128847122,0.616725504398346,0.75,0.5416666666666666,0.6966165999571482,0.6691233962774277,0.6889180243015289,0.75,0.5
28,1.4055088758468628,1.3904168903827667,1.3928542733192444,0.08333333333333333,0.20833333333333334,1.001247336467107,0.9849851727485657,0.9909808337688446,0.0,0.25,0.6523852646350861,0.6811037808656693,0.6144772171974182,0.6666666666666666,0.375,0.3908454378445943,0.41823994368314743,0.37211090326309204,0.75,0.4166666666666667,0.5491690337657928,0.5610403269529343,0.5286574363708496,0.5833333333333334,0.3333333333333333,0.40388323366642,0.43350229412317276,0.3855750039219856,0.7916666666666666,0.3333333333333333,0.5704604436953863,0.6248588711023331,0.5256378352642059,0.6666666666666666,0.3333333333333333,0.7121161818504333,0.695265918970108,0.7412565499544144,0.5833333333333334,0.3333333333333333
29,1.3873547315597534,1.3996663391590118,1.3856211304664612,0.7083333333333334,0.4583333333333333,0.996402790149053,1.0003830641508102,0.9982347935438156,0.5833333333333334,0.5416666666666666,0.5615738332271576,0.6599092781543732,0.5152020007371902,0.9166666666666666,0.16666666666666666,0.34117232263088226,0.4013178050518036,0.321626178920269,0.9583333333333334,0.2916666666666667,0.5028115858634313,0.550326019525528,0.48018550127744675,0.9166666666666666,0.16666666666666666,0.36259346703688305,0.4196144938468933,0.34368399530649185,1.0,0.25,0.46704218288262683,0.5925118774175644,0.42556949704885483,1.0,0.16666666666666666,0.7779738306999207,0.7104666382074356,0.8101271688938141,0.9166666666666666,0.16666666666666666
30,1.387995978196462,1.3950354158878326,1.405838280916214,0.5833333333333334,0.75,0.9845226506392161,0.9886693507432938,1.0062948614358902,0.5416666666666666,0.7916666666666666,0.5913870384295782,0.6337923407554626,0.6158124804496765,0.6666666666666666,0.5,0.3528432101011276,0.37608494609594345,0.37419549375772476,0.7083333333333334,0.625,0.5213648527860641,0.5414040088653564,0.529928982257843,0.6666666666666666,0.4583333333333333,0.38037342329819995,0.41451792418956757,0.38840579241514206,0.7916666666666666,0.4583333333333333,0.5118835816780726,0.5740420371294022,0.5281239077448845,0.75,0.4583333333333333,0.7516139149665833,0.7231632322072983,0.7394506335258484,0.6666666666666666,0.4583333333333333
31,1.3816103339195251,1.3960817456245422,1.3962673842906952,0.2916666666666667,0.375,0.9893938899040222,0.9941598922014236,0.9962693750858307,0.2916666666666667,0.4166666666666667,0.6240406632423401,0.6840778291225433,0.6180217117071152,0.8333333333333334,0.5416666666666666,0.37377070883909863,0.40570639818906784,0.3666153773665428,0.7916666666666666,0.5,0.5407448410987854,0.5620338022708893,0.5356813594698906,0.75,0.5416666666666666,0.4064068446556727,0.4301629737019539,0.39759376645088196,0.875,0.5416666666666666,0.5630432764689127,0.6213996261358261,0.5488313734531403,0.8333333333333334,0.5833333333333334,0.7240861058235168,0.6938266009092331,0.7312781661748886,0.75,0.5416666666666666
32,1.392396330833435,1.4028814435005188,1.401456207036972,0.5,0.5,0.9959122637907664,1.0001510083675385,1.0039539337158203,0.5,0.625,0.6504368384679159,0.7071476876735687,0.6618921458721161,0.875,0.5416666666666666,0.38337327043215436,0.4181831106543541,0.3954278603196144,0.875,0.6666666666666666,0.5491800208886465,0.572102963924408,0.5563759207725525,0.875,0.5416666666666666,0.4171755562225978,0.4375210627913475,0.4224298819899559,0.75,0.5,0.5889637271563212,0.6452537477016449,0.6048651933670044,0.7916666666666666,0.5416666666666666,0.712099015712738,0.6795251667499542,0.701873779296875,0.875,0.5416666666666666
33,1.3970774213473003,1.4033737480640411,1.3946843147277832,0.4583333333333333,0.375,0.9950722853342692,1.001635119318962,0.9934812039136887,0.4583333333333333,0.5,0.6434987187385559,0.6555795073509216,0.6332777738571167,0.5416666666666666,0.375,0.38308006525039673,0.40144260972738266,0.3852866515517235,0.7083333333333334,0.5,0.5444970528284708,0.5511126816272736,0.5355575829744339,0.5416666666666666,0.375,0.4026081711053848,0.4193737432360649,0.3899625167250633,0.6666666666666666,0.20833333333333334,0.5622221082448959,0.5916380882263184,0.5348253846168518,0.625,0.3333333333333333,0.7187479138374329,0.709370419383049,0.7314564287662506,0.5416666666666666,0.375
34,1.3924205501874287,1.4107378721237183,1.3774886429309845,0.7083333333333334,0.375,1.0011041661103566,1.0095961093902588,0.972703605890274,0.5416666666666666,0.3333333333333333,0.6135910054047903,0.6662278175354004,0.5493485778570175,0.7916666666666666,0.25,0.3692175845305125,0.39617612212896347,0.3353172093629837,0.7916666666666666,0.25,0.5307803352673849,0.5604077726602554,0.5011237263679504,0.8333333333333334,0.2916666666666667,0.3862968285878499,0.4303547367453575,0.3604575917124748,0.9166666666666666,0.2916666666666667,0.5270362198352814,0.6197415441274643,0.4664028063416481,0.875,0.2916666666666667,0.7382316589355469,0.696144238114357,0.780383825302124,0.8333333333333334,0.2916666666666667
35,1.381273885567983,1.3987084031105042,1.4042118191719055,0.4583333333333333,0.5833333333333334,0.9827058613300323,0.9941182732582092,1.0025534629821777,0.5,0.7083333333333334,0.6657517949740092,0.6784290820360184,0.638382077217102,0.5,0.3333333333333333,0.39695366223653156,0.4044710546731949,0.3835488185286522,0.5416666666666666,0.2916666666666667,0.5553346474965414,0.5593810379505157,0.5496363341808319,0.5,0.4166666666666667,0.4159313142299652,0.4214714989066124,0.4061826318502426,0.5,0.3333333333333333,0.5957948466142019,0.6062740981578827,0.5730104297399521,0.5416666666666666,0.375,0.7033563057581583,0.6976022124290466,0.7114471197128296,0.5,0.4166666666666667
36,1.400106926759084,1.4070214629173279,1.4078114926815033,0.5416666666666666,0.625,0.996457576751709,1.0028922706842422,1.0069383829832077,0.625,0.6666666666666666,0.6598676145076752,0.6994119584560394,0.6518531292676926,0.4583333333333333,0.4583333333333333,0.3979884733756383,0.4138374477624893,0.392811082303524,0.4166666666666667,0.4583333333333333,0.549429327249527,0.5680359899997711,0.5450354814529419,0.5416666666666666,0.375,0.40653666357199353,0.43267352133989334,0.39430830627679825,0.5416666666666666,0.3333333333333333,0.5814845561981201,0.6318704038858414,0.5527531504631042,0.5416666666666666,0.3333333333333333,0.7117486496766409,0.6853090971708298,0.7179625928401947,0.5416666666666666,0.375
37,1.392949144045512,1.4067872166633606,1.3686719238758087,0.7916666666666666,0.4166666666666667,0.993972659111023,1.0047716945409775,0.9707102924585342,0.75,0.375,0.6792897582054138,0.7124398648738861,0.651663139462471,0.7916666666666666,0.4166666666666667,0.40517831842104596,0.41801686584949493,0.38533729314804077,0.6666666666666666,0.375,0.5604717135429382,0.5775791108608246,0.5523378849029541,0.7083333333333334,0.4583333333333333,0.4206724613904953,0.44381459057331085,0.4097403436899185,0.75,0.4166666666666667,0.6071942845980326,0.6611703485250473,0.5835877731442451,0.75,0.4583333333333333,0.6960611840089163,0.6717472672462463,0.7075995802879333,0.7083333333333334,0.4583333333333333
38,1.4092899759610493,1.394611656665802,1.3956243693828583,0.2916666666666667,0.25,1.0056746403376262,0.9880416244268417,0.9931269288063049,0.25,0.375,0.6646082500616709,0.7054578363895416,0.6139112710952759,0.625,0.3333333333333333,0.3936903377374013,0.4181964844465256,0.36782341450452805,0.5833333333333334,0.3333333333333333,0.559570332368215,0.5770303755998611,0.5394428670406342,0.625,0.375,0.41338110466798145,0.44513578712940216,0.3964081257581711,0.625,0.375,0.5990285923083624,0.6622654795646667,0.5488226786255836,0.625,0.375,0.6973404288291931,0.6725478172302246,0.7259413152933121,0.625,0.375
39,1.3812312483787537,1.3955411314964294,1.3954200744628906,0.7916666666666666,0.75,0.9816125531991323,0.9979441463947296,0.9959210753440857,0.7916666666666666,0.7083333333333334,0.6210974852244059,0.6010755598545074,0.6033565104007721,0.375,0.375,0.3726412107547124,0.3655669838190079,0.36018694937229156,0.5,0.4166666666666667,0.5350944846868515,0.5278186649084091,0.5314895957708359,0.375,0.4166666666666667,0.3920276463031769,0.39783383160829544,0.38664527237415314,0.4583333333333333,0.3333333333333333,0.5404866884152094,0.5380199104547501,0.5267773419618607,0.4583333333333333,0.375,0.7321215371290842,0.7424600273370743,0.7372347712516785,0.375,0.4166666666666667
40,1.3910832206408184,1.4023553431034088,1.3863541781902313,0.7916666666666666,0.375,1.001932680606842,1.005124717950821,0.9920995682477951,0.625,0.375,0.5863049030303955,0.5893823355436325,0.5687207877635956,0.4583333333333333,0.4583333333333333,0.3539351870616277,0.36193297803401947,0.35102907568216324,0.5416666666666666,0.4583333333333333,0.5173431734244028,0.5149914175271988,0.5052842795848846,0.4583333333333333,0.375,0.3809504558642705,0.39117028564214706,0.36989691108465195,0.5416666666666666,0.375,0.5101570089658102,0.519156888127327,0.47995903342962265,0.5,0.375,0.7573294639587402,0.760688379406929,0.774473637342453,0.4583333333333333,0.375
41,1.3413163622220357,1.4152990281581879,1.4056520462036133,0.9583333333333334,1.0,0.9499088923136393,1.0191308408975601,1.0086953938007355,0.9583333333333334,1.0,0.6210688153902689,0.6523462980985641,0.5958519130945206,0.7916666666666666,0.4166666666666667,0.3826552828152974,0.3930802121758461,0.36230993270874023,0.5833333333333334,0.20833333333333334,0.5322931110858917,0.5500079393386841,0.524225190281868,0.75,0.375,0.39405473073323566,0.4192691519856453,0.3849036991596222,0.875,0.4166666666666667,0.5366292049487432,0.5905804336071014,0.518658958375454,0.7916666666666666,0.4583333333333333,0.7360864778359731,0.7109265774488449,0.7475432753562927,0.75,0.375
42,1.4108709891637166,1.3983909487724304,1.4104986190795898,0.2916666666666667,0.5833333333333334,1.0111912091573079,0.9964311122894287,1.011621668934822,0.2916666666666667,0.4583333333333333,0.6445108453432719,0.6626961529254913,0.6212742924690247,0.625,0.375,0.3845539540052414,0.4027389585971832,0.3770128935575485,0.75,0.375,0.5503751436869303,0.5538577735424042,0.5350168943405151,0.5416666666666666,0.3333333333333333,0.41497258345286053,0.4244496002793312,0.3996247425675392,0.5833333333333334,0.375,0.5853358606497446,0.606330394744873,0.5489404052495956,0.5833333333333334,0.375,0.7104061245918274,0.7054605633020401,0.7322288006544113,0.5416666666666666,0.3333333333333333
43,1.3966521620750427,1.410449594259262,1.3951334059238434,0.6666666666666666,0.4166666666666667,0.9962725142637888,1.0116496533155441,0.9938115328550339,0.6666666666666666,0.4583333333333333,0.6332485377788544,0.6528862565755844,0.6428452730178833,0.5,0.4583333333333333,0.38043312728405,0.39102187752723694,0.3874289244413376,0.5416666666666666,0.4583333333333333,0.5449674079815546,0.5498752444982529,0.549094945192337,0.5,0.4583333333333333,0.4105055630207062,0.4165456220507622,0.415020614862442,0.4583333333333333,0.4583333333333333,0.5756467978159586,0.5877536237239838,0.5838592499494553,0.4583333333333333,0.4166666666666667,0.7180842260519663,0.711120679974556,0.7122176736593246,0.5,0.4583333333333333
44,1.3856913050015767,1.409484714269638,1.4023097157478333,0.7083333333333334,0.6666666666666666,0.9951922297477722,1.0066155195236206,1.0029370784759521,0.7083333333333334,0.6666666666666666,0.6672762632369995,0.7003775388002396,0.6082405671477318,0.5416666666666666,0.2916666666666667,0.397153377532959,0.41203051060438156,0.3753403350710869,0.5416666666666666,0.375,0.5548047025998434,0.575837180018425,0.525111623108387,0.5833333333333334,0.2916666666666667,0.4097253580888112,0.44277020543813705,0.38378167152404785,0.625,0.3333333333333333,0.5923930257558823,0.6582100242376328,0.5230694934725761,0.625,0.3333333333333333,0.7041073739528656,0.674240916967392,0.7463074773550034,0.5833333333333334,0.2916666666666667
45,1.4027403791745503,1.4072167873382568,1.405324637889862,0.5416666666666666,0.5,1.0007437467575073,1.0039132833480835,1.0028431564569473,0.5416666666666666,0.4583333333333333,0.6303127805391947,0.683502197265625,0.6283259838819504,0.7916666666666666,0.4583333333333333,0.37172964215278625,0.40425699204206467,0.37729426473379135,0.8333333333333334,0.5416666666666666,0.5447457035382589,0.5669365376234055,0.5377682447433472,0.7916666666666666,0.3333333333333333,0.40614281594753265,0.4368247091770172,0.395077221095562,0.875,0.20833333333333334,0.5677943875392278,0.636603981256485,0.5426394641399384,0.875,0.25,0.7184014419714609,0.6868800967931747,0.7283268719911575,0.7916666666666666,0.3333333333333333
46,1.3940778772036235,1.4023644030094147,1.390986144542694,0.7916666666666666,0.4166666666666667,0.9915662805239359,1.0023182928562164,0.9894964396953583,0.75,0.4583333333333333,0.5999193290869395,0.6374958157539368,0.6009767204523087,0.7916666666666666,0.2916666666666667,0.36060838401317596,0.37693702429533005,0.36160922050476074,0.75,0.4166666666666667,0.5248831361532211,0.5446033328771591,0.5292424261569977,0.8333333333333334,0.4166666666666667,0.38556480407714844,0.4155653119087219,0.39039530605077744,0.875,0.4166666666666667,0.5183823357025782,0.5789584219455719,0.5274646952748299,0.875,0.4166666666666667,0.7466156780719757,0.7186126708984375,0.7404390126466751,0.8333333333333334,0.4166666666666667
47,1.3986575802167256,1.403590738773346,1.4149517118930817,0.5416666666666666,0.8333333333333334,0.9996280272801717,1.0008017271757126,1.0177997201681137,0.4583333333333333,0.875,0.656188835700353,0.7108194082975388,0.646217942237854,0.7916666666666666,0.375,0.3908760994672775,0.41570254415273666,0.3846074864268303,0.7916666666666666,0.4166666666666667,0.5511073172092438,0.5764046907424927,0.550316646695137,0.7916666666666666,0.5,0.4116370379924774,0.4405248984694481,0.41432400047779083,0.7916666666666666,0.5,0.5840562333663305,0.654920682311058,0.5856671556830406,0.7916666666666666,0.5,0.7093609968821207,0.6734168976545334,0.710498258471489,0.7916666666666666,0.5
48,1.3609745105107625,1.3984303176403046,1.3960119485855103,0.5416666666666666,0.5416666666666666,0.9664425055185953,0.997634619474411,0.992104634642601,0.5833333333333334,0.4583333333333333,0.6328063209851583,0.6449806094169617,0.6267176270484924,0.4583333333333333,0.4583333333333333,0.3732758512099584,0.3976276367902756,0.37969499826431274,0.625,0.4583333333333333,0.5446299264828364,0.5451006293296814,0.5421320348978043,0.4583333333333333,0.4166666666666667,0.39841782053311664,0.41021815687417984,0.4032161235809326,0.5833333333333334,0.4583333333333333,0.55807692805926,0.5727171301841736,0.5613301694393158,0.5,0.4583333333333333,0.718573679526647,0.7179134041070938,0.7221266180276871,0.4583333333333333,0.4166666666666667
49,1.3944291075070698,1.3932251930236816,1.3904166519641876,0.5833333333333334,0.375,0.9976635873317719,0.9905510097742081,0.9991060048341751,0.5,0.3333333333333333,0.616319348414739,0.6924443691968918,0.5650207102298737,0.6666666666666666,0.3333333333333333,0.38287171224753064,0.4196401536464691,0.35032911598682404,0.5833333333333334,0.2916666666666667,0.5261150449514389,0.5637568384408951,0.5055933967232704,0.6666666666666666,0.4166666666666667,0.3890007386604945,0.43200254440307617,0.3698190152645111,0.6666666666666666,0.4166666666666667,0.5333919823169708,0.6266118288040161,0.4842723235487938,0.6666666666666666,0.4166666666666667,0.744857539733251,0.6913704574108124,0.7740248441696167,0.6666666666666666,0.4166666666666667
50,1.3939701716105144,1.3961557149887085,1.3961557149887085,0.4583333333333333,0.5,0.996150940656662,0.9934664368629456,0.9970016777515411,0.4166666666666667,0.5833333333333334,0.6428430279095968,0.6667163074016571,0.6428786516189575,0.5833333333333334,0.5,0.39050036172072095,0.3985573500394821,0.3989366143941879,0.5833333333333334,0.5833333333333334,0.5427391231060028,0.5537317991256714,0.5340678691864014,0.5833333333333334,0.4166666666666667,0.4025917798280716,0.4227389320731163,0.3880334571003914,0.625,0.375,0.5636416574319204,0.6001582592725754,0.5334921255707741,0.5833333333333334,0.375,0.7212535341580709,0.7056341767311096,0.7335759401321411,0.5833333333333334,0.4166666666666667
51,1.395695686340332,1.3963844180107117,1.402712196111679,0.5833333333333334,0.625,0.9932108918825785,0.9927438497543335,1.0024946630001068,0.4583333333333333,0.7083333333333334,0.6641737023989359,0.6689088940620422,0.6115394830703735,0.5833333333333334,0.25,0.3962474117676417,0.39359769970178604,0.372497595846653,0.5416666666666666,0.25,0.5542036394278208,0.5564392954111099,0.5301174521446228,0.5833333333333334,0.20833333333333334,0.41775860885779065,0.4249330386519432,0.4015060290694237,0.625,0.2916666666666667,0.5951701203982035,0.6082253754138947,0.5455207973718643,0.625,0.25,0.7049582004547119,0.7017890065908432,0.7391990423202515,0.5833333333333334,0.20833333333333334
52,1.3851102590560913,1.4006539583206177,1.4028320610523224,0.5833333333333334,0.625,0.9890378018220266,1.0031701773405075,1.0053528547286987,0.6666666666666666,0.7083333333333334,0.6213627755641937,0.6263532489538193,0.6402622610330582,0.4166666666666667,0.4166666666666667,0.3725448896487554,0.37601403146982193,0.38215094804763794,0.4166666666666667,0.4166666666666667,0.5355444351832072,0.5409292876720428,0.5441883951425552,0.4166666666666667,0.375,0.39294632772604626,0.41200587898492813,0.4052647203207016,0.5,0.4166666666666667,0.5464110374450684,0.5699082165956497,0.5653397515416145,0.5,0.4166666666666667,0.7314764360586802,0.7238444685935974,0.7191993892192841,0.4166666666666667,0.375
53,1.3951568007469177,1.4055695831775665,1.4045849442481995,0.625,0.7083333333333334,0.9971600969632467,1.0031779557466507,1.012059509754181,0.625,0.75,0.6250691761573156,0.7120160162448883,0.6026836931705475,0.7916666666666666,0.5,0.37633390227953595,0.42267391085624695,0.36462242901325226,0.7916666666666666,0.5,0.5369085222482681,0.5743774324655533,0.5249705761671066,0.7083333333333334,0.4583333333333333,0.3988227993249893,0.4450044631958008,0.39123445749282837,0.7916666666666666,0.5,0.5576123793919882,0.6592069119215012,0.5314814373850822,0.7083333333333334,0.4583333333333333,0.72953728834788,0.6762989014387131,0.7464982718229294,0.7083333333333334,0.4583333333333333
54,1.3729803562164307,1.397510290145874,1.4081880748271942,0.375,0.5416666666666666,0.9791161219278971,0.9893451631069183,1.0087192058563232,0.375,0.5833333333333334,0.613495538632075,0.6836862713098526,0.607505738735199,0.9166666666666666,0.4583333333333333,0.3655141393343608,0.4056136980652809,0.36710523068904877,0.8333333333333334,0.5416666666666666,0.5322337746620178,0.5656853914260864,0.5255365371704102,0.875,0.4166666666666667,0.388701726992925,0.4278862327337265,0.37855447083711624,0.875,0.375,0.5327623585859934,0.6224728226661682,0.5130864232778549,0.875,0.4166666666666667,0.7361745238304138,0.6886468231678009,0.7456942200660706,0.875,0.4166666666666667
55,1.3904427886009216,1.4007994532585144,1.2355819642543793,0.5833333333333334,0.7083333333333334,0.9868811865647634,0.9947029203176498,0.8825235962867737,0.5416666666666666,0.6666666666666666,0.6705257296562195,0.6980351209640503,0.5747864991426468,0.6666666666666666,0.3333333333333333,0.3930973658959071,0.4114479273557663,0.3383038081228733,0.6666666666666666,0.3333333333333333,0.560364156961441,0.573518842458725,0.5162916779518127,0.6666666666666666,0.375,0.4223194420337677,0.43942736834287643,0.3668682128190994,0.625,0.375,0.6102105577786764,0.6497136056423187,0.5152915678918362,0.625,0.375,0.6962171693642935,0.6775253862142563,0.7588207572698593,0.6666666666666666,0.375
56,1.40870334704717,1.396293580532074,1.4000087976455688,0.2916666666666667,0.375,1.0093087057272594,0.9906565248966217,0.9989217817783356,0.375,0.4583333333333333,0.630924383799235,0.6437106132507324,0.5949497371912003,0.5833333333333334,0.25,0.37925270199775696,0.38477248698472977,0.3583524748682976,0.5416666666666666,0.25,0.5421051482359568,0.5539385676383972,0.5262463688850403,0.7083333333333334,0.25,0.39906932413578033,0.4152461513876915,0.3855440765619278,0.7083333333333334,0.2916666666666667,0.5542683204015096,0.5904302150011063,0.5196758285164833,0.7083333333333334,0.2916666666666667,0.7221581240495046,0.7053447663784027,0.7446830570697784,0.7083333333333334,0.25
57,1.4046541849772136,1.402369111776352,1.4043688476085663,0.4583333333333333,0.5416666666666666,0.999612828095754,0.9969227463006973,1.001366525888443,0.5416666666666666,0.5,0.651958554983139,0.701976865530014,0.6184507757425308,0.7916666666666666,0.5416666666666666,0.3860697994629542,0.4208117425441742,0.3655880019068718,0.875,0.5416666666666666,0.5591364850600561,0.5755312889814377,0.5407180786132812,0.6666666666666666,0.5,0.41335058708985645,0.44055845588445663,0.3917665183544159,0.7916666666666666,0.5,0.5967417806386948,0.6543134450912476,0.5572319105267525,0.75,0.5,0.6979603469371796,0.674677386879921,0.7241297215223312,0.6666666666666666,0.5
58,1.3855440815289815,1.403629630804062,1.378371149301529,0.7083333333333334,0.25,0.9894358615080515,1.0010311752557755,0.9788885712623596,0.5833333333333334,0.25,0.6145704090595245,0.6712877005338669,0.5561797618865967,0.75,0.375,0.36464153230190277,0.40791749209165573,0.3315424248576164,0.9166666666666666,0.3333333333333333,0.5351364612579346,0.5531828999519348,0.5055064186453819,0.625,0.2916666666666667,0.40030792355537415,0.4164241850376129,0.36571963876485825,0.625,0.3333333333333333,0.5509595920642217,0.590785026550293,0.4805391952395439,0.625,0.3333333333333333,0.7320626080036163,0.7064142227172852,0.7741459906101227,0.625,0.2916666666666667
59,1.3898337483406067,1.4088689684867859,1.4013942182064056,0.5833333333333334,0.4583333333333333,0.9897938668727875,1.0073699355125427,1.0025794059038162,0.625,0.6666666666666666,0.6228425900141398,0.7181973457336426,0.6449975222349167,0.9583333333333334,0.625,0.37055300176143646,0.43266642838716507,0.3895195350050926,0.9583333333333334,0.625,0.5365500748157501,0.5720647275447845,0.5448844134807587,0.8333333333333334,0.5416666666666666,0.39657669762770337,0.43254832923412323,0.4015740901231766,0.8333333333333334,0.5,0.5489626874526342,0.6374753415584564,0.5610350966453552,0.8333333333333334,0.5,0.7300434311230978,0.6795917451381683,0.7182081490755081,0.8333333333333334,0.5416666666666666
60,1.3970649043718975,1.4050828218460083,1.4049924314022064,0.4583333333333333,0.5,1.0169271032015483,1.0000011026859283,1.000687062740326,0.2916666666666667,0.3333333333333333,0.6783523162206014,0.6873450875282288,0.6501900404691696,0.625,0.375,0.4018215785423915,0.4142443984746933,0.3835608437657356,0.6666666666666666,0.375,0.564155658086141,0.5661685019731522,0.5527161806821823,0.625,0.4166666666666667,0.42063837746779126,0.4312625676393509,0.40903661400079727,0.625,0.4583333333333333,0.6102048854033152,0.631097748875618,0.5819347277283669,0.625,0.4583333333333333,0.6908197303613027,0.6879695951938629,0.7070730477571487,0.625,0.4166666666666667
61,1.3913776477177937,1.3990924656391144,1.4004909098148346,0.4166666666666667,0.5416666666666666,0.9967038532098135,0.9947560131549835,0.9995727092027664,0.4583333333333333,0.5416666666666666,0.6192003786563873,0.660982295870781,0.6309595853090286,0.7916666666666666,0.5833333333333334,0.3715679347515106,0.3972047194838524,0.37763094156980515,0.7916666666666666,0.5416666666666666,0.53430704275767,0.5493708848953247,0.5443414151668549,0.7083333333333334,0.625,0.40288229783376056,0.4157596528530121,0.41184502094984055,0.625,0.5416666666666666,0.5523547977209091,0.5852080434560776,0.5734015256166458,0.6666666666666666,0.5416666666666666,0.7332346141338348,0.7118334025144577,0.7189709842205048,0.7083333333333334,0.625
62,1.4054460326830547,1.4049891531467438,1.3980964422225952,0.4583333333333333,0.375,1.0026992956797283,1.0038987547159195,0.993893563747406,0.5416666666666666,0.3333333333333333,0.6945726573467255,0.6992858201265335,0.7106548100709915,0.5,0.625,0.4133395006259282,0.4168453738093376,0.42259886860847473,0.5833333333333334,0.625,0.5657105445861816,0.5691518485546112,0.5754303932189941,0.5833333333333334,0.6666666666666666,0.42384351293245953,0.432127483189106,0.429111547768116,0.6666666666666666,0.6666666666666666,0.6176517705122629,0.6331721544265747,0.6361066848039627,0.625,0.6666666666666666,0.688612312078476,0.6837286055088043,0.6747941821813583,0.5833333333333334,0.6666666666666666
63,1.3993556499481201,1.4023193717002869,1.4171890318393707,0.4583333333333333,0.875,0.9997041126092275,1.0003136545419693,1.02080437541008,0.4583333333333333,0.9166666666666666,0.6251901090145111,0.7028898149728775,0.5879830867052078,1.0,0.25,0.3686867356300354,0.4486093372106552,0.3568974882364273,1.0,0.4166666666666667,0.5396793484687805,0.5668387860059738,0.5197442844510078,0.9166666666666666,0.25,0.4063598116238912,0.4450663924217224,0.3787824288010597,0.9583333333333334,0.125,0.5611027032136917,0.6482240110635757,0.5043149888515472,0.9583333333333334,0.20833333333333334,0.725603332122167,0.687026709318161,0.7539202868938446,0.9166666666666666,0.25
64,1.359373946984609,1.3954273164272308,1.3937529921531677,0.6666666666666666,0.5833333333333334,0.973567008972168,1.0038584917783737,1.0048601031303406,0.625,0.75,0.6298455893993378,0.615534707903862,0.5504946038126945,0.5416666666666666,0.2916666666666667,0.3844900776942571,0.3698228523135185,0.3359728083014488,0.5,0.2916666666666667,0.5334399292866389,0.5305922105908394,0.4956088364124298,0.5416666666666666,0.2916666666666667,0.40741414328416187,0.40293705463409424,0.3664192855358124,0.5,0.2916666666666667,0.5711076955000559,0.5529265105724335,0.4764702767133713,0.5416666666666666,0.2916666666666667,0.7344600856304169,0.7384949624538422,0.788212850689888,0.5416666666666666,0.2916666666666667
65,1.3660674293835957,1.397103101015091,1.3917349576950073,0.2916666666666667,0.4166666666666667,0.9736320972442627,0.9950423240661621,0.9960297793149948,0.4583333333333333,0.4166666666666667,0.6572879056135813,0.6834195405244827,0.5509010702371597,0.5833333333333334,0.25,0.3893029640118281,0.40629129856824875,0.33800267055630684,0.5833333333333334,0.2916666666666667,0.5491588612397512,0.5649527162313461,0.5027587190270424,0.5416666666666666,0.25,0.4084497143824895,0.42840517312288284,0.36550699174404144,0.5416666666666666,0.25,0.5822949955860773,0.6221686899662018,0.4824425280094147,0.5416666666666666,0.25,0.7121273577213287,0.6896800100803375,0.778065100312233,0.5416666666666666,0.25
66,1.4041136304537456,1.4052564799785614,1.4082810282707214,0.4583333333333333,0.5833333333333334,1.0011629660924275,1.0006513893604279,1.0094385743141174,0.4166666666666667,0.75,0.6768637895584106,0.6996015310287476,0.6226804703474045,0.5833333333333334,0.3333333333333333,0.4039593090613683,0.41600949317216873,0.3734521120786667,0.625,0.2916666666666667,0.5596343775590261,0.5684054791927338,0.5344197601079941,0.5833333333333334,0.2916666666666667,0.4238622933626175,0.4371348023414612,0.399151548743248,0.5833333333333334,0.2916666666666667,0.6131005585193634,0.6413500308990479,0.548751950263977,0.5833333333333334,0.2916666666666667,0.6972492337226868,0.6847912818193436,0.7330717444419861,0.5833333333333334,0.2916666666666667
67,1.3822050094604492,1.4078362882137299,1.4064647853374481,0.7916666666666666,0.875,0.9847061733404795,1.0109177380800247,1.0103041529655457,0.8333333333333334,0.9583333333333334,0.632028192281723,0.6363290548324585,0.5760766565799713,0.5,0.20833333333333334,0.37709378202756244,0.38733959197998047,0.3505045175552368,0.5833333333333334,0.2916666666666667,0.5370070189237595,0.5369040369987488,0.5143335834145546,0.4166666666666667,0.25,0.4027342200279236,0.40696077793836594,0.3761548474431038,0.5,0.20833333333333334,0.5549115886290868,0.5584584921598434,0.49934591352939606,0.4583333333333333,0.20833333333333334,0.7293908298015594,0.7295464277267456,0.7616004347801208,0.4166666666666667,0.25
68,1.3982109427452087,1.3918864727020264,1.40250763297081,0.2916666666666667,0.625,1.0021387040615082,0.9912812560796738,1.0086125880479813,0.25,0.6666666666666666,0.6351828575134277,0.6220864653587341,0.5993532538414001,0.3333333333333333,0.2916666666666667,0.3831377625465393,0.3760751709342003,0.3653329610824585,0.375,0.2916666666666667,0.5390205482641856,0.5359024256467819,0.5256258994340897,0.375,0.3333333333333333,0.4016433358192444,0.40900537371635437,0.3800670802593231,0.6666666666666666,0.25,0.553199827671051,0.5596957355737686,0.5119554549455643,0.5833333333333334,0.2916666666666667,0.7265158096949259,0.7309762239456177,0.7455473840236664,0.375,0.3333333333333333
69,1.384335458278656,1.4058825075626373,1.3837514817714691,0.75,0.16666666666666666,0.9905364016691843,1.0041789561510086,0.9844300299882889,0.625,0.16666666666666666,0.6591998140017191,0.6856326460838318,0.5984508991241455,0.6666666666666666,0.3333333333333333,0.3989081432422002,0.409123495221138,0.36616483330726624,0.5833333333333334,0.4166666666666667,0.5526552697022756,0.5667079091072083,0.5239736214280128,0.6666666666666666,0.3333333333333333,0.41487639645735425,0.4334738105535507,0.3898453414440155,0.7083333333333334,0.2916666666666667,0.5907809436321259,0.6327861845493317,0.526022158563137,0.6666666666666666,0.2916666666666667,0.7071602443854014,0.6871909350156784,0.7479251027107239,0.6666666666666666,0.3333333333333333
70,1.3728562792142232,1.4062632024288177,1.396222859621048,0.75,0.4166666666666667,0.9743524193763733,1.0027528703212738,0.9893424063920975,0.7083333333333334,0.4166666666666667,0.6818426052729288,0.6961233615875244,0.654087483882904,0.5833333333333334,0.375,0.4056309809287389,0.4090333580970764,0.38821088522672653,0.5833333333333334,0.3333333333333333,0.5667370756467184,0.5725446194410324,0.5539032965898514,0.5833333333333334,0.4166666666666667,0.4288859615723292,0.4348059892654419,0.4159359186887741,0.5833333333333334,0.4166666666666667,0.6266379753748575,0.6445174813270569,0.5940518602728844,0.5833333333333334,0.4166666666666667,0.6871666510899862,0.6789072304964066,0.7054003030061722,0.5833333333333334,0.4166666666666667
71,1.4000683029492695,1.4011342823505402,1.3982672095298767,0.5416666666666666,0.4166666666666667,0.995145191748937,0.9959138035774231,0.994730144739151,0.4583333333333333,0.5416666666666666,0.6420839925607046,0.6792677491903305,0.6184933483600616,0.7083333333333334,0.2916666666666667,0.3795449435710907,0.4006332755088806,0.36995579302310944,0.6666666666666666,0.2916666666666667,0.550183559457461,0.5644010901451111,0.5400877892971039,0.6666666666666666,0.25,0.40711266299088794,0.42923035472631454,0.39899561554193497,0.8333333333333334,0.16666666666666666,0.5768757313489914,0.6217018216848373,0.551197350025177,0.8333333333333334,0.20833333333333334,0.7106772760550181,0.6904971599578857,0.7250308394432068,0.6666666666666666,0.25
72,1.3892249464988708,1.3972791135311127,1.3942860662937164,0.5833333333333334,0.5833333333333334,0.9930120507876078,0.9959519803524017,0.9935476630926132,0.5416666666666666,0.5833333333333334,0.6294783453146616,0.6601063162088394,0.610091432929039,0.7083333333333334,0.4166666666666667,0.37801227470239,0.39864785969257355,0.36689673364162445,0.6666666666666666,0.375,0.539842039346695,0.5530892461538315,0.5379936248064041,0.7083333333333334,0.4583333333333333,0.40404631694157916,0.42193717509508133,0.40393974632024765,0.7083333333333334,0.5416666666666666,0.5589711318413416,0.6003280878067017,0.5566397458314896,0.7083333333333334,0.4583333333333333,0.7253698706626892,0.7065472453832626,0.7280052900314331,0.7083333333333334,0.4583333333333333
73,1.3958231409390767,1.409243643283844,1.3822687864303589,0.875,0.25,0.998550017674764,1.0044088661670685,0.9813308417797089,0.6666666666666666,0.16666666666666666,0.5886512398719788,0.7399209886789322,0.5684433579444885,1.0,0.375,0.35329608619213104,0.44521498680114746,0.34423477947711945,1.0,0.4166666666666667,0.517544815937678,0.5852793306112289,0.5092334225773811,1.0,0.4583333333333333,0.38073644538720447,0.4483160153031349,0.37154823541641235,1.0,0.4166666666666667,0.5044230967760086,0.6788692772388458,0.48553673177957535,1.0,0.4166666666666667,0.7570406099160513,0.6607838422060013,0.7688509225845337,1.0,0.4583333333333333
74,1.3395565152168274,1.4085078537464142,1.417860209941864,0.6666666666666666,0.75,0.9623725612958273,1.0059667378664017,1.0177577584981918,0.7083333333333334,0.75,0.6148305535316467,0.6970478296279907,0.6162085682153702,0.9166666666666666,0.4166666666666667,0.37231309215227765,0.4158506616950035,0.36745283752679825,0.9583333333333334,0.375,0.5300779491662979,0.5698049664497375,0.535240426659584,0.9166666666666666,0.4166666666666667,0.3787463754415512,0.43743009120225906,0.38857948035001755,0.9583333333333334,0.4583333333333333,0.5209661374489466,0.6413854509592056,0.533162496984005,0.9166666666666666,0.4583333333333333,0.7392481764157613,0.6827994287014008,0.7319085150957108,0.9166666666666666,0.4166666666666667
75,1.3945744037628174,1.4123684465885162,1.4291311502456665,0.6666666666666666,0.8333333333333334,0.9921080271402994,1.008434683084488,1.037205532193184,0.6666666666666666,0.8333333333333334,0.6948396861553192,0.7201683223247528,0.6832638829946518,0.5416666666666666,0.4166666666666667,0.41926802198092145,0.42586512118577957,0.4181753098964691,0.375,0.375,0.5683055321375529,0.5799150466918945,0.5598713904619217,0.5833333333333334,0.375,0.4256040056546529,0.4436863586306572,0.42135120183229446,0.625,0.4166666666666667,0.6283176094293594,0.6639319807291031,0.6079483181238174,0.625,0.4166666666666667,0.6849275728066763,0.6684337258338928,0.6969127953052521,0.5833333333333334,0.375
76,1.3939237991968791,1.3977996110916138,1.406497299671173,0.4583333333333333,0.7083333333333334,0.9947705666224161,0.9975761771202087,1.0065340250730515,0.5416666666666666,0.7083333333333334,0.6624033947785696,0.6534411609172821,0.6200693249702454,0.3333333333333333,0.16666666666666666,0.3941484938065211,0.39150290936231613,0.3751811534166336,0.3333333333333333,0.16666666666666666,0.5568313499291738,0.5509615838527679,0.5342778265476227,0.25,0.16666666666666666,0.415851150949796,0.4190804064273834,0.39314455538988113,0.375,0.16666666666666666,0.5975947678089142,0.591182067990303,0.5372416004538536,0.2916666666666667,0.16666666666666666,0.7012315690517426,0.7095789015293121,0.7332782000303268,0.25,0.16666666666666666
77,1.3980369965235393,1.4041776359081268,1.3902616202831268,0.625,0.4166666666666667,0.9975008964538574,1.0031521171331406,0.9886268079280853,0.6666666666666666,0.4583333333333333,0.658519834280014,0.6442776769399643,0.6400151401758194,0.5,0.4166666666666667,0.3930908640225728,0.38326049596071243,0.3922251835465431,0.4583333333333333,0.4583333333333333,0.5525042315324148,0.5463623106479645,0.5409016609191895,0.5,0.375,0.4149702837069829,0.4129430577158928,0.40079474449157715,0.5416666666666666,0.3333333333333333,0.5883706907431284,0.5802151709794998,0.5559607520699501,0.5416666666666666,0.375,0.7073791921138763,0.7161019593477249,0.7238597720861435,0.5,0.375
78,1.3846168915430705,1.3991481065750122,1.4051730930805206,0.375,0.5416666666666666,0.9884767234325409,0.9932302236557007,1.005344569683075,0.375,0.5416666666666666,0.6734782258669535,0.6948735862970352,0.61004538834095,0.625,0.20833333333333334,0.39860759178797406,0.41077976673841476,0.3640234023332596,0.6666666666666666,0.20833333333333334,0.561941941579183,0.5707048326730728,0.5319257751107216,0.5833333333333334,0.20833333333333334,0.42391350368658703,0.4373088404536247,0.3936633765697479,0.5833333333333334,0.25,0.6143545508384705,0.642667293548584,0.537583477795124,0.5833333333333334,0.25,0.693964421749115,0.6815177351236343,0.7366237044334412,0.5833333333333334,0.20833333333333334
79,1.3996763229370117,1.4057517349720001,1.3925358057022095,0.6666666666666666,0.20833333333333334,0.9985390404860178,1.0042225271463394,0.9879902452230453,0.5833333333333334,0.25,0.686517467101415,0.734907478094101,0.6319627463817596,0.7916666666666666,0.08333333333333333,0.4099043558041255,0.44205859303474426,0.3747512996196747,0.7916666666666666,0.08333333333333333,0.5692725976308187,0.581742599606514,0.5459793955087662,0.75,0.08333333333333333,0.4298265129327774,0.451312854886055,0.4061301574110985,0.8333333333333334,0.16666666666666666,0.6293280522028605,0.680242508649826,0.5679682046175003,0.7916666666666666,0.16666666666666666,0.6835503379503886,0.6658488363027573,0.7166531682014465,0.75,0.08333333333333333
80,1.395551045735677,1.389849454164505,1.39202082157135,0.2916666666666667,0.375,0.9985674619674683,0.9909424781799316,0.9969656765460968,0.25,0.4583333333333333,0.5688515305519104,0.6242732405662537,0.5675240606069565,0.6666666666666666,0.5,0.3430994202693303,0.39717480540275574,0.34383223205804825,0.9166666666666666,0.5,0.5108136733373007,0.5179164409637451,0.5099795311689377,0.5416666666666666,0.5416666666666666,0.3766848345597585,0.37841247767210007,0.37364550679922104,0.5416666666666666,0.5416666666666666,0.49779567619164783,0.5017892047762871,0.49112293869256973,0.5416666666666666,0.5416666666666666,0.7666071752707163,0.7565241605043411,0.7677950710058212,0.5416666666666666,0.5416666666666666
81,1.3636720776557922,1.390497624874115,1.401934951543808,0.3333333333333333,0.7916666666666666,0.9681286811828613,0.9890251755714417,1.0016711056232452,0.4583333333333333,0.75,0.6185935537020365,0.6098645627498627,0.5520890280604362,0.5,0.20833333333333334,0.37811990082263947,0.3650823011994362,0.33817386627197266,0.375,0.16666666666666666,0.5299989382425944,0.5334436148405075,0.49781016260385513,0.5,0.2916666666666667,0.3923534204562505,0.40101633220911026,0.35983680188655853,0.5833333333333334,0.3333333333333333,0.5342934330304464,0.5482959896326065,0.4648725911974907,0.5416666666666666,0.2916666666666667,0.739346851905187,0.7344596683979034,0.7850925326347351,0.5,0.2916666666666667
82,1.3896500666936238,1.4022432565689087,1.3973281383514404,0.7083333333333334,0.5416666666666666,0.9923719068368276,1.000038355588913,0.9989875704050064,0.6666666666666666,0.5416666666666666,0.6858775814374288,0.6776089668273926,0.6117395162582397,0.5,0.25,0.4133407920598984,0.4030443951487541,0.3733837679028511,0.4166666666666667,0.25,0.5587861736615499,0.5619474798440933,0.5292133763432503,0.5416666666666666,0.3333333333333333,0.4137005905310313,0.42599812150001526,0.39477159827947617,0.625,0.4166666666666667,0.5945124824841818,0.6156275421380997,0.5390110239386559,0.625,0.3333333333333333,0.6984498004118601,0.6939645111560822,0.7404823899269104,0.5416666666666666,0.3333333333333333
83,1.3911453286806743,1.3984672129154205,1.3962920010089874,0.5833333333333334,0.5416666666666666,0.9900918404261271,0.9966710954904556,0.9914683997631073,0.5416666666666666,0.5416666666666666,0.6410562098026276,0.6972749084234238,0.6144259721040726,0.8333333333333334,0.4583333333333333,0.38255425294240314,0.4407607913017273,0.3647705987095833,1.0,0.2916666666666667,0.549178808927536,0.5596396028995514,0.5368852838873863,0.7083333333333334,0.4166666666666667,0.41024435063203174,0.41990599781274796,0.3948248401284218,0.625,0.4583333333333333,0.5769088367621104,0.6040170937776566,0.5468245223164558,0.6666666666666666,0.4166666666666667,0.7121057311693827,0.6972500085830688,0.7295681089162827,0.7083333333333334,0.4166666666666667
84,1.3912564118703206,1.4078215658664703,1.3880508840084076,0.6666666666666666,0.3333333333333333,0.9983013868331909,1.0042831003665924,0.9861789792776108,0.7083333333333334,0.20833333333333334,0.6464956700801849,0.7024103403091431,0.6208481639623642,0.7916666666666666,0.4166666666666667,0.3909326543410619,0.41940537095069885,0.3822333514690399,0.8333333333333334,0.375,0.5453035434087118,0.5717948973178864,0.5275483876466751,0.7916666666666666,0.4166666666666667,0.40594615538914997,0.4409579485654831,0.3865518271923065,0.7916666666666666,0.4583333333333333,0.5701408386230469,0.6489268690347672,0.5291895866394043,0.8333333333333334,0.4583333333333333,0.7175946434338888,0.6799706071615219,0.7428279966115952,0.7916666666666666,0.4166666666666667
85,1.398633639017741,1.4037576019763947,1.3946736752986908,0.625,0.5,0.9928486247857412,1.0011045783758163,0.9906549006700516,0.6666666666666666,0.5,0.6676699121793112,0.6451301574707031,0.6219894140958786,0.375,0.20833333333333334,0.4011807044347127,0.3850470930337906,0.3724355548620224,0.25,0.20833333333333334,0.5541714032491049,0.5497223734855652,0.5356587171554565,0.375,0.25,0.41494034727414447,0.41075391322374344,0.3950744494795799,0.3333333333333333,0.25,0.589662899573644,0.5779266506433487,0.5424583256244659,0.2916666666666667,0.25,0.7049966951211294,0.7113215327262878,0.7313018888235092,0.375,0.25
86,1.3753872911135356,1.3920990824699402,1.4133908450603485,0.5416666666666666,0.7916666666666666,0.991623063882192,0.9880001842975616,1.0165182650089264,0.375,0.7916666666666666,0.6670945286750793,0.6728879511356354,0.5759425312280655,0.5,0.25,0.39944514632225037,0.40570684522390366,0.3479157164692879,0.5416666666666666,0.20833333333333334,0.5538707574208578,0.558859646320343,0.516681119799614,0.5416666666666666,0.25,0.4099591573079427,0.4272198900580406,0.3728784993290901,0.5833333333333334,0.2916666666666667,0.5889789114395777,0.6137954741716385,0.5000886768102646,0.5833333333333334,0.2916666666666667,0.705444206794103,0.6983546018600464,0.7582760602235794,0.5416666666666666,0.25
87,1.3495489557584126,1.4023313522338867,1.3793239891529083,0.9166666666666666,0.625,0.9644028047720591,1.0040037333965302,0.9911606162786484,0.7916666666666666,0.75,0.5260680913925171,0.6631195098161697,0.48624707758426666,1.0,0.125,0.32758880654970807,0.4080536887049675,0.30245446413755417,1.0,0.16666666666666666,0.4820919781923294,0.5522244721651077,0.4653991460800171,1.0,0.25,0.3523183763027191,0.4283312186598778,0.3374009132385254,1.0,0.25,0.4366300106048584,0.6057313084602356,0.4068460240960121,1.0,0.25,0.8074144423007965,0.7077693492174149,0.8311332166194916,1.0,0.25
88,1.3876780072848003,1.404083102941513,1.4069262444972992,0.75,0.75,0.9958743751049042,1.001238837838173,1.0107213109731674,0.5416666666666666,0.625,0.6464517513910929,0.6768968403339386,0.6063139885663986,0.6666666666666666,0.25,0.39057254294554394,0.40485409647226334,0.36545466631650925,0.5833333333333334,0.25,0.5454713106155396,0.5618442595005035,0.5334246158599854,0.6666666666666666,0.3333333333333333,0.40398334463437396,0.42830730974674225,0.40031933039426804,0.8333333333333334,0.4583333333333333,0.566636880238851,0.6171903163194656,0.5473915562033653,0.7083333333333334,0.4583333333333333,0.7173637648423513,0.6941086053848267,0.7344932705163956,0.6666666666666666,0.3333333333333333
89,1.3969881931940715,1.4000663459300995,1.391538918018341,0.16666666666666666,0.25,1.002828021844228,0.9960355162620544,0.986548587679863,0.20833333333333334,0.2916666666666667,0.6440095901489258,0.6985556483268738,0.597773402929306,0.7083333333333334,0.375,0.3950462390979131,0.42448053508996964,0.3639986366033554,0.6666666666666666,0.3333333333333333,0.5428586353858312,0.5694658905267715,0.5218682438135147,0.7083333333333334,0.2916666666666667,0.3987497538328171,0.432881698012352,0.3785974085330963,0.75,0.375,0.5601224402586619,0.6351573169231415,0.5082796961069107,0.75,0.3333333333333333,0.7210719784100851,0.6832702308893204,0.7509013563394547,0.7083333333333334,0.2916666666666667
90,1.3939645489056904,1.4100864827632904,1.4070862829685211,0.75,0.75,0.9911622703075409,1.0086661130189896,1.0066235661506653,0.8333333333333334,0.8333333333333334,0.6319726208845774,0.6868006736040115,0.5972186326980591,0.875,0.3333333333333333,0.37615270415941876,0.4088519439101219,0.35439440608024597,0.9583333333333334,0.2916666666666667,0.5451463858286539,0.566541999578476,0.5313275381922722,0.8333333333333334,0.3333333333333333,0.4047249952952067,0.4310155063867569,0.39173829555511475,0.9166666666666666,0.4166666666666667,0.5652468105157217,0.627688005566597,0.5349999442696571,0.875,0.375,0.7178339660167694,0.6874310672283173,0.7374712973833084,0.8333333333333334,0.3333333333333333
91,1.398091157277425,1.400709867477417,1.4105627238750458,0.625,0.7083333333333334,0.9942982693513235,0.9955720454454422,1.009100005030632,0.5,0.625,0.6439554889996847,0.7209327518939972,0.6580374836921692,0.9583333333333334,0.5833333333333334,0.3855635076761246,0.4271310418844223,0.3867012560367584,0.9583333333333334,0.5,0.5507032175858816,0.5759999752044678,0.5576145499944687,0.75,0.5833333333333334,0.4043060044447581,0.4437090903520584,0.41640470921993256,0.9166666666666666,0.5416666666666666,0.5731446047623953,0.6592490375041962,0.5955663621425629,0.9166666666666666,0.5416666666666666,0.7099354962507883,0.6740055233240128,0.700129508972168,0.75,0.5833333333333334
92,1.3921167254447937,1.4009598791599274,1.405043363571167,0.625,0.6666666666666666,0.9904947578907013,0.9996568411588669,1.0065285563468933,0.625,0.7083333333333334,0.6837794979413351,0.6751632839441299,0.6216261386871338,0.4166666666666667,0.16666666666666666,0.4077021727959315,0.4029340520501137,0.37727661430835724,0.4583333333333333,0.2916666666666667,0.5624014139175415,0.5597593188285828,0.5317838788032532,0.4166666666666667,0.16666666666666666,0.4251989374558131,0.43330736458301544,0.39417213201522827,0.4583333333333333,0.16666666666666666,0.6180566549301147,0.6229261606931686,0.5388154163956642,0.4583333333333333,0.16666666666666666,0.6933111250400543,0.6970807164907455,0.7368177175521851,0.4166666666666667,0.16666666666666666
93,1.3911628325780232,1.4001584649085999,1.4061013758182526,0.5,0.5416666666666666,0.9909643232822418,1.0003674030303955,1.0082363933324814,0.5416666666666666,0.5833333333333334,0.6460628112157186,0.6570816487073898,0.6135507524013519,0.625,0.375,0.38994572559992474,0.39338219165802,0.3688732087612152,0.5416666666666666,0.375,0.5460869719584783,0.5567016899585724,0.532046839594841,0.6666666666666666,0.4166666666666667,0.40071389079093933,0.42015241086483,0.39590196311473846,0.6666666666666666,0.5,0.5639907270669937,0.6006269454956055,0.5453602150082588,0.625,0.5,0.7164850731690725,0.7014175653457642,0.7364477515220642,0.6666666666666666,0.4166666666666667
94,1.3680453896522522,1.3949558436870575,1.4119752943515778,0.5,0.75,0.9795610507329305,0.995327353477478,1.0221249163150787,0.5833333333333334,0.7916666666666666,0.5772426724433899,0.6151283085346222,0.5995766818523407,0.875,0.625,0.3453088899453481,0.3688138425350189,0.3667612597346306,0.875,0.7083333333333334,0.518113374710083,0.5377252548933029,0.523220881819725,0.8333333333333334,0.5833333333333334,0.3809198886156082,0.40321726351976395,0.38113537430763245,0.8333333333333334,0.4583333333333333,0.5052016824483871,0.5541484504938126,0.5099490359425545,0.875,0.5,0.756243089834849,0.7283807545900345,0.7489825636148453,0.8333333333333334,0.5833333333333334
95,1.3722677826881409,1.3952373564243317,1.3986744284629822,0.5,0.625,0.9817445278167725,0.9900103360414505,1.0009156316518784,0.4166666666666667,0.625,0.6246676544348398,0.6717828214168549,0.5641209036111832,0.6666666666666666,0.20833333333333334,0.3750392148892085,0.40114907175302505,0.34891731292009354,0.75,0.25,0.5385103523731232,0.5580097585916519,0.5066380202770233,0.7083333333333334,0.20833333333333334,0.3988003085056941,0.4242200180888176,0.36719976365566254,0.75,0.20833333333333334,0.5519822587569555,0.6074016243219376,0.477623850107193,0.7083333333333334,0.20833333333333334,0.727261890967687,0.6995493322610855,0.7725606560707092,0.7083333333333334,0.20833333333333334
96,1.3668586611747742,1.4032968282699585,1.3962694704532623,0.4583333333333333,0.4166666666666667,0.9854987363020579,0.9998294115066528,0.9963917434215546,0.3333333333333333,0.4166666666666667,0.586585541566213,0.6721816509962082,0.5990818291902542,0.5833333333333334,0.4583333333333333,0.3569490934411685,0.4000139534473419,0.3625849336385727,0.5833333333333334,0.4583333333333333,0.5160072098175684,0.5589528530836105,0.5293969213962555,0.5833333333333334,0.4583333333333333,0.3656540860732396,0.42521385103464127,0.3878280967473984,0.5833333333333334,0.4583333333333333,0.5041665260990461,0.6096354722976685,0.5285199359059334,0.5833333333333334,0.4583333333333333,0.7592264215151469,0.6982186585664749,0.7402153611183167,0.5833333333333334,0.4583333333333333
97,1.396537681420644,1.4012901484966278,1.3998786509037018,0.5833333333333334,0.4583333333333333,0.9920709133148193,0.9998119622468948,1.000383272767067,0.5833333333333334,0.625,0.603139857451121,0.6471897810697556,0.5782181024551392,0.8333333333333334,0.3333333333333333,0.3593292435010274,0.3917938396334648,0.34990014135837555,0.9583333333333334,0.375,0.5328051547209421,0.5485743880271912,0.5178379639983177,0.8333333333333334,0.2916666666666667,0.39624620974063873,0.41944901645183563,0.3845972567796707,0.875,0.4583333333333333,0.5392810901006063,0.5895052254199982,0.5103031769394875,0.8333333333333334,0.375,0.735367089509964,0.7129670977592468,0.7566390484571457,0.8333333333333334,0.2916666666666667
98,1.3971734841664631,1.407313495874405,1.3962293863296509,0.8333333333333334,0.5,1.0001791218916576,1.005639135837555,0.9966613501310349,0.625,0.4166666666666667,0.6185342073440552,0.6862849742174149,0.5884992480278015,0.75,0.3333333333333333,0.37816546360651654,0.41017257422208786,0.3586498945951462,0.6666666666666666,0.375,0.5342941631873449,0.5695092082023621,0.5234646275639534,0.7916666666666666,0.375,0.39106490711371106,0.4353201389312744,0.3864933252334595,0.875,0.4166666666666667,0.5377190063397089,0.6395500004291534,0.5178727582097054,0.7916666666666666,0.4166666666666667,0.7332425514856974,0.6832207143306732,0.7486431747674942,0.7916666666666666,0.375
99,1.3906387289365132,1.4063659608364105,1.3993475139141083,0.9166666666666666,0.75,0.9857764343420664,1.0080004632472992,0.9989120811223984,0.9583333333333334,0.8333333333333334,0.6592729886372884,0.6320581436157227,0.6308894604444504,0.3333333333333333,0.4166666666666667,0.4012601623932521,0.381818562746048,0.38120004534721375,0.3333333333333333,0.4583333333333333,0.5509963085254034,0.5404855012893677,0.5436480045318604,0.3333333333333333,0.4166666666666667,0.4095079302787781,0.40940283238887787,0.4025006964802742,0.375,0.5,0.5821489890416464,0.5661163032054901,0.5643618926405907,0.3333333333333333,0.4583333333333333,0.7095244030157725,0.7244648635387421,0.7199628502130508,0.3333333333333333,0.4166666666666667
100,1.360316812992096,1.415164977312088,1.4091918170452118,0.8333333333333334,0.5833333333333334,0.9683714310328165,1.0191309750080109,1.0099796652793884,0.8333333333333334,0.6666666666666666,0.6833330492178599,0.6787361949682236,0.5950424373149872,0.375,0.2916666666666667,0.4214252531528473,0.41196703165769577,0.3681369833648205,0.3333333333333333,0.25,0.5578480114539465,0.5602758079767227,0.5220645889639854,0.4583333333333333,0.375,0.41158705453077954,0.4269872307777405,0.37066254764795303,0.625,0.2916666666666667,0.593791738152504,0.6149201542139053,0.5188594199717045,0.5416666666666666,0.2916666666666667,0.6997801860173544,0.6963376998901367,0.7506204843521118,0.4583333333333333,0.375
101,1.4006175994873047,1.3947923183441162,1.3969621062278748,0.375,0.3333333333333333,1.0007493495941162,0.9949913322925568,0.9988395720720291,0.4166666666666667,0.3333333333333333,0.6205966571966807,0.5968220978975296,0.5699579268693924,0.375,0.2916666666666667,0.3752040316661199,0.3637286275625229,0.34692223370075226,0.4583333333333333,0.2916666666666667,0.5361067255338033,0.5218179598450661,0.5114927068352699,0.375,0.2916666666666667,0.40386328597863513,0.39391596615314484,0.37844767421483994,0.375,0.25,0.5587956110636393,0.5289171114563942,0.4986087456345558,0.375,0.25,0.7306825319925944,0.750992476940155,0.765647828578949,0.375,0.2916666666666667
102,1.3835521737734477,1.382138192653656,1.394069880247116,0.4583333333333333,0.5,0.9944907128810883,0.9830425828695297,1.0001466572284698,0.375,0.5,0.613820900519689,0.6347574442625046,0.6007683128118515,0.5833333333333334,0.4583333333333333,0.3755225290854772,0.38027285039424896,0.3696718290448189,0.5,0.5,0.5262033144632975,0.5402026921510696,0.5186431929469109,0.625,0.4583333333333333,0.39047954479853314,0.4081880748271942,0.383565291762352,0.6666666666666666,0.4166666666666667,0.5296909163395563,0.5673528164625168,0.5108169242739677,0.7083333333333334,0.4166666666666667,0.7447410523891449,0.7248367518186569,0.7554718554019928,0.625,0.4583333333333333
103,1.4031284650166829,1.41020867228508,1.3942353129386902,0.5416666666666666,0.25,1.0009866158167522,1.009836658835411,0.9952629655599594,0.5416666666666666,0.3333333333333333,0.633425384759903,0.6449256837368011,0.5885062366724014,0.625,0.375,0.3794822543859482,0.38555828481912613,0.35307087004184723,0.5833333333333334,0.375,0.5413694282372793,0.5453899055719376,0.5207196772098541,0.5416666666666666,0.375,0.4066745738188426,0.4147549197077751,0.38202065229415894,0.625,0.375,0.5647852718830109,0.5796930342912674,0.5153488218784332,0.5416666666666666,0.375,0.7231963376204172,0.7174931615591049,0.7525408267974854,0.5416666666666666,0.375
104,1.4052278598149617,1.4138986766338348,1.4057011604309082,0.625,0.4583333333333333,1.0011117855707805,1.0144498646259308,1.0035953372716904,0.625,0.5,0.6290903389453888,0.6558978706598282,0.6095595210790634,0.6666666666666666,0.3333333333333333,0.3776045689980189,0.3897024542093277,0.364348903298378,0.5416666666666666,0.3333333333333333,0.541747917731603,0.5525274723768234,0.5286793112754822,0.625,0.4166666666666667,0.39765071372191113,0.418496735394001,0.38361218571662903,0.6666666666666666,0.4166666666666667,0.5528790255387624,0.5937395840883255,0.5216886922717094,0.6666666666666666,0.4166666666666667,0.7226642072200775,0.707349956035614,0.7412320673465729,0.625,0.4166666666666667
105,1.4019753535588582,1.4066040515899658,1.4115304946899414,0.5,0.5,0.9997660716374716,1.0077457875013351,1.015228420495987,0.5,0.5,0.5750361780325571,0.6722859442234039,0.5847822576761246,0.875,0.625,0.34447502096494037,0.4022703245282173,0.3517106771469116,0.875,0.625,0.5082060297330221,0.5597172230482101,0.5161214172840118,1.0,0.5416666666666666,0.37123990058898926,0.42521627992391586,0.37799620628356934,0.9583333333333334,0.5416666666666666,0.48440946638584137,0.6114053130149841,0.4996434450149536,0.9583333333333334,0.5416666666666666,0.7703071236610413,0.697117805480957,0.7590514272451401,1.0,0.5416666666666666
106,1.3932748635609944,1.4043692648410797,1.3947831392288208,0.7916666666666666,0.4583333333333333,0.9943988621234894,1.004052609205246,0.9927671700716019,0.7916666666666666,0.5416666666666666,0.6072941819826762,0.6712938249111176,0.6029898822307587,0.75,0.3333333333333333,0.36594116191069287,0.4017251953482628,0.3614618480205536,0.75,0.3333333333333333,0.5282647659381231,0.5592996925115585,0.5293993800878525,0.75,0.375,0.3876270304123561,0.4274812862277031,0.39373382925987244,0.7916666666666666,0.5,0.5256766577561697,0.6153278946876526,0.5324446260929108,0.7916666666666666,0.5,0.7418245176474253,0.6977259963750839,0.7402148693799973,0.75,0.375
107,1.3970529437065125,1.3949987590312958,1.3941215872764587,0.4166666666666667,0.3333333333333333,0.9999354084332784,0.9921291768550873,0.9923310875892639,0.4166666666666667,0.4583333333333333,0.6398337880770365,0.647366926074028,0.6429522782564163,0.5416666666666666,0.4583333333333333,0.38618189096450806,0.38796117901802063,0.39859337359666824,0.5416666666666666,0.5,0.5477120031913122,0.5504935681819916,0.5394518077373505,0.5416666666666666,0.375,0.40862540404001874,0.422637440264225,0.393295519053936,0.5416666666666666,0.375,0.5797833104928335,0.5973759293556213,0.5500974506139755,0.5416666666666666,0.375,0.714189867178599,0.7102505713701248,0.7259130477905273,0.5416666666666666,0.375
108,1.3961432774861653,1.4016586244106293,1.3810449540615082,0.625,0.2916666666666667,1.0031193296114604,1.004020944237709,0.9806538671255112,0.5,0.125,0.6313928862412771,0.6760357618331909,0.5889949351549149,0.75,0.2916666666666667,0.3782818019390106,0.40932097285985947,0.3589123338460922,0.7083333333333334,0.375,0.5413189033667246,0.5578188002109528,0.5228536278009415,0.6666666666666666,0.25,0.4102664242188136,0.43370503932237625,0.3887261673808098,0.7083333333333334,0.2916666666666667,0.5712266862392426,0.6203021109104156,0.521697074174881,0.6666666666666666,0.2916666666666667,0.723275750875473,0.699830174446106,0.7495116889476776,0.6666666666666666,0.25
109,1.3950154781341553,1.4026815593242645,1.39801824092865,0.7083333333333334,0.625,0.9955940147240957,1.0054828077554703,1.0022243112325668,0.8333333333333334,0.6666666666666666,0.6319886495669683,0.6645894050598145,0.5683528184890747,0.625,0.2916666666666667,0.38246296842892963,0.39439041167497635,0.3400740996003151,0.5416666666666666,0.2916666666666667,0.5359951456387838,0.5517520904541016,0.501741535961628,0.625,0.3333333333333333,0.412974680463473,0.42904995381832123,0.3745172247290611,0.625,0.3333333333333333,0.5714538991451263,0.6065404266119003,0.4928358718752861,0.625,0.3333333333333333,0.730832447608312,0.7084344178438187,0.7795082330703735,0.625,0.3333333333333333
110,1.399032195409139,1.3966684639453888,1.3972579836845398,0.375,0.4583333333333333,0.9992197354634603,0.99482561647892,1.001555696129799,0.3333333333333333,0.5,0.6812634766101837,0.6643004417419434,0.6249217391014099,0.4166666666666667,0.2916666666666667,0.4097822109858195,0.3973085582256317,0.37994392216205597,0.375,0.25,0.5602265099684397,0.5598664581775665,0.5323370173573494,0.4166666666666667,0.25,0.42213693261146545,0.42099183797836304,0.39904825389385223,0.4166666666666667,0.375,0.6091116517782211,0.6064308136701584,0.5463734641671181,0.4166666666666667,0.3333333333333333,0.6963986754417419,0.6969188451766968,0.7360357046127319,0.4166666666666667,0.25
111,1.3998015920321147,1.3996458649635315,1.407897710800171,0.5416666666666666,0.7083333333333334,0.9975785712401072,0.9960286021232605,1.0096122026443481,0.4583333333333333,0.8333333333333334,0.6725011964639028,0.7020007967948914,0.6110476553440094,0.5833333333333334,0.25,0.39833883941173553,0.4144600108265877,0.3646320551633835,0.625,0.20833333333333334,0.5618558923403422,0.5735327303409576,0.535692997276783,0.5,0.25,0.41730501254399616,0.43863852322101593,0.3920406103134155,0.5833333333333334,0.2916666666666667,0.6062319527069727,0.6477986574172974,0.5403473898768425,0.5416666666666666,0.2916666666666667,0.6941016912460327,0.677511140704155,0.7312776446342468,0.5,0.25
112,1.4082809885342915,1.4111867845058441,1.3957245647907257,0.625,0.16666666666666666,1.0064779818058014,1.011782318353653,0.9947757422924042,0.7083333333333334,0.25,0.6434702773888906,0.643408790230751,0.5946035832166672,0.5,0.2916666666666667,0.3818463484446208,0.3805578947067261,0.3546121269464493,0.4166666666666667,0.2916666666666667,0.5488464931646982,0.5473362505435944,0.5248815342783928,0.4583333333333333,0.2916666666666667,0.40815652906894684,0.4142666533589363,0.38876352459192276,0.4583333333333333,0.3333333333333333,0.5763852745294571,0.5804295688867569,0.5264713317155838,0.4583333333333333,0.3333333333333333,0.7125711739063263,0.7147260904312134,0.7466392666101456,0.4583333333333333,0.2916666666666667
113,1.3874017000198364,1.3948105573654175,1.400214821100235,0.5,0.5416666666666666,0.9896301726500193,0.9912392944097519,1.0030250549316406,0.5416666666666666,0.6666666666666666,0.6165987352530161,0.6380552500486374,0.6045372486114502,0.6666666666666666,0.4166666666666667,0.3709745059410731,0.38091496378183365,0.3601386696100235,0.625,0.3333333333333333,0.5323624511559805,0.5411377847194672,0.5334198623895645,0.625,0.5,0.3937421490748723,0.4082644507288933,0.396324560046196,0.7083333333333334,0.4166666666666667,0.5370281785726547,0.5651741176843643,0.5415265038609505,0.6666666666666666,0.5,0.7359912494818369,0.7235389202833176,0.7344948500394821,0.625,0.5
114,1.3610759178797405,1.4106594324111938,1.3863973915576935,0.8333333333333334,0.5833333333333334,0.9639719327290853,1.0091496109962463,0.9807474315166473,0.7916666666666666,0.625,0.6646313766638438,0.7401200979948044,0.6535419523715973,0.9583333333333334,0.4166666666666667,0.39463023841381073,0.43953389674425125,0.3897768631577492,0.9583333333333334,0.4583333333333333,0.5591954390207926,0.5866241753101349,0.5559017956256866,0.8333333333333334,0.4583333333333333,0.42213010291258496,0.45315399020910263,0.41700951755046844,0.875,0.4166666666666667,0.6067563196023306,0.6895859986543655,0.5965851098299026,0.8333333333333334,0.4583333333333333,0.6978656848271688,0.658899337053299,0.702544093132019,0.8333333333333334,0.4583333333333333
115,1.3905139962832134,1.396208792924881,1.4008917808532715,0.5833333333333334,0.75,0.9894382854302725,0.9941031485795975,0.9990188032388687,0.625,0.7916666666666666,0.6645784080028534,0.6858496814966202,0.658063217997551,0.5416666666666666,0.5,0.3934934039910634,0.4256601557135582,0.3922315612435341,0.7916666666666666,0.5,0.5554635524749756,0.5608617663383484,0.5554495602846146,0.5,0.4583333333333333,0.4109952102104823,0.4266243577003479,0.41517075151205063,0.625,0.5416666666666666,0.5892232805490494,0.6159855425357819,0.5909938365221024,0.5833333333333334,0.5,0.7031606733798981,0.6955166012048721,0.7031962722539902,0.5,0.4583333333333333
116,1.3982832034428914,1.4057255387306213,1.3985033929347992,0.7083333333333334,0.375,1.0033083061377208,1.0060275346040726,1.0059978663921356,0.5833333333333334,0.4583333333333333,0.6335185468196869,0.6591521054506302,0.5904257372021675,0.5833333333333334,0.3333333333333333,0.38773535192012787,0.3968660831451416,0.3567866012454033,0.5,0.2916666666666667,0.5376278857390085,0.5518769919872284,0.5206466987729073,0.625,0.4166666666666667,0.40382760763168335,0.41954049468040466,0.386199489235878,0.5416666666666666,0.375,0.5608300517002741,0.594505175948143,0.5204079002141953,0.5833333333333334,0.375,0.728499154249827,0.7082559913396835,0.7526364922523499,0.625,0.4166666666666667
117,1.3920719623565674,1.3900499045848846,1.4279285371303558,0.4583333333333333,0.9166666666666666,0.9882105986277262,0.984651580452919,1.0366638451814651,0.5416666666666666,0.8333333333333334,0.6242506305376688,0.7498393207788467,0.5210681967437267,1.0,0.3333333333333333,0.37123310565948486,0.4422895163297653,0.31267377734184265,1.0,0.3333333333333333,0.5415485501289368,0.5928122997283936,0.48776867240667343,0.9583333333333334,0.3333333333333333,0.401179239153862,0.46441737562417984,0.33626244589686394,1.0,0.3333333333333333,0.5601456960042318,0.7156163156032562,0.45245320349931717,1.0,0.3333333333333333,0.7229537765185038,0.6501278579235077,0.7993534058332443,0.9583333333333334,0.3333333333333333
118,1.3236060639222462,1.4004019796848297,1.36042320728302,0.75,0.625,0.9369256595770518,0.9991442263126373,0.9742044508457184,0.6666666666666666,0.625,0.6283143957455953,0.6544299423694611,0.5723475813865662,0.5,0.2916666666666667,0.3767080058654149,0.3934382423758507,0.3450212776660919,0.5416666666666666,0.2916666666666667,0.5361923277378082,0.5520551055669785,0.511728972196579,0.5416666666666666,0.3333333333333333,0.392606442173322,0.4270194247364998,0.36463218182325363,0.75,0.3333333333333333,0.5436234225829443,0.6034032255411148,0.4836236611008644,0.6666666666666666,0.3333333333333333,0.7305486798286438,0.7080344706773758,0.765304371714592,0.5416666666666666,0.3333333333333333
119,1.4048495093981426,1.4072340428829193,1.3923659920692444,0.5,0.125,1.00490007797877,1.0050419867038727,0.9906080961227417,0.4583333333333333,0.125,0.651283065478007,0.6931694000959396,0.6244337111711502,0.6666666666666666,0.2916666666666667,0.39007683595021564,0.4210103824734688,0.3777746632695198,0.6666666666666666,0.3333333333333333,0.5502630770206451,0.5697631537914276,0.5335239470005035,0.625,0.2916666666666667,0.4121735692024231,0.43553734570741653,0.3960764855146408,0.625,0.2916666666666667,0.5871957540512085,0.6394862681627274,0.5424577221274376,0.625,0.2916666666666667,0.7105530599753062,0.6828532963991165,0.73435178399086,0.625,0.2916666666666667
120,1.392191231250763,1.3986104130744934,1.401523232460022,0.5,0.5,0.9914433360099792,0.9950596690177917,0.9990752190351486,0.5,0.5416666666666666,0.6652076741059622,0.6891336143016815,0.6404030099511147,0.7083333333333334,0.625,0.3988645027081172,0.412662073969841,0.38736629486083984,0.7083333333333334,0.5833333333333334,0.5577615102132162,0.5669658333063126,0.5388732179999352,0.6666666666666666,0.4583333333333333,0.42444295684496564,0.4273748993873596,0.3986830562353134,0.625,0.3333333333333333,0.6077974140644073,0.6235426515340805,0.5583672821521759,0.625,0.4166666666666667,0.6999054749806722,0.6868258118629456,0.7267371565103531,0.6666666666666666,0.4583333333333333
121,1.403957486152649,1.4042819738388062,1.4145036041736603,0.5,0.625,1.0064991414546967,1.0007251650094986,1.0219670087099075,0.4166666666666667,0.625,0.6063306033611298,0.6900446116924286,0.5528212860226631,0.9583333333333334,0.375,0.3609978010257085,0.4167092964053154,0.3309601619839668,1.0,0.375,0.5318140933911005,0.5693720579147339,0.5052187964320183,0.9166666666666666,0.375,0.3881281018257141,0.42896492779254913,0.367837630212307,0.875,0.375,0.5309428224960963,0.6278580725193024,0.47991349548101425,0.9166666666666666,0.375,0.736774077018102,0.683412954211235,0.7745766788721085,0.9166666666666666,0.375
122,1.4085565209388733,1.3959382772445679,1.3970963656902313,0.20833333333333334,0.3333333333333333,1.0054901738961537,0.9874183088541031,0.9933339506387711,0.125,0.3333333333333333,0.6231527825196584,0.7076480090618134,0.6122813671827316,0.9583333333333334,0.5416666666666666,0.37311190863450366,0.4196116626262665,0.37318627536296844,1.0,0.5416666666666666,0.5405329267183939,0.5763101130723953,0.5334373265504837,0.9583333333333334,0.4583333333333333,0.4010501553614934,0.4388090893626213,0.3882438838481903,0.9583333333333334,0.375,0.5544390082359314,0.6531475633382797,0.5314655378460884,0.9583333333333334,0.4583333333333333,0.7243955532709757,0.673559382557869,0.7344696223735809,0.9583333333333334,0.4583333333333333
123,1.3945691386858623,1.3969433903694153,1.4064724147319794,0.375,0.6666666666666666,0.9935362736384074,0.9913166910409927,1.003215566277504,0.3333333333333333,0.5833333333333334,0.6628874739011129,0.6845664978027344,0.6244292259216309,0.6666666666666666,0.3333333333333333,0.39797396461168927,0.4045663848519325,0.37606556713581085,0.5833333333333334,0.3333333333333333,0.5603949924310049,0.5667968094348907,0.5396493673324585,0.5833333333333334,0.3333333333333333,0.4207991361618042,0.4299575835466385,0.39639243483543396,0.625,0.2916666666666667,0.6068540414174398,0.6273782104253769,0.5495685711503029,0.625,0.3333333333333333,0.6961739957332611,0.6870770454406738,0.7256435602903366,0.5833333333333334,0.3333333333333333
124,1.3977212111155193,1.397224098443985,1.398054450750351,0.6666666666666666,0.6666666666666666,0.996864895025889,0.9949597418308258,0.9956386834383011,0.5833333333333334,0.7083333333333334,0.6151121556758881,0.64231276512146,0.5445541739463806,0.5833333333333334,0.3333333333333333,0.3679500569899877,0.38736236840486526,0.32975513488054276,0.625,0.3333333333333333,0.5340436746676763,0.5451569706201553,0.503658689558506,0.5833333333333334,0.3333333333333333,0.3964945375919342,0.4100988879799843,0.36013149470090866,0.5416666666666666,0.3333333333333333,0.5448529918988546,0.5729915201663971,0.47358331829309464,0.5416666666666666,0.3333333333333333,0.7336145440737406,0.7178141623735428,0.7767818719148636,0.5833333333333334,0.3333333333333333
125,1.3038381437460582,1.416532427072525,1.3100248873233795,0.875,0.4583333333333333,0.9233144124348959,1.015774354338646,0.9247766435146332,0.9166666666666666,0.4583333333333333,0.6679726839065552,0.6695243716239929,0.5840149223804474,0.5,0.375,0.4151842991511027,0.4049368351697922,0.36697818338871,0.375,0.375,0.5530082086722056,0.55641670525074,0.5062673762440681,0.5,0.3333333333333333,0.41084593534469604,0.4253591299057007,0.3581624999642372,0.5833333333333334,0.3333333333333333,0.5858936955531439,0.6078888177871704,0.48520132899284363,0.5833333333333334,0.3333333333333333,0.7066565851370493,0.7018120437860489,0.7730710953474045,0.5,0.3333333333333333
126,1.4022329449653625,1.4013288617134094,1.405654788017273,0.4166666666666667,0.5,1.0072633922100067,1.002274140715599,1.004142850637436,0.2916666666666667,0.3333333333333333,0.6854277551174164,0.6810225546360016,0.6726548373699188,0.4166666666666667,0.5,0.40681492785612744,0.4235798642039299,0.39992643892765045,0.625,0.5,0.5638989210128784,0.5556526035070419,0.5599802285432816,0.375,0.5,0.4235881467660268,0.42330529540777206,0.4179728329181671,0.5833333333333334,0.4166666666666667,0.6157551904519399,0.6044349074363708,0.602555975317955,0.4583333333333333,0.5,0.691184788942337,0.7029172778129578,0.6967618614435196,0.375,0.5
127,1.3718525767326355,1.3956122696399689,1.3975981771945953,0.7083333333333334,0.7083333333333334,0.9880456427733103,0.9994834214448929,1.0129946768283844,0.5,0.7916666666666666,0.5978907446066538,0.6150437295436859,0.5567690804600716,0.5416666666666666,0.375,0.3733372042576472,0.37804390490055084,0.35046134144067764,0.5416666666666666,0.2916666666666667,0.5170406699180603,0.5275450199842453,0.49887799471616745,0.5833333333333334,0.4583333333333333,0.3815354605515798,0.40342165529727936,0.36753807961940765,0.5833333333333334,0.4583333333333333,0.5203450471162796,0.5461116284132004,0.4790748655796051,0.5833333333333334,0.4583333333333333,0.7577731510003408,0.7428409904241562,0.7835697382688522,0.5833333333333334,0.4583333333333333
128,1.3720591465632122,1.4004451930522919,1.4107631742954254,0.6666666666666666,0.8333333333333334,0.9772941470146179,1.0030140578746796,1.0177123248577118,0.75,0.9166666666666666,0.6006312568982443,0.5943208038806915,0.5591399520635605,0.4583333333333333,0.375,0.36713071167469025,0.35888271033763885,0.3401287868618965,0.4166666666666667,0.375,0.5231386770804723,0.5253189355134964,0.5091008618474007,0.5,0.4583333333333333,0.39142363766829175,0.3945784345269203,0.37742099165916443,0.5416666666666666,0.4583333333333333,0.5280416657527288,0.5322205871343613,0.4971287325024605,0.5416666666666666,0.4583333333333333,0.7491027116775513,0.7460039854049683,0.7690483033657074,0.5,0.4583333333333333
129,1.3864821791648865,1.4005311727523804,1.3987607955932617,0.5416666666666666,0.6666666666666666,0.992987702290217,1.0017047077417374,1.007553368806839,0.625,0.8333333333333334,0.5669257690509161,0.5974368304014206,0.5772370547056198,0.7083333333333334,0.625,0.3439074357350667,0.36379524320364,0.35391099750995636,0.7083333333333334,0.625,0.506968691945076,0.5276161134243011,0.5126842632889748,0.7083333333333334,0.5,0.37447449564933777,0.3971647024154663,0.3829459846019745,0.7083333333333334,0.625,0.4880426228046417,0.5355648696422577,0.5044189170002937,0.7083333333333334,0.625,0.7720826466878256,0.7427280098199844,0.7639425843954086,0.7083333333333334,0.5
130,1.3902562459309895,1.3986436128616333,1.4018568396568298,0.4166666666666667,0.5416666666666666,0.9893781145413717,0.9970038086175919,1.0043066442012787,0.4583333333333333,0.5416666666666666,0.5611602415641149,0.5932171195745468,0.5639475509524345,0.5833333333333334,0.5,0.34225548803806305,0.3607427105307579,0.34125980734825134,0.5833333333333334,0.4583333333333333,0.5063644349575043,0.520032525062561,0.5071942508220673,0.625,0.4583333333333333,0.36629587411880493,0.39802608639001846,0.3672557473182678,0.625,0.4583333333333333,0.480766624212265,0.5302531644701958,0.47935208678245544,0.625,0.4583333333333333,0.7729433476924896,0.7535335719585419,0.7717503905296326,0.625,0.4583333333333333
131,1.381490151087443,1.4002621471881866,1.3982053995132446,0.4166666666666667,0.2916666666666667,0.9887438813845316,0.997214138507843,0.9979236871004105,0.375,0.3333333333333333,0.640804280837377,0.6319911181926727,0.6382199376821518,0.5,0.5833333333333334,0.38621484239896137,0.39092521369457245,0.38581131398677826,0.5833333333333334,0.5416666666666666,0.548288514216741,0.5385337322950363,0.5460332930088043,0.375,0.4583333333333333,0.417491356531779,0.4064647704362869,0.40859948098659515,0.375,0.4583333333333333,0.5892730951309204,0.5625531077384949,0.5728902965784073,0.375,0.4583333333333333,0.7133610645929972,0.7272417098283768,0.7165682464838028,0.375,0.4583333333333333
132,1.3980385462443035,1.4026570320129395,1.3973684012889862,0.5,0.375,0.9959313372770945,1.002603217959404,0.9951979070901871,0.5833333333333334,0.375,0.6258468230565389,0.6260772347450256,0.6232576817274094,0.5416666666666666,0.5,0.3750146081050237,0.37944502383470535,0.37716103345155716,0.5416666666666666,0.5416666666666666,0.5367558499177297,0.5405251383781433,0.5340125262737274,0.5416666666666666,0.5,0.39755812784036,0.40390490740537643,0.3954615071415901,0.5833333333333334,0.4583333333333333,0.550972600777944,0.5598653182387352,0.5439909398555756,0.5833333333333334,0.5,0.7297442257404327,0.7244062274694443,0.7336519956588745,0.5416666666666666,0.5
133,1.3691861232121785,1.4022164940834045,1.400970607995987,0.4166666666666667,0.375,0.9825548827648163,0.9995470941066742,1.0016745775938034,0.4583333333333333,0.375,0.6651266713937124,0.6743096560239792,0.6343290209770203,0.5833333333333334,0.3333333333333333,0.39978601038455963,0.40058016031980515,0.38597066700458527,0.5416666666666666,0.4166666666666667,0.5562784373760223,0.566091775894165,0.5402643829584122,0.5833333333333334,0.3333333333333333,0.41796596844991046,0.43530067801475525,0.39630792289972305,0.625,0.3333333333333333,0.599711537361145,0.6352509260177612,0.5520526617765427,0.625,0.375,0.7020160953203837,0.6880827099084854,0.7247732132673264,0.5833333333333334,0.3333333333333333
134,1.3822158376375835,1.3947222232818604,1.4079977571964264,0.5,0.5,0.9875695407390594,0.9904125481843948,1.0111771523952484,0.4583333333333333,0.75,0.5708576788504919,0.685687854886055,0.5675438046455383,1.0,0.5,0.33734703063964844,0.4135148152709007,0.33994851261377335,1.0,0.5,0.5179676413536072,0.5688719153404236,0.5154053494334221,1.0,0.4166666666666667,0.3696289658546448,0.4392799809575081,0.36983948200941086,1.0,0.4583333333333333,0.4910518030325572,0.642235279083252,0.4871820881962776,1.0,0.4583333333333333,0.7564493219057719,0.6841360628604889,0.7600951492786407,1.0,0.4166666666666667
135,1.392362157503764,1.3945051431655884,1.3951978087425232,0.3333333333333333,0.5416666666666666,0.9932117660840353,0.9952588677406311,1.0017191916704178,0.4583333333333333,0.5833333333333334,0.5776542375485102,0.6226806044578552,0.5592428520321846,0.7083333333333334,0.4166666666666667,0.3564916004737218,0.37462781369686127,0.34776702523231506,0.625,0.4166666666666667,0.511875664194425,0.5344675183296204,0.4984870031476021,0.7083333333333334,0.4583333333333333,0.37121839821338654,0.40535813570022583,0.3548360839486122,0.875,0.375,0.4883979062239329,0.5534085184335709,0.45756758004426956,0.875,0.375,0.7651044825712839,0.7330081313848495,0.7841228991746902,0.7083333333333334,0.4583333333333333
136,1.378690481185913,1.3968243300914764,1.3929537534713745,0.3333333333333333,0.4166666666666667,0.9856325884660085,0.9944271743297577,0.9962608814239502,0.375,0.5416666666666666,0.5855982700983683,0.6560284197330475,0.5798934698104858,0.9166666666666666,0.4166666666666667,0.3500569413105647,0.38801297545433044,0.35152267664670944,0.9166666666666666,0.4166666666666667,0.5242945154507955,0.5560239106416702,0.5122841745615005,0.875,0.3333333333333333,0.387539674838384,0.4292360618710518,0.37666185200214386,1.0,0.3333333333333333,0.5205719967683157,0.6117629706859589,0.49375825375318527,0.9583333333333334,0.2916666666666667,0.7474615375200907,0.7023910731077194,0.7645415961742401,0.875,0.3333333333333333
137,1.4049160679181416,1.4003921747207642,1.4073185920715332,0.375,0.7083333333333334,1.006401648124059,0.9992406219244003,1.0129771083593369,0.2916666666666667,0.6666666666666666,0.608239104350408,0.6695095151662827,0.5985294803977013,0.75,0.5,0.3666083514690399,0.4039100781083107,0.3610517606139183,0.75,0.4583333333333333,0.5286675691604614,0.5578518211841583,0.5214436054229736,0.75,0.5,0.38584793110688526,0.4265833646059036,0.3788876011967659,0.875,0.4583333333333333,0.526014044880867,0.6106508374214172,0.5101190283894539,0.75,0.4583333333333333,0.7412534852822622,0.6997813880443573,0.7515078186988831,0.75,0.5
138,1.3692163228988647,1.4037679135799408,1.409085899591446,0.75,0.625,0.977118601401647,1.0019444525241852,1.01572485268116,0.625,0.6666666666666666,0.6578455865383148,0.704638347029686,0.6381832733750343,0.6666666666666666,0.5,0.3974879781405131,0.41560813039541245,0.3820328116416931,0.625,0.4166666666666667,0.5513508915901184,0.5729934275150299,0.5434567034244537,0.6666666666666666,0.5,0.40932094554106396,0.4392879903316498,0.39706553518772125,0.6666666666666666,0.4583333333333333,0.585225373506546,0.6499577015638351,0.5611423030495644,0.6666666666666666,0.4583333333333333,0.7090111672878265,0.6782661378383636,0.7202266603708267,0.6666666666666666,0.5
139,1.401896099249522,1.4050793647766113,1.4027469754219055,0.7083333333333334,0.5833333333333334,1.0036614835262299,1.0001288801431656,0.9981727600097656,0.5,0.4166666666666667,0.6698693136374155,0.6691204011440277,0.6126068383455276,0.5,0.20833333333333334,0.40049263338247937,0.3949000984430313,0.3639107719063759,0.5,0.20833333333333334,0.5595326821009318,0.5595411658287048,0.5339960008859634,0.5,0.20833333333333334,0.41747244199117023,0.42716753482818604,0.3896014466881752,0.625,0.125,0.6006209055582682,0.6125631779432297,0.534213550388813,0.5,0.16666666666666666,0.6973887383937836,0.6973865032196045,0.7336694896221161,0.5,0.20833333333333334
140,1.4021865129470825,1.4093139469623566,1.4073655605316162,0.5416666666666666,0.5833333333333334,0.9980481763680776,1.005897656083107,1.0058264136314392,0.5833333333333334,0.5416666666666666,0.684708704551061,0.7089987397193909,0.6550258845090866,0.625,0.375,0.4046298861503601,0.42226333171129227,0.3883119076490402,0.6666666666666666,0.375,0.5649520655473074,0.573127418756485,0.5521855354309082,0.625,0.375,0.42445264756679535,0.4420333802700043,0.4106164798140526,0.6666666666666666,0.375,0.6198907991250356,0.6542308628559113,0.5821339637041092,0.6666666666666666,0.375,0.6896873513857523,0.6780808568000793,0.7078276872634888,0.625,0.375
141,1.3825771808624268,1.3983014523983002,1.382733017206192,0.6666666666666666,0.4583333333333333,0.9921622971693674,0.9993053376674652,0.990335077047348,0.5833333333333334,0.4583333333333333,0.5578936040401459,0.6246127933263779,0.5637792199850082,0.875,0.4583333333333333,0.3383106191953023,0.38880669325590134,0.34689468145370483,0.9166666666666666,0.625,0.508768230676651,0.5300475507974625,0.5060693398118019,0.7083333333333334,0.4583333333333333,0.3705315738916397,0.3990207314491272,0.36209797114133835,0.8333333333333334,0.4166666666666667,0.4839562773704529,0.5410988479852676,0.47166816145181656,0.75,0.4583333333333333,0.7695164680480957,0.7392940521240234,0.7733380347490311,0.7083333333333334,0.4583333333333333
142,1.3884141246477764,1.4002849459648132,1.3959767520427704,0.7083333333333334,0.5833333333333334,0.9869172871112823,0.9959037750959396,0.9934366196393967,0.5833333333333334,0.5833333333333334,0.660474548737208,0.7231717258691788,0.6453726142644882,0.625,0.4166666666666667,0.4018175353606542,0.4385310709476471,0.39902790635824203,0.75,0.375,0.5512755960226059,0.5742690861225128,0.538554310798645,0.625,0.375,0.4070066163937251,0.4372393488883972,0.39750535041093826,0.7916666666666666,0.4583333333333333,0.5796408305565516,0.6482102423906326,0.5542182624340057,0.75,0.375,0.709104080994924,0.6764525026082993,0.7272054553031921,0.625,0.375
143,1.4061551094055176,1.4025990962982178,1.3940205872058868,0.4583333333333333,0.20833333333333334,1.0055962403615315,1.0020473152399063,0.9894118756055832,0.5833333333333334,0.20833333333333334,0.6436834832032522,0.6631572991609573,0.6254579126834869,0.5833333333333334,0.4583333333333333,0.3827655762434006,0.39993906766176224,0.37223438173532486,0.6666666666666666,0.4583333333333333,0.548773725827535,0.5541345924139023,0.5385891199111938,0.5416666666666666,0.4166666666666667,0.4096195846796036,0.4225117936730385,0.40180476009845734,0.5833333333333334,0.4166666666666667,0.577933227022489,0.6001903563737869,0.5597658753395081,0.5416666666666666,0.4166666666666667,0.7126787106196085,0.7050764560699463,0.727151945233345,0.5416666666666666,0.4166666666666667
144,1.387894829114278,1.3961665630340576,1.3921963274478912,0.6666666666666666,0.5416666666666666,0.9858978986740112,0.9930707216262817,0.9936131089925766,0.6666666666666666,0.6666666666666666,0.636016438404719,0.6623930037021637,0.602367103099823,0.7083333333333334,0.2916666666666667,0.38226623833179474,0.4021854102611542,0.3638099208474159,0.7083333333333334,0.2916666666666667,0.5416999856630961,0.5509974360466003,0.5249637961387634,0.75,0.2916666666666667,0.40486391882101697,0.42109768092632294,0.3900717794895172,0.75,0.3333333333333333,0.562880759437879,0.5941856652498245,0.5245086029171944,0.75,0.2916666666666667,0.7227274278799692,0.7095269858837128,0.746508315205574,0.75,0.2916666666666667
145,1.3951881726582844,1.3952697813510895,1.398709386587143,0.5416666666666666,0.5416666666666666,0.9963456094264984,0.9937451630830765,0.9980034530162811,0.4166666666666667,0.5416666666666666,0.5775990982850393,0.6329304873943329,0.5991225689649582,0.875,0.625,0.3471323053042094,0.3859511911869049,0.36040348559617996,0.8333333333333334,0.625,0.5157967905203501,0.5379648357629776,0.5302220582962036,0.875,0.625,0.38137678802013397,0.40419547259807587,0.3948768228292465,0.875,0.5833333333333334,0.5041966338952383,0.5553197860717773,0.5350256785750389,0.875,0.5833333333333334,0.7595265507698059,0.7280294448137283,0.7390176355838776,0.875,0.625
146,1.383639931678772,1.4014022052288055,1.4116376638412476,0.4583333333333333,0.7083333333333334,0.9846334159374237,0.9995353817939758,1.0130089223384857,0.5,0.8333333333333334,0.6425797442595164,0.7129693627357483,0.6300646960735321,0.7916666666666666,0.375,0.3873869876066844,0.4251451715826988,0.3802213594317436,0.75,0.4583333333333333,0.5412445366382599,0.5732171088457108,0.5355796813964844,0.8333333333333334,0.4166666666666667,0.3935910264650981,0.44280362129211426,0.39351528882980347,0.9583333333333334,0.4583333333333333,0.5500002006689707,0.6538535356521606,0.5406026616692543,0.8333333333333334,0.4583333333333333,0.7233650783697764,0.677957683801651,0.7314262241125107,0.8333333333333334,0.4166666666666667
147,1.3932828307151794,1.4072290658950806,1.3972391784191132,0.75,0.4583333333333333,0.9970512191454569,1.0122317671775818,1.0042307525873184,0.75,0.625,0.6357485751310984,0.6163746565580368,0.574807345867157,0.4166666666666667,0.2916666666666667,0.3805782347917557,0.37050580233335495,0.34813419729471207,0.4166666666666667,0.2916666666666667,0.5403591444094976,0.5316497981548309,0.5133316367864609,0.4166666666666667,0.2916666666666667,0.4066496640443802,0.4077503830194473,0.3806856945157051,0.4166666666666667,0.2916666666666667,0.567026769121488,0.5570005252957344,0.502864733338356,0.4166666666666667,0.2916666666666667,0.7246251801649729,0.7370149940252304,0.7630432546138763,0.4166666666666667,0.2916666666666667
148,1.404228667418162,1.4021378457546234,1.3985948860645294,0.5,0.375,1.0032562216122944,0.9988770484924316,0.9975241124629974,0.3333333333333333,0.375,0.6378766198952993,0.6704502552747726,0.5989155024290085,0.5833333333333334,0.2916666666666667,0.38294441004594165,0.39901646971702576,0.35720300674438477,0.5416666666666666,0.2916666666666667,0.541979119181633,0.5592989772558212,0.5257212743163109,0.5833333333333334,0.3333333333333333,0.4018745869398117,0.4282423406839371,0.39001358300447464,0.7083333333333334,0.375,0.5628262360890707,0.615763396024704,0.526736781001091,0.625,0.375,0.7223192950089773,0.6977182030677795,0.7454300671815872,0.5833333333333334,0.3333333333333333
149,1.4050548473993938,1.4038844108581543,1.402109056711197,0.5,0.4166666666666667,1.0025517344474792,1.0005905032157898,1.0002975910902023,0.5,0.5,0.6614801386992136,0.6627377420663834,0.647262379527092,0.4583333333333333,0.4583333333333333,0.3896597921848297,0.3958396837115288,0.38640760630369186,0.5,0.5,0.5562274555365244,0.5566259622573853,0.5502811819314957,0.4166666666666667,0.5,0.41623658935228985,0.42393092066049576,0.4112907573580742,0.5416666666666666,0.5,0.5974327772855759,0.6049303859472275,0.582782007753849,0.5,0.5,0.7020871142546335,0.7015392035245895,0.7105474770069122,0.4166666666666667,0.5
150,1.4061961770057678,1.3977137804031372,1.3939779996871948,0.25,0.25,1.0044354697068532,0.9940101653337479,0.9881140887737274,0.2916666666666667,0.2916666666666667,0.6612870494524637,0.67653027176857,0.5979301482439041,0.625,0.16666666666666666,0.39123692115147907,0.4157349467277527,0.3577389717102051,0.7916666666666666,0.25,0.5579814513524374,0.5617886483669281,0.5279977023601532,0.625,0.16666666666666666,0.41422146062056225,0.4374271407723427,0.3864135667681694,0.7916666666666666,0.2916666666666667,0.5929062167803446,0.6323210746049881,0.5251901969313622,0.7916666666666666,0.20833333333333334,0.6995978951454163,0.6942103803157806,0.7422131597995758,0.625,0.16666666666666666
151,1.3545051614443462,1.402323693037033,1.396852433681488,0.6666666666666666,0.6666666666666666,0.9702655971050262,1.0051112473011017,1.0049792230129242,0.75,0.6666666666666666,0.596391886472702,0.6264771819114685,0.6064995229244232,0.625,0.5416666666666666,0.36452725529670715,0.38149358332157135,0.37970563024282455,0.625,0.5833333333333334,0.5229872465133667,0.5357757657766342,0.5173397213220596,0.625,0.4583333333333333,0.3858008881409963,0.41122232377529144,0.3784443810582161,0.75,0.5,0.5173859546581904,0.5642811059951782,0.5051076039671898,0.7083333333333334,0.4583333333333333,0.7493022282918295,0.7311535030603409,0.7573374509811401,0.625,0.4583333333333333
152,1.4111605882644653,1.3959503471851349,1.4025642573833466,0.20833333333333334,0.2916666666666667,1.0148340861002605,0.9965497851371765,1.0096804797649384,0.20833333333333334,0.4583333333333333,0.6061413288116455,0.6508234739303589,0.5552022755146027,0.7916666666666666,0.3333333333333333,0.3633391857147217,0.39522983133792877,0.3412771299481392,0.8333333333333334,0.375,0.5306813766558965,0.5446727573871613,0.5048295930027962,0.6666666666666666,0.3333333333333333,0.3942652593056361,0.4092874601483345,0.3697228655219078,0.625,0.3333333333333333,0.5371789584557215,0.5708805918693542,0.4828883707523346,0.625,0.3333333333333333,0.7383694847424825,0.7184987217187881,0.7751183956861496,0.6666666666666666,0.3333333333333333
153,1.392250378926595,1.4097742438316345,1.3977738916873932,0.7083333333333334,0.5416666666666666,0.9937411844730377,1.0198614597320557,1.0011042207479477,0.8333333333333334,0.5416666666666666,0.6332625945409139,0.6424363851547241,0.6109079569578171,0.5416666666666666,0.375,0.38669754068056744,0.3971991762518883,0.37522366642951965,0.5416666666666666,0.3333333333333333,0.5375315050284067,0.5453302562236786,0.5282448530197144,0.5416666666666666,0.4583333333333333,0.3975277990102768,0.4182315245270729,0.4008879065513611,0.625,0.5,0.5501289566357931,0.5859644412994385,0.5439516082406044,0.625,0.5,0.7286554972330729,0.7175831347703934,0.7418570220470428,0.5416666666666666,0.4583333333333333
154,1.3939616680145264,1.4025027751922607,1.3995355665683746,0.5416666666666666,0.5,1.0051013231277466,1.001223385334015,1.0068762749433517,0.5,0.5,0.5678360760211945,0.6581528782844543,0.5384853705763817,0.9166666666666666,0.375,0.34639879564444226,0.3954025134444237,0.33672071248292923,0.9166666666666666,0.4166666666666667,0.5079329311847687,0.5467043668031693,0.4938542917370796,0.875,0.2916666666666667,0.37123118837674457,0.42128026485443115,0.3572005555033684,0.9166666666666666,0.2916666666666667,0.48519160350163776,0.5912552028894424,0.455774687230587,0.9166666666666666,0.25,0.7706996699174246,0.715611606836319,0.7907000333070755,0.875,0.2916666666666667
155,1.3896456360816956,1.3886863887310028,1.4101954102516174,0.2916666666666667,0.75,0.9865012665589651,0.9814315289258957,1.0098655372858047,0.3333333333333333,0.75,0.6412439544995626,0.6750327050685883,0.617342084646225,0.625,0.375,0.3820821891228358,0.40463920682668686,0.3719429448246956,0.7083333333333334,0.4166666666666667,0.5452036658922831,0.5574193149805069,0.5308884158730507,0.625,0.375,0.40900593996047974,0.42715632915496826,0.3882487639784813,0.7916666666666666,0.3333333333333333,0.571201021472613,0.6118907928466797,0.5329714864492416,0.75,0.3333333333333333,0.7177486220995585,0.7004016637802124,0.738081693649292,0.625,0.375
156,1.3598653078079224,1.3972423076629639,1.4012004137039185,0.5,0.75,0.9704899489879608,0.995304062962532,1.0051285326480865,0.5416666666666666,0.75,0.626233329375585,0.6520470529794693,0.5615604221820831,0.625,0.25,0.37653038402398425,0.3902509734034538,0.342605359852314,0.625,0.25,0.5384663144747416,0.5464382320642471,0.5111277997493744,0.5833333333333334,0.25,0.39501606424649555,0.4131995812058449,0.3720541000366211,0.5833333333333334,0.2916666666666667,0.5474770764509836,0.5782717913389206,0.49130556732416153,0.5833333333333334,0.25,0.7273175120353699,0.7159988284111023,0.7661672532558441,0.5833333333333334,0.25
157,1.3945181568463643,1.4025110006332397,1.3997843563556671,0.3333333333333333,0.25,1.0002529819806416,0.9967216104269028,0.996705025434494,0.20833333333333334,0.25,0.6678154766559601,0.7041338980197906,0.6587215662002563,0.75,0.5,0.3994671255350113,0.41264186799526215,0.39574848860502243,0.625,0.5,0.5529410044352213,0.5718531608581543,0.549922913312912,0.75,0.5,0.40993569791316986,0.43736952543258667,0.4017701894044876,0.7916666666666666,0.4166666666666667,0.5829609433809916,0.6449431478977203,0.5690071508288383,0.75,0.4166666666666667,0.70674400528272,0.6798849701881409,0.7110345959663391,0.75,0.5
158,1.3506649533907573,1.404902696609497,1.3971720039844513,0.625,0.5,0.9568501313527426,1.002298265695572,0.9905319362878799,0.625,0.5,0.6581222812334696,0.688811182975769,0.6719388216733932,0.625,0.5416666666666666,0.38894852499167126,0.40981432795524597,0.40046577900648117,0.7083333333333334,0.6666666666666666,0.5546596844991049,0.5723379254341125,0.5638365596532822,0.625,0.6666666666666666,0.4179864426453908,0.4368324726819992,0.42562972009181976,0.625,0.4583333333333333,0.5957334140936533,0.643798291683197,0.6166897416114807,0.625,0.4583333333333333,0.7043255468209585,0.6792086362838745,0.6912733018398285,0.625,0.6666666666666666
159,1.388670841852824,1.4073199927806854,1.394158273935318,0.75,0.20833333333333334,0.9918213188648224,1.0047517865896225,0.9906332939863205,0.7083333333333334,0.4166666666666667,0.6489593982696533,0.6907501518726349,0.5969471782445908,0.6666666666666666,0.16666666666666666,0.3848570982615153,0.4114430993795395,0.3632643148303032,0.75,0.20833333333333334,0.5515672564506531,0.5647867918014526,0.5236605033278465,0.6666666666666666,0.16666666666666666,0.41234861811002094,0.4393019527196884,0.385948970913887,0.75,0.20833333333333334,0.5857104311386744,0.6381492912769318,0.5178041309118271,0.7083333333333334,0.16666666666666666,0.7087162832419077,0.6899362057447433,0.748368889093399,0.6666666666666666,0.16666666666666666
160,1.3955004612604778,1.4019133746623993,1.393667310476303,0.625,0.4583333333333333,0.9936268031597137,0.9981667995452881,0.9901287257671356,0.625,0.4583333333333333,0.6437406837940216,0.6731799691915512,0.6107746511697769,0.6666666666666666,0.2916666666666667,0.3868354856967926,0.39893754571676254,0.366626113653183,0.625,0.3333333333333333,0.5434447924296061,0.5588090270757675,0.5334325581789017,0.6666666666666666,0.375,0.401987964908282,0.4235217049717903,0.39409472793340683,0.75,0.4166666666666667,0.5605041235685349,0.6080595999956131,0.5399722903966904,0.75,0.4166666666666667,0.7202481031417847,0.6984191387891769,0.734459638595581,0.6666666666666666,0.375
161,1.3890122373898823,1.412929356098175,1.3931158185005188,0.9583333333333334,0.6666666666666666,0.9911832412083944,1.0140498578548431,0.9938412755727768,0.8333333333333334,0.7083333333333334,0.6047021994988123,0.7199320942163467,0.5420986190438271,1.0,0.2916666666666667,0.3707440396149953,0.43069571256637573,0.33305541425943375,0.9166666666666666,0.2916666666666667,0.5244380136330923,0.5779528468847275,0.49657994508743286,1.0,0.2916666666666667,0.3909922242164612,0.4439208060503006,0.35658058151602745,1.0,0.3333333333333333,0.5285367916027705,0.662135660648346,0.46330930292606354,1.0,0.3333333333333333,0.7472588817278544,0.6711980849504471,0.7868271619081497,1.0,0.2916666666666667
162,1.367897351582845,1.4013115167617798,1.4060427844524384,0.5416666666666666,0.625,0.9734573264916738,0.997737929224968,1.0075196623802185,0.625,0.75,0.6509089767932892,0.7033921629190445,0.6384511888027191,0.7083333333333334,0.4583333333333333,0.3819512873888016,0.4251072034239769,0.37875593453645706,0.7916666666666666,0.5,0.5479674885670344,0.5696449875831604,0.5450789034366608,0.5833333333333334,0.4583333333333333,0.39797137180964154,0.42417025566101074,0.40390439331531525,0.5,0.5416666666666666,0.5655714968840281,0.621628001332283,0.5651744306087494,0.5416666666666666,0.5,0.7138227423032125,0.6830275654792786,0.717936635017395,0.5833333333333334,0.4583333333333333
163,1.3984438975652058,1.4074870944023132,1.406066358089447,0.6666666666666666,0.6666666666666666,0.9966376821200053,1.0073538273572922,1.0055295825004578,0.75,0.7083333333333334,0.6620954871177673,0.6731443554162979,0.6681671142578125,0.5833333333333334,0.5416666666666666,0.3893047720193863,0.3964682072401047,0.3963426649570465,0.5833333333333334,0.7083333333333334,0.5541667540868124,0.555643767118454,0.5590288490056992,0.5416666666666666,0.5416666666666666,0.4098958820104599,0.42095647007226944,0.4157988429069519,0.625,0.5416666666666666,0.5823654234409332,0.5999682396650314,0.5961648970842361,0.5416666666666666,0.5416666666666666,0.7050129870573679,0.702932596206665,0.6981109529733658,0.5416666666666666,0.5416666666666666
164,1.3857684135437012,1.4033057987689972,1.408868432044983,0.4166666666666667,0.5833333333333334,0.9849081337451935,1.0014334470033646,1.0108564794063568,0.6666666666666666,0.75,0.6836305658022562,0.6829563081264496,0.6100919842720032,0.5,0.0,0.4046462078889211,0.4039826765656471,0.36343764513731003,0.3333333333333333,0.041666666666666664,0.5620580116907755,0.5649455636739731,0.5301505550742149,0.5833333333333334,0.0,0.4223375419775645,0.4277721047401428,0.3888409733772278,0.5833333333333334,0.08333333333333333,0.6093257566293081,0.6210375428199768,0.5288258343935013,0.625,0.08333333333333333,0.6937962075074514,0.6896998584270477,0.7391368448734283,0.5833333333333334,0.0
165,1.392936070760091,1.3950128853321075,1.4249590039253235,0.5,0.9583333333333334,0.999961276849111,0.9876563847064972,1.0389401614665985,0.16666666666666666,0.9166666666666666,0.582424114147822,0.6634650826454163,0.5857351273298264,1.0,0.375,0.35436204572518665,0.3971908986568451,0.35030241310596466,0.875,0.25,0.5154533882935842,0.5585783869028091,0.5195054113864899,1.0,0.3333333333333333,0.3778723180294037,0.42912557721138,0.38596147298812866,1.0,0.375,0.5035961717367172,0.6144183725118637,0.5117103606462479,1.0,0.375,0.7600292265415192,0.6987433284521103,0.7542592883110046,1.0,0.3333333333333333
166,1.3945860862731934,1.4012202620506287,1.4071717262268066,0.5,0.6666666666666666,0.9889061252276102,0.9931934773921967,1.005295529961586,0.5833333333333334,0.875,0.6656995912392935,0.7427352517843246,0.6204945296049118,0.875,0.20833333333333334,0.39651376008987427,0.45202363282442093,0.37512127310037613,0.875,0.2916666666666667,0.5597817103068033,0.5873195230960846,0.5393325537443161,0.8333333333333334,0.25,0.41362857818603516,0.4511743411421776,0.39549072831869125,0.8333333333333334,0.25,0.5962934891382853,0.6883582323789597,0.5467707738280296,0.8333333333333334,0.25,0.6970425844192505,0.6579173058271408,0.7260970622301102,0.8333333333333334,0.25
167,1.4030147790908813,1.4033204913139343,1.395186424255371,0.4166666666666667,0.25,1.0027425289154053,1.0053111761808395,0.9925546199083328,0.5833333333333334,0.2916666666666667,0.6224071184794108,0.6277080029249191,0.6050852686166763,0.4166666666666667,0.4583333333333333,0.3776878813902537,0.37445081025362015,0.37003645300865173,0.3333333333333333,0.4166666666666667,0.5369129429260889,0.5395683497190475,0.5245663225650787,0.4166666666666667,0.4166666666666667,0.4054353137811025,0.40853938460350037,0.3895481005311012,0.4166666666666667,0.4166666666666667,0.5613013654947281,0.5636969804763794,0.529042661190033,0.4166666666666667,0.4166666666666667,0.7295352816581726,0.7257518023252487,0.7470664829015732,0.4166666666666667,0.4166666666666667
168,1.384340763092041,1.3957653045654297,1.4052996039390564,0.5833333333333334,0.7916666666666666,0.9948707322279612,0.9929973185062408,1.012615442276001,0.4166666666666667,0.7083333333333334,0.5740215480327606,0.6565220355987549,0.5636707544326782,1.0,0.375,0.3452017307281494,0.4056272655725479,0.34115222841501236,0.9583333333333334,0.4166666666666667,0.5102138568957647,0.5463214367628098,0.5097328051924706,1.0,0.4583333333333333,0.3782222221295039,0.4109271466732025,0.37656932324171066,0.875,0.375,0.493759885430336,0.5746597647666931,0.49093593657016754,0.9583333333333334,0.4166666666666667,0.7674711048603058,0.7161489278078079,0.7681399881839752,1.0,0.4583333333333333
169,1.4001110593477886,1.4002435207366943,1.401149034500122,0.5416666666666666,0.5,0.9965527057647705,0.9945382624864578,1.0009593814611435,0.5,0.5416666666666666,0.6437784334023794,0.7249528169631958,0.5953842848539352,0.75,0.20833333333333334,0.38344790538152057,0.43398987501859665,0.3570009544491768,0.9166666666666666,0.16666666666666666,0.5402720719575882,0.576994925737381,0.5198427885770798,0.8333333333333334,0.2916666666666667,0.39912696679433185,0.4404873549938202,0.3792790248990059,0.7916666666666666,0.3333333333333333,0.5576295405626297,0.6562354564666748,0.5096575766801834,0.7083333333333334,0.3333333333333333,0.7247496942679087,0.6725763529539108,0.7537744790315628,0.8333333333333334,0.2916666666666667
170,1.4021150469779968,1.395967274904251,1.3836430609226227,0.4166666666666667,0.3333333333333333,1.003389577070872,0.9873932749032974,0.9864238351583481,0.3333333333333333,0.3333333333333333,0.6274717499812444,0.7056879997253418,0.6327192932367325,0.8333333333333334,0.4583333333333333,0.3706127653519313,0.4206237345933914,0.3751678466796875,0.875,0.4583333333333333,0.5355507284402847,0.5734817385673523,0.5421794354915619,0.875,0.4583333333333333,0.3994986017545064,0.4468711167573929,0.40880922228097916,0.875,0.4583333333333333,0.5525748431682587,0.660605400800705,0.5676724016666412,0.875,0.4583333333333333,0.7314665615558624,0.6775795668363571,0.7220412045717239,0.875,0.4583333333333333
171,1.4043962160746257,1.4028963148593903,1.403807133436203,0.5,0.5416666666666666,1.000589370727539,0.9987848997116089,0.9998632073402405,0.375,0.5833333333333334,0.6834293901920319,0.6859577149152756,0.6416462063789368,0.5,0.25,0.4038945237795512,0.4134947955608368,0.38350004702806473,0.625,0.25,0.5638834536075592,0.5599578022956848,0.5428668111562729,0.375,0.20833333333333334,0.4300581713517507,0.42997223883867264,0.40001722425222397,0.5,0.20833333333333334,0.6232795218626658,0.6183431297540665,0.5570162758231163,0.4583333333333333,0.20833333333333334,0.6912005643049876,0.6967903822660446,0.721060574054718,0.375,0.20833333333333334
172,1.3981611728668213,1.4103783667087555,1.4021285772323608,0.7916666666666666,0.625,0.9964482883612314,1.0098984837532043,1.0021249204874039,0.75,0.6666666666666666,0.6360236008961996,0.6734968274831772,0.615581288933754,0.625,0.4166666666666667,0.39310937623182934,0.40866392105817795,0.37384942173957825,0.5833333333333334,0.375,0.5375066349903742,0.5584226995706558,0.526078924536705,0.625,0.4583333333333333,0.396077036857605,0.41737891733646393,0.38156725466251373,0.5833333333333334,0.4166666666666667,0.551763728260994,0.6017049849033356,0.517233595252037,0.625,0.4166666666666667,0.7286892235279083,0.6989614069461823,0.74491186439991,0.625,0.4583333333333333
173,1.4048738082249959,1.3972452282905579,1.4138340950012207,0.375,0.75,0.9983100394407908,0.9896663874387741,1.0121313631534576,0.375,0.7916666666666666,0.6905884246031443,0.692167267203331,0.6347148716449738,0.5,0.16666666666666666,0.411615510781606,0.4104958847165108,0.37801264226436615,0.4583333333333333,0.16666666666666666,0.5676200787226359,0.5689662843942642,0.5438388586044312,0.375,0.20833333333333334,0.4231585015853246,0.4317564070224762,0.40129540860652924,0.5416666666666666,0.20833333333333334,0.6208095649878184,0.6319051384925842,0.5588918328285217,0.5,0.20833333333333334,0.6859059532483419,0.6839917451143265,0.7196897715330124,0.375,0.20833333333333334
174,1.390561282634735,1.4001166820526123,1.4104230105876923,0.25,0.625,0.9900161822636923,0.9966342598199844,1.0103685408830643,0.4583333333333333,0.6666666666666666,0.6626080969969431,0.6889378279447556,0.6695444732904434,0.7083333333333334,0.5416666666666666,0.39204105238119763,0.4073880538344383,0.39209190756082535,0.6666666666666666,0.5,0.5574373503526052,0.5651705116033554,0.5587720274925232,0.625,0.5833333333333334,0.413673202196757,0.4300655350089073,0.4172079488635063,0.75,0.5,0.5943826039632162,0.6264346987009048,0.5976978987455368,0.7083333333333334,0.5416666666666666,0.700365831454595,0.6893954277038574,0.6984755396842957,0.625,0.5833333333333334
175,1.396639307339986,1.3911745250225067,1.4101832807064056,0.375,0.75,0.9949249227841696,0.9863081574440002,1.015051394701004,0.25,0.7916666666666666,0.6286908686161041,0.6375216543674469,0.5829541087150574,0.5416666666666666,0.375,0.3756335824728012,0.37577469646930695,0.35124048590660095,0.5416666666666666,0.375,0.5383266905943552,0.5445182770490646,0.5177245289087296,0.5833333333333334,0.375,0.3991897950569789,0.4118260070681572,0.3774760141968727,0.5833333333333334,0.375,0.5557742317517599,0.5758489295840263,0.5057403743267059,0.5833333333333334,0.375,0.727517326672872,0.7187282145023346,0.7567880004644394,0.5833333333333334,0.375
176,1.3766154448191326,1.4036839306354523,1.4125431180000305,0.5833333333333334,0.6666666666666666,0.981497049331665,0.9990137815475464,1.0167419910430908,0.5,0.6666666666666666,0.6516647239526113,0.7168095111846924,0.5959553122520447,0.75,0.20833333333333334,0.39701900879542035,0.4343627616763115,0.3622044026851654,0.7916666666666666,0.25,0.5436379512151083,0.5731928646564484,0.5171535462141037,0.75,0.20833333333333334,0.4030415415763855,0.4338977262377739,0.3730563223361969,0.7916666666666666,0.20833333333333334,0.5666231364011765,0.6423937231302261,0.4981292188167572,0.75,0.20833333333333334,0.7199788689613342,0.6779808104038239,0.7576074004173279,0.75,0.20833333333333334
177,1.387654443581899,1.4028481543064117,1.3710737228393555,0.625,0.375,0.990632951259613,1.0008379966020584,0.9751210808753967,0.625,0.3333333333333333,0.6809970835844675,0.6444700509309769,0.6083712726831436,0.2916666666666667,0.2916666666666667,0.41555725534756977,0.3932478204369545,0.3678710013628006,0.3333333333333333,0.25,0.5607785334189733,0.541694238781929,0.5317597836256027,0.25,0.25,0.41990576187769574,0.41024962067604065,0.38830285519361496,0.375,0.25,0.6128167162338892,0.5712427347898483,0.5322242602705956,0.2916666666666667,0.25,0.695618599653244,0.7227421551942825,0.7368414252996445,0.25,0.25
178,1.404743254184723,1.4036235213279724,1.3989600837230682,0.5416666666666666,0.2916666666666667,1.00329985221227,1.0017255991697311,0.9969777017831802,0.5,0.3333333333333333,0.6277910868326823,0.6450117230415344,0.5701600164175034,0.5416666666666666,0.25,0.38154850403467816,0.38714509457349777,0.35368919372558594,0.5,0.3333333333333333,0.5374841094017029,0.5435980260372162,0.507168598473072,0.5,0.25,0.4032496561606725,0.4074167236685753,0.3735958933830261,0.5,0.25,0.5600821326176325,0.5697153806686401,0.48959799855947495,0.5,0.25,0.728717436393102,0.7200259268283844,0.7717986553907394,0.5,0.25
179,1.3969713648160298,1.3914245665073395,1.3924818634986877,0.3333333333333333,0.375,0.9987079302469889,0.9880677759647369,0.9926095306873322,0.2916666666666667,0.4166666666666667,0.6116591642300288,0.6503698974847794,0.6399661600589752,0.5416666666666666,0.5,0.36738212406635284,0.3882315680384636,0.39433658868074417,0.5,0.6666666666666666,0.5334829191366831,0.549015074968338,0.5417367815971375,0.5,0.4583333333333333,0.3899124662081401,0.41579654812812805,0.4101087525486946,0.5833333333333334,0.6666666666666666,0.5358082006374995,0.5874668806791306,0.5700409561395645,0.5416666666666666,0.5833333333333334,0.7343991994857788,0.7123373448848724,0.7226897925138474,0.5,0.4583333333333333
180,1.372569739818573,1.399168461561203,1.4064215123653412,0.4583333333333333,0.5833333333333334,0.9830584029356638,0.9923966228961945,1.0111215710639954,0.4166666666666667,0.625,0.6186692118644714,0.7283672392368317,0.6050187349319458,1.0,0.2916666666666667,0.37842731674512226,0.4338250309228897,0.36541586369276047,0.9166666666666666,0.375,0.5336398432652155,0.5825376510620117,0.5336070954799652,1.0,0.4166666666666667,0.39322734872500104,0.4480993300676346,0.3964969217777252,1.0,0.4166666666666667,0.5371069262425104,0.6747423708438873,0.5405254364013672,1.0,0.375,0.7341756820678711,0.6646896153688431,0.7342203259468079,1.0,0.4166666666666667
181,1.356055756409963,1.4023230075836182,1.3937087655067444,0.625,0.25,0.9707005421320597,1.0013517886400223,0.9883129298686981,0.5833333333333334,0.3333333333333333,0.6660990516344706,0.7034986168146133,0.6495829820632935,0.7916666666666666,0.375,0.39271900554498035,0.4184308648109436,0.3915289491415024,0.8333333333333334,0.4166666666666667,0.5582577983538309,0.5688408613204956,0.5486916750669479,0.75,0.2916666666666667,0.41932686666647595,0.42670730501413345,0.4161330312490463,0.6666666666666666,0.375,0.6016733547051748,0.6254979223012924,0.5857079178094864,0.6666666666666666,0.3333333333333333,0.6992113788922628,0.684160590171814,0.7128054201602936,0.75,0.2916666666666667
182,1.3801039656003316,1.4017424285411835,1.394101768732071,0.5,0.375,0.9858195781707764,0.9996490776538849,0.9925867021083832,0.5833333333333334,0.4583333333333333,0.6467661162217458,0.6703745275735855,0.6063892543315887,0.6666666666666666,0.25,0.3879052648941676,0.39935673028230667,0.3622481971979141,0.625,0.20833333333333334,0.5492545266946157,0.5578361749649048,0.5286115929484367,0.5833333333333334,0.2916666666666667,0.40898361802101135,0.42538032680749893,0.3908047676086426,0.7083333333333334,0.375,0.5765503694613775,0.6094018667936325,0.5307776778936386,0.625,0.3333333333333333,0.7120010356108347,0.6998122334480286,0.7413297891616821,0.5833333333333334,0.2916666666666667
183,1.3739044864972432,1.4112287759780884,1.3908920884132385,0.5833333333333334,0.375,0.9831219613552094,1.0098851025104523,0.9908938109874725,0.5833333333333334,0.375,0.6408024330933889,0.6567110568284988,0.612747386097908,0.5833333333333334,0.375,0.38670213520526886,0.39219804108142853,0.36644019186496735,0.5833333333333334,0.375,0.5415066778659821,0.558900460600853,0.5327324271202087,0.6666666666666666,0.375,0.39986124138037366,0.4204966574907303,0.3909516781568527,0.7083333333333334,0.3333333333333333,0.5572339942057928,0.6026924699544907,0.5350271761417389,0.6666666666666666,0.3333333333333333,0.7229935526847839,0.6982919424772263,0.735456719994545,0.6666666666666666,0.375
184,1.3937619527180989,1.4069765508174896,1.4043614566326141,0.8333333333333334,0.625,0.992351621389389,1.0044669210910797,0.9987091571092606,0.875,0.5833333333333334,0.6827574471632639,0.7364024072885513,0.6626174747943878,0.7916666666666666,0.3333333333333333,0.4047386795282364,0.44513291120529175,0.39062435179948807,0.875,0.3333333333333333,0.5661709904670715,0.5825244635343552,0.5585765540599823,0.625,0.2916666666666667,0.42575202882289886,0.4462675452232361,0.41645773500204086,0.6666666666666666,0.3333333333333333,0.6224573999643326,0.6727561801671982,0.5969312489032745,0.625,0.2916666666666667,0.6879676481088003,0.6647255569696426,0.6987470090389252,0.625,0.2916666666666667
185,1.3943602244059246,1.3983795940876007,1.399491399526596,0.4166666666666667,0.5833333333333334,0.9978147049744924,0.9959692060947418,1.0003945380449295,0.4583333333333333,0.625,0.6299612522125244,0.6771630495786667,0.6260711699724197,0.75,0.375,0.37998631596565247,0.4013982266187668,0.3797895535826683,0.6666666666666666,0.4166666666666667,0.5369299898544947,0.5651290565729141,0.5349574089050293,0.75,0.4583333333333333,0.39034822086493176,0.4259611964225769,0.38792481273412704,0.7916666666666666,0.5,0.5390479614337286,0.6187995821237564,0.5307670757174492,0.7916666666666666,0.5,0.7294912934303284,0.689439058303833,0.7323058247566223,0.75,0.4583333333333333
186,1.4045463800430298,1.4072137475013733,1.414014607667923,0.5,0.5416666666666666,1.0138420462608337,1.0002954006195068,1.0162372291088104,0.3333333333333333,0.5,0.6863548755645752,0.7115600109100342,0.6741270869970322,0.5416666666666666,0.375,0.4055151343345642,0.4212137758731842,0.40569276362657547,0.5416666666666666,0.5,0.5660166889429092,0.5803194344043732,0.5606051385402679,0.5,0.3333333333333333,0.42473913232485455,0.4423385560512543,0.4200802445411682,0.625,0.2916666666666667,0.6248791962862015,0.6632633358240128,0.6046241372823715,0.5833333333333334,0.375,0.6881816685199738,0.6678604185581207,0.6958746165037155,0.5,0.3333333333333333
187,1.3817317684491475,1.4186953604221344,1.411918580532074,0.9166666666666666,0.8333333333333334,0.967731108268102,1.0159764885902405,1.0071440935134888,0.875,0.8333333333333334,0.7174164056777954,0.734860822558403,0.6760940849781036,0.5416666666666666,0.20833333333333334,0.42663371562957764,0.45023537427186966,0.3967016935348511,0.625,0.16666666666666666,0.5788842737674713,0.5825847834348679,0.5639702677726746,0.5416666666666666,0.2916666666666667,0.4277692437171936,0.4469820708036423,0.4160447120666504,0.6666666666666666,0.3333333333333333,0.6429383158683777,0.6770480871200562,0.6044243425130844,0.5833333333333334,0.2916666666666667,0.6698968509833018,0.664651483297348,0.6910815536975861,0.5416666666666666,0.2916666666666667
188,1.4018584688504536,1.401824802160263,1.3978623449802399,0.5416666666666666,0.25,1.0007433593273163,0.9984957426786423,0.9961454570293427,0.375,0.375,0.651478091875712,0.6884005963802338,0.6582531929016113,0.75,0.625,0.3945247381925583,0.4066871553659439,0.39479486644268036,0.6666666666666666,0.5833333333333334,0.5451523860295614,0.5653619021177292,0.5488260835409164,0.75,0.6666666666666666,0.4053320288658142,0.43197449296712875,0.40997041016817093,0.7916666666666666,0.7083333333333334,0.5668705453475317,0.6302836835384369,0.5789601877331734,0.7916666666666666,0.7083333333333334,0.7178089320659637,0.6891071945428848,0.7125956118106842,0.75,0.6666666666666666
189,1.374688406785329,1.4133992493152618,1.3934302628040314,0.5833333333333334,0.25,0.983000655968984,1.0133391320705414,0.9893317967653275,0.625,0.2916666666666667,0.5897963841756185,0.6146923154592514,0.6467112004756927,0.6666666666666666,0.9166666666666666,0.35195954144001007,0.370077446103096,0.387325644493103,0.7916666666666666,0.9166666666666666,0.524166668454806,0.5370602756738663,0.5507373362779617,0.6666666666666666,0.8333333333333334,0.38522661725680035,0.4073871746659279,0.4146627187728882,0.8333333333333334,0.8333333333333334,0.5172882278760275,0.558790534734726,0.5851449817419052,0.75,0.7916666666666666,0.7476447323958079,0.7293301373720169,0.7098856568336487,0.6666666666666666,0.8333333333333334
190,1.4038083950678508,1.4022679328918457,1.4097065925598145,0.3333333333333333,0.5416666666666666,1.0029743512471516,0.9958513528108597,1.0087586343288422,0.2916666666666667,0.5416666666666666,0.6081366936365763,0.7061219215393066,0.6264825761318207,0.875,0.5416666666666666,0.3696225732564926,0.4237637594342232,0.38103943318128586,0.875,0.5416666666666666,0.5271139442920685,0.5722364038228989,0.5398896783590317,0.875,0.5833333333333334,0.38778971632321674,0.43765296041965485,0.396637000143528,0.9166666666666666,0.5416666666666666,0.5251890867948532,0.64578577876091,0.5497435703873634,0.9166666666666666,0.5416666666666666,0.7434434394041697,0.6793184578418732,0.7252849340438843,0.875,0.5833333333333334
191,1.3949535489082336,1.4110046923160553,1.3987841606140137,0.6666666666666666,0.16666666666666666,0.9924774964650472,1.0078296661376953,0.9917485564947128,0.7083333333333334,0.20833333333333334,0.6848538815975189,0.7054309546947479,0.6394452750682831,0.6666666666666666,0.25,0.4036160260438919,0.41658566892147064,0.3884752690792084,0.6666666666666666,0.3333333333333333,0.5659937262535095,0.5786309242248535,0.543220266699791,0.6666666666666666,0.20833333333333334,0.41955671707789105,0.44211434572935104,0.3982667103409767,0.7916666666666666,0.2916666666666667,0.612468014160792,0.6599172949790955,0.5557740852236748,0.7083333333333334,0.25,0.6882233321666718,0.670269250869751,0.7205819189548492,0.6666666666666666,0.20833333333333334
192,1.4024175802866619,1.4081340432167053,1.408373773097992,0.5416666666666666,0.625,0.9943431119124094,1.001644343137741,1.0157237350940704,0.5833333333333334,0.7083333333333334,0.6508998175462087,0.6849640011787415,0.6211134791374207,0.5833333333333334,0.375,0.3849393129348755,0.40270207822322845,0.3689466267824173,0.5416666666666666,0.3333333333333333,0.5517343680063883,0.5703470706939697,0.5405798107385635,0.625,0.3333333333333333,0.40613245964050293,0.4343705400824547,0.39767783880233765,0.7083333333333334,0.5,0.578510915239652,0.6373951733112335,0.5525160133838654,0.6666666666666666,0.4166666666666667,0.7084676623344421,0.6820382326841354,0.7243334054946899,0.625,0.3333333333333333
193,1.394475797812144,1.4065207839012146,1.4049943089485168,0.5833333333333334,0.5,0.9991922179857889,1.002307504415512,1.0029517114162445,0.5833333333333334,0.5833333333333334,0.6603381037712097,0.7287779599428177,0.6398472487926483,1.0,0.375,0.38880204657713574,0.43356940150260925,0.3776213005185127,1.0,0.375,0.560647447903951,0.5807668119668961,0.549148753285408,0.875,0.375,0.42026016116142273,0.4490501135587692,0.41031720489263535,1.0,0.375,0.6057309408982595,0.6735779196023941,0.5783118456602097,0.9166666666666666,0.375,0.6958161095778147,0.6672231405973434,0.7121534943580627,0.875,0.375
194,1.3768591284751892,1.4002304077148438,1.3648124039173126,0.75,0.4583333333333333,0.9837366243203481,0.9979516565799713,0.966513991355896,0.625,0.4583333333333333,0.5839947064717611,0.6806428283452988,0.5927076488733292,1.0,0.5,0.35782187183698017,0.4022662416100502,0.37815696001052856,0.9583333333333334,0.625,0.5201537758111954,0.5600420236587524,0.5100695937871933,0.9583333333333334,0.375,0.3832644820213318,0.43112584203481674,0.36574359983205795,0.9583333333333334,0.2916666666666667,0.5104708174864451,0.6204509884119034,0.47979917377233505,0.9583333333333334,0.2916666666666667,0.7533428370952606,0.6966562271118164,0.7676670998334885,0.9583333333333334,0.375
195,1.403127392133077,1.398341566324234,1.4152496755123138,0.375,0.75,1.0030498802661896,0.9986485987901688,1.0204606354236603,0.4583333333333333,0.6666666666666666,0.6545423418283463,0.6526937335729599,0.6376786679029465,0.4166666666666667,0.375,0.395927573243777,0.4196297377347946,0.3866768851876259,0.5416666666666666,0.4166666666666667,0.547361378868421,0.5404044836759567,0.5434093624353409,0.4166666666666667,0.375,0.4092146009206772,0.41778117418289185,0.4064843878149986,0.5416666666666666,0.375,0.582936609784762,0.584088072180748,0.5664886385202408,0.4583333333333333,0.4166666666666667,0.7146849632263184,0.7245872169733047,0.7202929556369781,0.4166666666666667,0.375
196,1.3881187041600545,1.4068827033042908,1.3650583624839783,0.9166666666666666,0.25,0.994691421588262,1.0148471891880035,0.9761621654033661,0.8333333333333334,0.20833333333333334,0.6144023835659027,0.6417978405952454,0.5650316700339317,0.5833333333333334,0.3333333333333333,0.3801847000916799,0.40882672369480133,0.3677244484424591,0.625,0.4166666666666667,0.5263183911641439,0.533867359161377,0.4970545470714569,0.5416666666666666,0.3333333333333333,0.4017419417699178,0.40477100014686584,0.36857862770557404,0.5,0.2916666666666667,0.5473459462324778,0.554406151175499,0.477115735411644,0.5,0.3333333333333333,0.744563510020574,0.7338429838418961,0.786161407828331,0.5416666666666666,0.3333333333333333
197,1.3791497151056926,1.396061897277832,1.397985577583313,0.5833333333333334,0.625,0.985025018453598,0.9959406107664108,1.0050090849399567,0.5,0.625,0.5975668430328369,0.6462203562259674,0.5967053025960922,0.7083333333333334,0.5,0.3776012857755025,0.39194362610578537,0.3928280621767044,0.625,0.5833333333333334,0.5115894625584284,0.5424990504980087,0.5052808299660683,0.7916666666666666,0.4166666666666667,0.3788811018069585,0.4152067080140114,0.36719921976327896,0.7916666666666666,0.3333333333333333,0.4998157223065694,0.5770695209503174,0.4757378548383713,0.7916666666666666,0.3333333333333333,0.7654979228973389,0.7215766757726669,0.7744583487510681,0.7916666666666666,0.4166666666666667
198,1.390194038550059,1.4045043587684631,1.4026429951190948,0.5416666666666666,0.5,0.9907882412274679,1.0042953938245773,1.0011281371116638,0.625,0.5416666666666666,0.6507345587015152,0.6678692847490311,0.6087280362844467,0.5,0.25,0.3893926590681076,0.41172534227371216,0.36759239435195923,0.5833333333333334,0.25,0.5489903042713801,0.5522057414054871,0.5337006151676178,0.4583333333333333,0.2916666666666667,0.40737097958723706,0.4178653806447983,0.39142899960279465,0.5,0.2916666666666667,0.579155350724856,0.5911506712436676,0.5350878313183784,0.5416666666666666,0.2916666666666667,0.7123660743236542,0.7078144401311874,0.7340861856937408,0.4583333333333333,0.2916666666666667
199,1.3736167152722676,1.4017373025417328,1.3994158804416656,0.625,0.5416666666666666,0.9786714514096578,1.0048673003911972,1.005020022392273,0.7083333333333334,0.6666666666666666,0.630302627881368,0.6206697672605515,0.6093582063913345,0.5,0.375,0.38622644543647766,0.378865584731102,0.38096752762794495,0.5,0.3333333333333333,0.5309228152036667,0.5305645912885666,0.5192521587014198,0.5416666666666666,0.4166666666666667,0.3958037694295247,0.3967776894569397,0.37650369107723236,0.5416666666666666,0.375,0.542456696430842,0.5415176972746849,0.5020488947629929,0.5833333333333334,0.375,0.7380385398864746,0.7385431826114655,0.75461545586586,0.5416666666666666,0.4166666666666667
200,1.3898330728212993,1.390293449163437,1.3970316052436829,0.16666666666666666,0.2916666666666667,0.9974664549032847,0.9854036271572113,0.9988969564437866,0.16666666666666666,0.375,0.659294456243515,0.6622845232486725,0.6350554823875427,0.625,0.5,0.3916709820429484,0.3987792208790779,0.3783213570713997,0.6666666666666666,0.5,0.5542295376459757,0.5533729791641235,0.5448995754122734,0.5416666666666666,0.5,0.41769302388032276,0.42037560790777206,0.4054238349199295,0.5833333333333334,0.5,0.5933304925759634,0.5991095826029778,0.5705909356474876,0.5833333333333334,0.5,0.7049198051293691,0.7061461508274078,0.7181739807128906,0.5416666666666666,0.5
201,1.390615741411845,1.3995932042598724,1.4002599716186523,0.2916666666666667,0.3333333333333333,0.9944916764895121,1.0002414286136627,1.0015754699707031,0.3333333333333333,0.4166666666666667,0.6505758762359619,0.6151446998119354,0.642717719078064,0.2916666666666667,0.4583333333333333,0.38734811544418335,0.3912849873304367,0.38182901591062546,0.5416666666666666,0.4166666666666667,0.5503860910733541,0.5282612144947052,0.5464514642953873,0.2916666666666667,0.375,0.41774070759614307,0.39965785294771194,0.41144774854183197,0.3333333333333333,0.4166666666666667,0.5912430087725321,0.5406396314501762,0.5761097520589828,0.3333333333333333,0.375,0.7103953659534454,0.7418429404497147,0.7159834802150726,0.2916666666666667,0.375
202,1.3799625436464946,1.3940312266349792,1.4046194851398468,0.625,0.7916666666666666,0.9861782292524973,0.992228090763092,1.0114395916461945,0.625,0.7916666666666666,0.602053831020991,0.5842197984457016,0.5904829353094101,0.5416666666666666,0.4583333333333333,0.3745117386182149,0.35795309394598007,0.3640889376401901,0.375,0.4166666666666667,0.5220684260129929,0.5152853205800056,0.5187186375260353,0.5,0.4583333333333333,0.382205272714297,0.3848012685775757,0.38198380917310715,0.5,0.5416666666666666,0.5112917522589365,0.5125318095088005,0.5075641497969627,0.5,0.5416666666666666,0.7506030897299448,0.7602696865797043,0.7553725391626358,0.5,0.4583333333333333
203,1.383989413579305,1.4060246646404266,1.4060955345630646,0.75,0.6666666666666666,0.9792260726292928,1.005620613694191,1.0202103853225708,0.7916666666666666,0.6666666666666666,0.6284393469492594,0.6691166311502457,0.6264792531728745,0.5833333333333334,0.5,0.3738793730735779,0.39752016216516495,0.38854366540908813,0.6666666666666666,0.5416666666666666,0.5388237535953522,0.5585759729146957,0.5332828611135483,0.5833333333333334,0.4583333333333333,0.4027653982241948,0.43461116403341293,0.38880162686109543,0.7083333333333334,0.4166666666666667,0.5601568023363749,0.6231978535652161,0.5347872152924538,0.625,0.4166666666666667,0.7268125911553701,0.6987595707178116,0.7346840500831604,0.5833333333333334,0.4583333333333333
204,1.3863903085390727,1.3975895941257477,1.3880064487457275,0.5833333333333334,0.5,0.9961474736531576,1.0076711028814316,0.9976146370172501,0.625,0.5,0.5710837344328562,0.5495481491088867,0.5409721210598946,0.375,0.3333333333333333,0.348609060049057,0.33843524008989334,0.33508477360010147,0.4166666666666667,0.4166666666666667,0.5107122858365377,0.4986356943845749,0.49157674610614777,0.3333333333333333,0.25,0.3815588454405467,0.3820642977952957,0.3646683022379875,0.375,0.25,0.5006569723288218,0.48898637294769287,0.46022918820381165,0.3333333333333333,0.25,0.7667568425337473,0.7839353829622269,0.7939449697732925,0.3333333333333333,0.25
205,1.3992759784062703,1.4014842510223389,1.4010037779808044,0.5416666666666666,0.5833333333333334,0.9993583460648855,1.0029292553663254,1.0064692795276642,0.5833333333333334,0.625,0.6691292623678843,0.6445121020078659,0.6279195994138718,0.5416666666666666,0.3333333333333333,0.4109125981728236,0.3962941989302635,0.3866628035902977,0.5416666666666666,0.3333333333333333,0.555583655834198,0.5403702855110168,0.5359031334519386,0.5,0.4166666666666667,0.41706135869026184,0.4143138751387596,0.40718717873096466,0.625,0.375,0.5959411064783732,0.5809763595461845,0.5623243451118469,0.5833333333333334,0.4166666666666667,0.7029786705970764,0.7246291935443878,0.7309703081846237,0.5,0.4166666666666667
206,1.3898015419642131,1.3990188539028168,1.4052213430404663,0.75,0.9166666666666666,0.9939569930235544,1.0052935630083084,1.0165757238864899,0.75,1.0,0.5681567043066025,0.5731852352619171,0.5297602489590645,0.5416666666666666,0.4583333333333333,0.3471556802590688,0.34498246014118195,0.3262406885623932,0.5416666666666666,0.4583333333333333,0.5081852128108343,0.5139584317803383,0.495316281914711,0.5416666666666666,0.4583333333333333,0.37528230249881744,0.3931134343147278,0.3590804934501648,0.5416666666666666,0.4583333333333333,0.501583144068718,0.5202814862132072,0.46383558958768845,0.5416666666666666,0.4583333333333333,0.770342489083608,0.7621460109949112,0.7886254638433456,0.5416666666666666,0.4583333333333333
207,1.3803307215372722,1.4021353125572205,1.3790920078754425,0.5,0.5416666666666666,0.9854580958684286,1.0038406997919083,0.9868781715631485,0.5416666666666666,0.5,0.6213876903057098,0.6233305931091309,0.5790695175528526,0.5,0.2916666666666667,0.37382157643636066,0.38325703889131546,0.3598347082734108,0.5416666666666666,0.4583333333333333,0.532586857676506,0.5298684537410736,0.5083049461245537,0.4166666666666667,0.2916666666666667,0.3870789011319478,0.39371030777692795,0.36756207048892975,0.5416666666666666,0.375,0.5299560179313024,0.5357504710555077,0.4840969517827034,0.5,0.3333333333333333,0.7356704473495483,0.739547073841095,0.7701791971921921,0.4166666666666667,0.2916666666666667
208,1.3779743909835815,1.3922492563724518,1.3980830013751984,0.4166666666666667,0.4583333333333333,0.9802694519360861,0.9900349229574203,1.000733122229576,0.5,0.625,0.6323578755060831,0.592220738530159,0.5898301750421524,0.375,0.2916666666666667,0.37914060552914935,0.35675524920225143,0.3575625643134117,0.375,0.4166666666666667,0.5372103204329809,0.5230686813592911,0.5226555243134499,0.375,0.4166666666666667,0.4023892283439636,0.3931109085679054,0.3899294510483742,0.4166666666666667,0.4583333333333333,0.5585933874050776,0.5286690294742584,0.5230473503470421,0.4166666666666667,0.4583333333333333,0.7291087408860525,0.7492082864046097,0.7497855871915817,0.375,0.4166666666666667
209,1.3938586115837097,1.3932495415210724,1.385935217142105,0.4166666666666667,0.4583333333333333,1.0039870937665303,0.9906007498502731,0.9894350469112396,0.2916666666666667,0.375,0.5594623883565267,0.6520622074604034,0.5527814328670502,0.75,0.5,0.3344655434290568,0.38581547886133194,0.34041401743888855,0.75,0.5416666666666666,0.503040204445521,0.549601286649704,0.49382397532463074,0.875,0.4583333333333333,0.3657861799001694,0.42702730000019073,0.3590131849050522,0.875,0.4583333333333333,0.47774651149908703,0.6016241312026978,0.4555855840444565,0.875,0.4583333333333333,0.7776544094085693,0.7115001827478409,0.7907500267028809,0.875,0.4583333333333333
210,1.4065039157867432,1.3908782005310059,1.4015207886695862,0.0,0.4166666666666667,1.0060290296872456,0.9906516224145889,1.0030419528484344,0.0,0.4166666666666667,0.6536760926246643,0.6738955825567245,0.6158459931612015,0.5833333333333334,0.375,0.3926321466763814,0.403773695230484,0.395110048353672,0.5833333333333334,0.5,0.5493321021397909,0.5569962561130524,0.526020422577858,0.5416666666666666,0.25,0.4091984083255132,0.42304931581020355,0.38697612285614014,0.5833333333333334,0.375,0.5813588549693426,0.6067714989185333,0.5249226167798042,0.5833333333333334,0.2916666666666667,0.711881140867869,0.7009945511817932,0.7450151294469833,0.5416666666666666,0.25
211,1.3828223943710327,1.3944987952709198,1.3659017384052277,0.5833333333333334,0.3333333333333333,0.9910635054111481,0.9955227822065353,0.9753837287425995,0.625,0.2916666666666667,0.5982446620861689,0.7188780158758163,0.5719452649354935,0.8333333333333334,0.375,0.3597336858510971,0.43798447400331497,0.34109290689229965,0.875,0.375,0.517805611093839,0.5750608742237091,0.505280002951622,0.9166666666666666,0.375,0.38762321571509045,0.44133662432432175,0.3785581737756729,0.875,0.375,0.524203027288119,0.6536674797534943,0.4922589361667633,0.9166666666666666,0.375,0.7566785713036855,0.6753052920103073,0.7744625955820084,0.9166666666666666,0.375
212,1.3933770259221394,1.4002029299736023,1.3993209898471832,0.7083333333333334,0.6666666666666666,0.9884363114833832,0.9965492486953735,0.9965008646249771,0.7083333333333334,0.6666666666666666,0.6724011500676473,0.6587764620780945,0.6068126708269119,0.4166666666666667,0.20833333333333334,0.39985700448354083,0.3957611843943596,0.36330562829971313,0.4166666666666667,0.20833333333333334,0.5610443452994028,0.5540674924850464,0.5306307598948479,0.4166666666666667,0.20833333333333334,0.4179174204667409,0.4184638410806656,0.3867972642183304,0.5,0.25,0.6070157190163931,0.5955634117126465,0.5277604758739471,0.4583333333333333,0.25,0.6952460507551829,0.7051727920770645,0.7384642064571381,0.4166666666666667,0.20833333333333334
213,1.3928086757659912,1.402007818222046,1.3941933512687683,0.5416666666666666,0.5,0.9965599675973257,1.0026318430900574,0.9945168793201447,0.5,0.4583333333333333,0.6041061133146286,0.6702891290187836,0.6940261125564575,0.625,0.875,0.3606962983806928,0.4022020474076271,0.4312683418393135,0.625,0.9583333333333334,0.5275050501028696,0.5548434406518936,0.5527795255184174,0.625,0.5416666666666666,0.38448840876420337,0.4218469336628914,0.39767272770404816,0.625,0.5416666666666666,0.5268993377685547,0.6018413752317429,0.5661581680178642,0.625,0.5416666666666666,0.7428858975569407,0.7040570229291916,0.7069752812385559,0.625,0.5416666666666666
214,1.373782217502594,1.3986264765262604,1.4022957980632782,0.5,0.5,0.9823178251584371,0.9995740950107574,1.0053505599498749,0.5416666666666666,0.7916666666666666,0.6165006558100382,0.6017041057348251,0.6000106930732727,0.5416666666666666,0.375,0.3717067539691925,0.36487115919589996,0.36311666667461395,0.4583333333333333,0.375,0.5350630084673563,0.5251879394054413,0.5260036289691925,0.4166666666666667,0.2916666666666667,0.403594230612119,0.40119462460279465,0.39166757464408875,0.5,0.2916666666666667,0.5544519325097402,0.5405184030532837,0.5282747820019722,0.375,0.2916666666666667,0.7321624159812927,0.7461972683668137,0.7450244128704071,0.4166666666666667,0.2916666666666667
215,1.3939478000005086,1.4018022119998932,1.3910435736179352,0.625,0.3333333333333333,0.996059775352478,1.0046633780002594,0.9938865303993225,0.5833333333333334,0.3333333333333333,0.6284422228733698,0.6493058949708939,0.6062559932470322,0.5416666666666666,0.4583333333333333,0.3819849193096161,0.39776720851659775,0.3667896166443825,0.5833333333333334,0.3333333333333333,0.5341263165076574,0.5418652892112732,0.5281582772731781,0.5416666666666666,0.5,0.40147000551223755,0.4154159352183342,0.38757088780403137,0.625,0.3333333333333333,0.5535757044951121,0.5760419517755508,0.5269505754113197,0.5833333333333334,0.375,0.7334857980410258,0.7224937677383423,0.7419517636299133,0.5416666666666666,0.5
216,1.3620498379071553,1.4051653146743774,1.3876603245735168,0.5,0.16666666666666666,0.9758893748124441,1.0076761841773987,0.9931460320949554,0.5416666666666666,0.20833333333333334,0.6081587622563044,0.6545138955116272,0.555795855820179,0.5416666666666666,0.2916666666666667,0.37359338998794556,0.4007890745997429,0.3411145657300949,0.5,0.25,0.5266315788030624,0.5500584691762924,0.4996326193213463,0.5833333333333334,0.25,0.3926999668280284,0.42215460538864136,0.3647068738937378,0.625,0.2916666666666667,0.5404206415017446,0.5962791442871094,0.47375889867544174,0.625,0.2916666666666667,0.7441433767477671,0.710858553647995,0.7824954390525818,0.5833333333333334,0.25
217,1.3615548014640808,1.4041722118854523,1.4053804874420166,0.75,0.75,0.9694278538227081,1.0038853138685226,1.0144966095685959,0.7083333333333334,0.7916666666666666,0.604916051030159,0.6765789836645126,0.5852226614952087,0.8333333333333334,0.3333333333333333,0.364089032014211,0.4041092097759247,0.3580107092857361,0.875,0.375,0.528298502167066,0.5605393499135971,0.5166473761200905,0.7916666666666666,0.2916666666666667,0.3866540888945262,0.42844579368829727,0.37933149933815,0.9166666666666666,0.375,0.5247563471396764,0.6173591762781143,0.5013054832816124,0.9166666666666666,0.2916666666666667,0.7417642374833425,0.6959646046161652,0.7583333402872086,0.7916666666666666,0.2916666666666667
218,1.395188828309377,1.3970188796520233,1.4043077230453491,0.2916666666666667,0.4166666666666667,0.9978675345579783,0.995474636554718,1.0045324116945267,0.2916666666666667,0.5,0.6504712005456289,0.6715518087148666,0.6225886791944504,0.6666666666666666,0.375,0.3866696059703827,0.39782871305942535,0.3700300306081772,0.6666666666666666,0.3333333333333333,0.5514184534549713,0.5580921620130539,0.5381191670894623,0.5833333333333334,0.3333333333333333,0.40961791574954987,0.4280562028288841,0.400784432888031,0.75,0.375,0.5795912692944208,0.6127956807613373,0.5535455271601677,0.625,0.375,0.708924412727356,0.699447825551033,0.7278190106153488,0.5833333333333334,0.3333333333333333
219,1.3988144596417744,1.4073410630226135,1.4032428562641144,0.875,0.7083333333333334,0.9994126756985983,1.0091667473316193,1.0077510178089142,0.9583333333333334,0.75,0.6895800828933716,0.6545022577047348,0.6561183631420135,0.3333333333333333,0.3333333333333333,0.413286159435908,0.391112357378006,0.39847782999277115,0.3333333333333333,0.4166666666666667,0.5634873906771342,0.5540742725133896,0.5482233166694641,0.4583333333333333,0.375,0.424747829635938,0.4229995012283325,0.4066014289855957,0.4583333333333333,0.3333333333333333,0.6209180255730947,0.6030840575695038,0.5770532041788101,0.4583333333333333,0.3333333333333333,0.6917757987976074,0.7051528692245483,0.7134605497121811,0.4583333333333333,0.375
220,1.3841579357783,1.400059998035431,1.398402750492096,0.625,0.375,0.994034985701243,0.999791219830513,1.0004314631223679,0.5,0.4166666666666667,0.5696884294350942,0.6498354077339172,0.5907661020755768,0.7916666666666666,0.5416666666666666,0.3444594442844391,0.39459817111492157,0.36576616019010544,0.8333333333333334,0.625,0.5117718329032263,0.5464132726192474,0.5205452144145966,0.625,0.5416666666666666,0.38055482506752014,0.42385781556367874,0.38395707309246063,0.8333333333333334,0.5,0.5033432145913442,0.5935048162937164,0.5117728412151337,0.7083333333333334,0.5,0.7652553419272105,0.7160368710756302,0.752773642539978,0.625,0.5416666666666666
221,1.3916385769844055,1.4064277410507202,1.3883869051933289,0.5416666666666666,0.20833333333333334,0.9966726501782736,1.006098136305809,0.9890235513448715,0.5,0.25,0.6248627404371897,0.6947115212678909,0.5882315412163734,0.625,0.4583333333333333,0.37501151363054913,0.41417747735977173,0.3565581887960434,0.6666666666666666,0.4583333333333333,0.5321777562300364,0.5668312907218933,0.5135821476578712,0.625,0.4166666666666667,0.39803383747736615,0.42990583181381226,0.3759152889251709,0.625,0.4166666666666667,0.5480852822462717,0.6274832040071487,0.5008948147296906,0.625,0.4166666666666667,0.7362448871135712,0.6870062053203583,0.7626702040433884,0.625,0.4166666666666667
222,1.3914478818575542,1.40005424618721,1.400446206331253,0.5416666666666666,0.4583333333333333,0.9899151027202606,1.000821977853775,1.000247284770012,0.5833333333333334,0.5833333333333334,0.6415129999319712,0.6364108324050903,0.6237184107303619,0.4583333333333333,0.3333333333333333,0.3809407949447632,0.37938564270734787,0.37270640581846237,0.4583333333333333,0.3333333333333333,0.5478114088376363,0.5470160990953445,0.5446410328149796,0.4166666666666667,0.375,0.4003383368253708,0.4147343933582306,0.39970143884420395,0.5833333333333334,0.375,0.5708926419417063,0.5826030671596527,0.5590247586369514,0.5833333333333334,0.375,0.7140465676784515,0.7151933014392853,0.7185524553060532,0.4166666666666667,0.375
223,1.4001397689183552,1.4099753499031067,1.3985841572284698,0.7083333333333334,0.5416666666666666,0.9986649056275686,1.0105957686901093,1.001418486237526,0.75,0.5416666666666666,0.6387913624445597,0.6440451890230179,0.5908292382955551,0.4583333333333333,0.3333333333333333,0.37969184915224713,0.390375092625618,0.3628961145877838,0.5416666666666666,0.4583333333333333,0.5446302245060602,0.5448255091905594,0.5160780549049377,0.4583333333333333,0.25,0.40472064912319183,0.4114963784813881,0.371756836771965,0.5,0.20833333333333334,0.5682927171389262,0.5738654583692551,0.49529843032360077,0.5,0.20833333333333334,0.7185579737027487,0.7183012664318085,0.75913006067276,0.4583333333333333,0.25
224,1.3940235177675884,1.396423101425171,1.4053767025470734,0.4166666666666667,0.625,0.9977336724599203,0.9968025386333466,1.010954201221466,0.4166666666666667,0.6666666666666666,0.6220534940560659,0.664646252989769,0.6068571656942368,0.625,0.4166666666666667,0.37732162078221637,0.3968193978071213,0.3641354739665985,0.5833333333333334,0.4166666666666667,0.535982276002566,0.5543695539236069,0.5289030373096466,0.625,0.4166666666666667,0.4035082459449768,0.4248136132955551,0.39728929102420807,0.625,0.4166666666666667,0.5597411940495173,0.6050727516412735,0.5399176627397537,0.625,0.4166666666666667,0.7308585246404012,0.7047168761491776,0.7409044504165649,0.625,0.4166666666666667
225,1.4009748299916585,1.4017956852912903,1.4012877345085144,0.5416666666666666,0.625,1.0074855089187622,1.0048382580280304,1.0062023997306824,0.375,0.4166666666666667,0.6050772468249003,0.6279163211584091,0.5913390815258026,0.5833333333333334,0.16666666666666666,0.3612947463989258,0.3843075707554817,0.3672841414809227,0.7083333333333334,0.5,0.5306998689969381,0.536704882979393,0.5157763212919235,0.5416666666666666,0.16666666666666666,0.3945487191279729,0.41237808763980865,0.38360562920570374,0.625,0.20833333333333334,0.5371284236510595,0.5666337162256241,0.5054500326514244,0.5833333333333334,0.16666666666666666,0.7383613884449005,0.7298374474048615,0.7595666646957397,0.5416666666666666,0.16666666666666666
226,1.4036883314450581,1.3960020840168,1.3915636539459229,0.25,0.08333333333333333,1.0111744403839111,0.9978701323270798,0.9988318383693695,0.16666666666666666,0.16666666666666666,0.5585672010978063,0.6188119798898697,0.5377824753522873,0.8333333333333334,0.4583333333333333,0.34195422132809955,0.3734361082315445,0.327474944293499,0.8333333333333334,0.5,0.5028707434733709,0.5349661931395531,0.49968283623456955,0.7916666666666666,0.5,0.3633136550585429,0.40641116350889206,0.3637283369898796,0.875,0.5,0.4717010458310445,0.557964138686657,0.46945322304964066,0.8333333333333334,0.5,0.7778865694999695,0.7322907447814941,0.7824369668960571,0.7916666666666666,0.5
227,1.4032354752222698,1.3983167707920074,1.1425874009728432,0.3333333333333333,0.1875,1.0013746321201324,0.9966909289360046,0.8047603033483028,0.3333333333333333,0.2708333333333333,0.6546087165673574,0.6433971077203751,0.5241266936063766,0.4583333333333333,0.375,0.3946903149286906,0.38729429990053177,0.31963619589805603,0.4583333333333333,0.4166666666666667,0.5481821000576019,0.5475556403398514,0.48641225695610046,0.4583333333333333,0.4166666666666667,0.4068186928828557,0.4164806380867958,0.3367152437567711,0.5,0.375,0.5875064382950465,0.5889768078923225,0.46358740143477917,0.4583333333333333,0.375,0.713525633017222,0.7144143730401993,0.8012820035219193,0.4583333333333333,0.4166666666666667
228,1.4005750219027202,1.4005649089813232,1.3908111453056335,0.4583333333333333,0.16666666666666666,0.9984074036280314,1.00058214366436,0.9912876933813095,0.5,0.2916666666666667,0.6217949092388153,0.5925126671791077,0.5690972954034805,0.375,0.3333333333333333,0.3760976294676463,0.3587702736258507,0.3461340516805649,0.3333333333333333,0.3333333333333333,0.5389750401178995,0.5266272649168968,0.5139872282743454,0.3333333333333333,0.3333333333333333,0.4008183827002843,0.39626527577638626,0.3786986246705055,0.4166666666666667,0.375,0.5568670978148779,0.5369465947151184,0.5061693489551544,0.4166666666666667,0.3333333333333333,0.7266026536623637,0.7441582977771759,0.762115404009819,0.3333333333333333,0.3333333333333333
229,1.3879356384277344,1.4112238883972168,1.4038077294826508,0.75,0.5833333333333334,0.9968172510464987,1.0146338939666748,1.007655918598175,0.75,0.625,0.5820172925790151,0.6270423382520676,0.57977494597435,0.75,0.4583333333333333,0.350135197242101,0.38510919362306595,0.34650397300720215,0.8333333333333334,0.4583333333333333,0.5169994781414667,0.5308105498552322,0.517828181385994,0.5416666666666666,0.4583333333333333,0.38553255796432495,0.40418560802936554,0.38486748188734055,0.5833333333333334,0.5,0.51378366847833,0.5487872585654259,0.5123042166233063,0.5833333333333334,0.4583333333333333,0.7578176458676656,0.7381959855556488,0.7566391974687576,0.5416666666666666,0.4583333333333333
230,1.3983149528503418,1.4003240764141083,1.4155909419059753,0.375,0.625,0.9947514533996582,0.9962935447692871,1.0214224606752396,0.4166666666666667,0.7083333333333334,0.6504198610782623,0.6368385851383209,0.6549713909626007,0.4166666666666667,0.5416666666666666,0.39569759368896484,0.3832477405667305,0.39349254220724106,0.20833333333333334,0.5,0.5502593616644541,0.5448796302080154,0.5532088428735733,0.5,0.625,0.41017377376556396,0.41244177520275116,0.4173009768128395,0.5,0.5833333333333334,0.5792678594589233,0.575535848736763,0.5935025066137314,0.5,0.5833333333333334,0.7105570733547211,0.7182165682315826,0.7063837498426437,0.4583333333333333,0.625
231,1.4064873059590657,1.4072296917438507,1.3988361358642578,0.5,0.3333333333333333,1.0035906930764515,1.0048256665468216,0.9941726177930832,0.5,0.2916666666666667,0.6341095566749573,0.6514492183923721,0.5764839202165604,0.6666666666666666,0.16666666666666666,0.3771308163801829,0.38827452808618546,0.3515768423676491,0.6666666666666666,0.16666666666666666,0.5449534058570862,0.552285760641098,0.5164358392357826,0.7083333333333334,0.16666666666666666,0.4120150605837504,0.42075084149837494,0.3798889070749283,0.5833333333333334,0.25,0.5755204409360886,0.5964519381523132,0.5039234310388565,0.6666666666666666,0.16666666666666666,0.7181027432282766,0.7076912075281143,0.7586296796798706,0.7083333333333334,0.16666666666666666
232,1.4052219986915588,1.3959675431251526,1.4055939614772797,0.20833333333333334,0.4583333333333333,1.0084511538346608,0.993693009018898,1.0055893063545227,0.125,0.4583333333333333,0.6478367646535238,0.6659084260463715,0.6065590381622314,0.625,0.2916666666666667,0.38724079728126526,0.4007197991013527,0.36528775840997696,0.625,0.2916666666666667,0.5480218927065531,0.5572846382856369,0.5322451815009117,0.5833333333333334,0.4166666666666667,0.4022180438041687,0.4265739545226097,0.38602547347545624,0.8333333333333334,0.375,0.5657122929890951,0.6106830537319183,0.5292373672127724,0.75,0.375,0.7137494285901388,0.7006054818630219,0.7361548691987991,0.5833333333333334,0.4166666666666667
233,1.3805758158365886,1.392887443304062,1.3953699469566345,0.25,0.25,0.9873835345109304,0.9884939789772034,0.9922605752944946,0.25,0.2916666666666667,0.6108158926169077,0.6754815727472305,0.5887032151222229,0.8333333333333334,0.25,0.36867014070351917,0.40734294801950455,0.35570403188467026,0.75,0.2916666666666667,0.5301613410313925,0.5618342906236649,0.5194294676184654,0.8333333333333334,0.25,0.3908722748359044,0.4233657568693161,0.38774340599775314,0.875,0.5416666666666666,0.531312882900238,0.6113819926977158,0.5167680978775024,0.8333333333333334,0.5,0.7391172846158346,0.6941200345754623,0.7543874680995941,0.8333333333333334,0.25
234,1.3985287348429363,1.3994505107402802,1.3964768648147583,0.5,0.4166666666666667,0.9934792121251425,0.9954826980829239,0.9920920729637146,0.5833333333333334,0.375,0.6863326529661814,0.6765159368515015,0.6800203770399094,0.4166666666666667,0.4166666666666667,0.40203338861465454,0.4047517701983452,0.4110274985432625,0.4583333333333333,0.625,0.5673584838708242,0.5611522346735001,0.559200793504715,0.25,0.375,0.42946309844652814,0.4271571412682533,0.4145289361476898,0.375,0.2916666666666667,0.6276072959105173,0.6147239953279495,0.597138524055481,0.25,0.3333333333333333,0.6862762570381165,0.695097953081131,0.6978698223829269,0.25,0.375
235,1.388885776201884,1.4057871103286743,1.3915541172027588,0.5833333333333334,0.4166666666666667,1.0003727674484253,1.0086424946784973,0.9890463799238205,0.6666666666666666,0.2916666666666667,0.6052424112955729,0.6315326541662216,0.5683165043592453,0.5833333333333334,0.2916666666666667,0.3630479425191879,0.37556225806474686,0.34549950808286667,0.5833333333333334,0.2916666666666667,0.5279535005489985,0.5393842160701752,0.5109396874904633,0.5833333333333334,0.2916666666666667,0.384069561958313,0.41232016682624817,0.3700942173600197,0.7083333333333334,0.3333333333333333,0.5217606822649637,0.5689564049243927,0.48629219084978104,0.625,0.3333333333333333,0.742262452840805,0.72602978348732,0.7664363235235214,0.5833333333333334,0.2916666666666667
236,1.387383242448171,1.4070523083209991,1.40193572640419,0.7916666666666666,0.7083333333333334,0.9922801355520884,1.0054431557655334,0.9993258714675903,0.7916666666666666,0.75,0.6308173338572184,0.6991821229457855,0.5995520502328873,0.75,0.4583333333333333,0.3746723582347234,0.41695116460323334,0.3573365807533264,0.7916666666666666,0.4166666666666667,0.5395856300989786,0.5688938051462173,0.5279337540268898,0.6666666666666666,0.4166666666666667,0.3998647878567378,0.44053609669208527,0.388178788125515,0.7083333333333334,0.4583333333333333,0.5569288929303488,0.6466785818338394,0.5283857583999634,0.7083333333333334,0.4583333333333333,0.725728303194046,0.6841030269861221,0.7422902584075928,0.6666666666666666,0.4166666666666667
237,1.400045096874237,1.4111021161079407,1.4062376618385315,0.6666666666666666,0.5416666666666666,1.0003883143266041,1.0114507973194122,1.0076799392700195,0.5833333333333334,0.625,0.630104680856069,0.6490475833415985,0.6543767005205154,0.5833333333333334,0.625,0.38142923017342883,0.3876524195075035,0.40449387580156326,0.4583333333333333,0.7083333333333334,0.5356730024019877,0.5480475872755051,0.5412898287177086,0.625,0.5416666666666666,0.404487743973732,0.4212031587958336,0.4061460420489311,0.5833333333333334,0.5416666666666666,0.5564765830834707,0.5905886888504028,0.5661816820502281,0.5833333333333334,0.5416666666666666,0.7312771479288737,0.7137072533369064,0.7233085185289383,0.625,0.5416666666666666
238,1.3992538452148438,1.403062492609024,1.4020485281944275,0.5,0.4583333333333333,1.000259667634964,1.0060031414031982,0.9990922063589096,0.7083333333333334,0.4583333333333333,0.6397986710071564,0.6262294352054596,0.6515112370252609,0.375,0.5833333333333334,0.3947670559088389,0.3832020238041878,0.3976186662912369,0.375,0.5416666666666666,0.536641538143158,0.5309459120035172,0.5503175407648087,0.4166666666666667,0.8333333333333334,0.3984955350557963,0.4030578136444092,0.41363753378391266,0.5416666666666666,0.75,0.546441783507665,0.5479582846164703,0.5827304720878601,0.4166666666666667,0.8333333333333334,0.729912281036377,0.7380224466323853,0.7104780375957489,0.4166666666666667,0.8333333333333334
239,1.3959232767422993,1.406213492155075,1.399851143360138,0.7083333333333334,0.5416666666666666,0.995843380689621,1.0042832046747208,1.0014411211013794,0.625,0.5833333333333334,0.6980189979076385,0.6976640820503235,0.611632451415062,0.5,0.25,0.42207566897074383,0.4153357669711113,0.3769833371043205,0.5,0.3333333333333333,0.5696440239747366,0.5723122656345367,0.5267601013183594,0.5833333333333334,0.25,0.4297446260849635,0.4367164224386215,0.39135880768299103,0.5416666666666666,0.20833333333333334,0.6349605719248453,0.6462008506059647,0.5378295704722404,0.5416666666666666,0.20833333333333334,0.6830132702986399,0.6792325228452682,0.743966594338417,0.5833333333333334,0.25
240,1.3134203453858693,1.3981408178806305,1.4021768271923065,0.5416666666666666,0.5416666666666666,0.9358093738555908,0.9911585599184036,0.9996644705533981,0.5,0.5416666666666666,0.6360100507736206,0.7012130320072174,0.6461402475833893,0.75,0.4166666666666667,0.3811604678630829,0.4286123290657997,0.38738980144262314,0.8333333333333334,0.4583333333333333,0.5401928226153055,0.5677498430013657,0.5457785427570343,0.7083333333333334,0.375,0.3970169375340144,0.4255363345146179,0.410247839987278,0.7083333333333334,0.4166666666666667,0.5537213236093521,0.6241302043199539,0.5736024379730225,0.7083333333333334,0.4166666666666667,0.7248747944831848,0.6857142746448517,0.716928705573082,0.7083333333333334,0.375
241,1.3906262914339702,1.4005807042121887,1.399866908788681,0.7916666666666666,0.7916666666666666,0.986159602801005,1.0018294155597687,0.9981454610824585,0.875,0.7916666666666666,0.6574750145276388,0.7128556370735168,0.6222456991672516,0.75,0.2916666666666667,0.3991950800021489,0.4240885078907013,0.3756778687238693,0.75,0.25,0.5458975632985433,0.5741237699985504,0.5358849465847015,0.75,0.375,0.4042613357305527,0.443745382130146,0.39647169411182404,0.8333333333333334,0.4166666666666667,0.5673179477453232,0.6572841703891754,0.5449481755495071,0.8333333333333334,0.4166666666666667,0.7167549928029379,0.6766680181026459,0.7309875637292862,0.75,0.375
242,1.396918773651123,1.3937738835811615,1.398763656616211,0.5416666666666666,0.5833333333333334,1.0009986658891041,0.9994072318077087,1.0065952986478806,0.5,0.5833333333333334,0.6431304117043813,0.6065389513969421,0.5957767367362976,0.375,0.2916666666666667,0.396002138654391,0.36983156204223633,0.3715391084551811,0.3333333333333333,0.375,0.5358986258506775,0.5233744233846664,0.5161069259047508,0.4166666666666667,0.2916666666666667,0.4022467682758967,0.40172966569662094,0.38834722340106964,0.4166666666666667,0.3333333333333333,0.5620862245559692,0.539518378674984,0.5168395936489105,0.4583333333333333,0.3333333333333333,0.7309747735659281,0.7487744987010956,0.7590932846069336,0.4166666666666667,0.2916666666666667
243,1.3770803213119507,1.4005626738071442,1.394448846578598,0.5833333333333334,0.5416666666666666,0.9874430596828461,1.0035958141088486,1.0010730475187302,0.5416666666666666,0.5,0.5798587103684744,0.6124288439750671,0.5840003937482834,0.6666666666666666,0.5416666666666666,0.3568029850721359,0.36606327444314957,0.36264511942863464,0.625,0.5833333333333334,0.513313834865888,0.5277933701872826,0.5151569247245789,0.625,0.5416666666666666,0.38123201827208203,0.40139487385749817,0.38539279997348785,0.6666666666666666,0.5833333333333334,0.5022963881492615,0.5421060472726822,0.5126209780573845,0.6666666666666666,0.5833333333333334,0.7630414366722107,0.7424770593643188,0.7604403495788574,0.625,0.5416666666666666
244,1.3984133005142212,1.4027270674705505,1.3925770819187164,0.5833333333333334,0.2916666666666667,0.9945177535216013,1.0028883069753647,0.9858337342739105,0.625,0.3333333333333333,0.6495452622572581,0.6631417274475098,0.6309262365102768,0.4583333333333333,0.3333333333333333,0.39204883575439453,0.3952228054404259,0.383698970079422,0.4583333333333333,0.4583333333333333,0.5466958582401276,0.5549646317958832,0.5346772596240044,0.5,0.3333333333333333,0.40319788455963135,0.42385997623205185,0.3932720795273781,0.5833333333333334,0.4166666666666667,0.5701732784509659,0.6036795824766159,0.5412723571062088,0.5416666666666666,0.375,0.7156248092651367,0.7038887739181519,0.7327172309160233,0.5,0.3333333333333333
245,1.391131321589152,1.4017995595932007,1.3833885192871094,0.5,0.3333333333333333,0.9973920484383901,1.0023998767137527,0.9843108654022217,0.5,0.2916666666666667,0.6503958304723104,0.654231607913971,0.6418583244085312,0.5416666666666666,0.4166666666666667,0.3844260275363922,0.39453087747097015,0.39500100910663605,0.5833333333333334,0.5416666666666666,0.5460680027802786,0.5527110248804092,0.5384008958935738,0.5833333333333334,0.375,0.4062161942323049,0.42229363322257996,0.4040823355317116,0.5833333333333334,0.5,0.5713614175717036,0.5998421162366867,0.5592069700360298,0.5833333333333334,0.4583333333333333,0.7165153523286184,0.7070882171392441,0.7274212539196014,0.5833333333333334,0.375
246,1.4027193387349446,1.394719272851944,1.3963452875614166,0.3333333333333333,0.5,1.0019315381844838,0.9896611869335175,0.9943447858095169,0.2916666666666667,0.5,0.6186432043711344,0.7042507529258728,0.6074409484863281,0.875,0.5,0.3684976051251094,0.4194093123078346,0.37055882811546326,0.875,0.5,0.5396613578001658,0.5741439610719681,0.5308831110596657,0.875,0.5,0.40354493260383606,0.44071630388498306,0.3973677083849907,0.875,0.5,0.5608042031526566,0.6532341092824936,0.5459600687026978,0.875,0.5,0.7256379127502441,0.6766289472579956,0.7381029427051544,0.875,0.5
247,1.3774429162343342,1.3951560258865356,1.384633630514145,0.5416666666666666,0.3333333333333333,0.9796890219052633,0.9909824877977371,0.9828620105981827,0.5,0.4166666666666667,0.678110808134079,0.6773645877838135,0.6245344579219818,0.5,0.125,0.41334110498428345,0.4095076695084572,0.38233258575201035,0.375,0.125,0.5606893102327982,0.5573297142982483,0.5375125408172607,0.4166666666666667,0.16666666666666666,0.4177553604046504,0.42197297513484955,0.39791686832904816,0.5,0.20833333333333334,0.6018300255139669,0.6035504192113876,0.5469971001148224,0.5,0.16666666666666666,0.6957496702671051,0.7005365937948227,0.7286829203367233,0.4166666666666667,0.16666666666666666
248,1.4096842606862385,1.3934388160705566,1.4007781744003296,0.16666666666666666,0.2916666666666667,1.0119251608848572,0.9915205538272858,1.0033675134181976,0.16666666666666666,0.3333333333333333,0.6519783039887747,0.6828047633171082,0.5462912544608116,0.5833333333333334,0.20833333333333334,0.3930010199546814,0.4087100997567177,0.32938965409994125,0.5,0.20833333333333334,0.5465287019809087,0.5635037124156952,0.5016066431999207,0.5833333333333334,0.16666666666666666,0.40721551577250165,0.4318056255578995,0.3583837002515793,0.625,0.25,0.576762447754542,0.6255104094743729,0.47078441083431244,0.625,0.20833333333333334,0.7158609827359518,0.6917490512132645,0.7796876281499863,0.5833333333333334,0.16666666666666666
249,1.4002888401349385,1.4038775861263275,1.4121556878089905,0.5416666666666666,0.625,1.0016474425792694,1.0040675103664398,1.0164183974266052,0.4583333333333333,0.625,0.5781076153119405,0.6643595695495605,0.5965813994407654,1.0,0.6666666666666666,0.3446107755104701,0.3919313997030258,0.3601398393511772,1.0,0.8333333333333334,0.5157329539457957,0.5592194497585297,0.5214002430438995,1.0,0.5416666666666666,0.3762752612431844,0.43069320917129517,0.37861111015081406,1.0,0.5,0.49734310309092206,0.6172131597995758,0.5061465203762054,1.0,0.5,0.7596165537834167,0.6978417336940765,0.7515609860420227,1.0,0.5416666666666666
250,1.341876208782196,1.3976849913597107,1.3943329453468323,0.5416666666666666,0.5,0.9526737928390503,0.993598997592926,1.0003508776426315,0.5416666666666666,0.625,0.6452880203723907,0.6620685309171677,0.5928919762372971,0.625,0.16666666666666666,0.3797082304954529,0.3905882239341736,0.3535880446434021,0.5833333333333334,0.20833333333333334,0.5515825748443604,0.5551479607820511,0.5276254862546921,0.5416666666666666,0.16666666666666666,0.4135100295146306,0.4220760092139244,0.39121824502944946,0.5833333333333334,0.20833333333333334,0.5872283230225245,0.601577565073967,0.5284427106380463,0.5416666666666666,0.20833333333333334,0.7086911896864573,0.7036283314228058,0.7427310049533844,0.5416666666666666,0.16666666666666666
251,1.4029287099838257,1.4017549753189087,1.3899712562561035,0.4583333333333333,0.2916666666666667,1.0028786261876423,0.9982533901929855,0.9891249537467957,0.5416666666666666,0.375,0.6563999454180399,0.6837912052869797,0.6127326041460037,0.5833333333333334,0.16666666666666666,0.39246531824270886,0.4053962677717209,0.4035915359854698,0.5416666666666666,0.4583333333333333,0.5525684654712677,0.5630137026309967,0.5175404995679855,0.5833333333333334,0.125,0.41117329398790997,0.42765650898218155,0.37157362699508667,0.625,0.125,0.5841678828001022,0.6206678301095963,0.4933662861585617,0.5833333333333334,0.125,0.7072846790154775,0.692453145980835,0.7570635378360748,0.5833333333333334,0.125
252,1.3548702796300252,1.3952758610248566,1.3990563452243805,0.5416666666666666,0.625,0.9645349780718485,0.9951977431774139,1.0041305720806122,0.5833333333333334,0.75,0.631150503953298,0.6662335693836212,0.5686940848827362,0.7083333333333334,0.125,0.37113693356513977,0.3964766338467598,0.34389057755470276,0.7916666666666666,0.20833333333333334,0.5407774647076925,0.5633270591497421,0.5102119743824005,0.7083333333333334,0.16666666666666666,0.40285857021808624,0.4261507987976074,0.3710406869649887,0.6666666666666666,0.25,0.5587688634792963,0.6166068017482758,0.48634321242570877,0.7083333333333334,0.20833333333333334,0.7240405380725861,0.6919965296983719,0.7674664109945297,0.7083333333333334,0.16666666666666666
253,1.3881077567736309,1.4051751792430878,1.4089219868183136,0.6666666666666666,0.8333333333333334,0.9896358450253805,1.0039570480585098,1.013591080904007,0.6666666666666666,0.8333333333333334,0.6793939371903738,0.7147160619497299,0.6268952339887619,0.6666666666666666,0.16666666666666666,0.4015192687511444,0.42153655737638474,0.373382531106472,0.75,0.16666666666666666,0.5645805199941,0.580979511141777,0.5460610687732697,0.625,0.25,0.4236942032972972,0.44824984669685364,0.40674232691526413,0.6666666666666666,0.2916666666666667,0.6170554757118225,0.6721322238445282,0.5691704601049423,0.625,0.2916666666666667,0.690227190653483,0.6669302135705948,0.7165327370166779,0.625,0.25
254,1.3996094862620037,1.4087035655975342,1.410457044839859,0.6666666666666666,0.7916666666666666,1.0013692875703175,1.009033590555191,1.0166216492652893,0.6666666666666666,0.7916666666666666,0.6757573882738749,0.7132832109928131,0.6089256107807159,0.875,0.125,0.4097831646601359,0.4282798767089844,0.36820799857378006,0.75,0.125,0.5579348703225454,0.5728814750909805,0.5309408456087112,0.9166666666666666,0.08333333333333333,0.41721580425898236,0.43314529210329056,0.39233291149139404,0.7916666666666666,0.16666666666666666,0.5969048837820689,0.6388048827648163,0.5331011116504669,0.8333333333333334,0.16666666666666666,0.6996646126111349,0.6784266084432602,0.7380137592554092,0.9166666666666666,0.08333333333333333
255,1.3920597036679585,1.4071151316165924,1.3949928879737854,0.4166666666666667,0.4583333333333333,0.9999784628550211,1.0116404592990875,1.004458874464035,0.5416666666666666,0.4583333333333333,0.6295816202958425,0.6266357451677322,0.5820010900497437,0.375,0.4166666666666667,0.3792644490798314,0.37823453545570374,0.3561093360185623,0.4583333333333333,0.4583333333333333,0.5386243015527725,0.536405935883522,0.5087237805128098,0.375,0.375,0.40320021907488507,0.40954267233610153,0.3620384559035301,0.4583333333333333,0.375,0.5594722429911295,0.5609516203403473,0.4864380434155464,0.4166666666666667,0.3333333333333333,0.7271068096160889,0.7302581816911697,0.7695774585008621,0.375,0.375
256,1.4035081267356873,1.4017045199871063,1.3935030400753021,0.5,0.375,1.0060893694559734,1.0032636225223541,0.9961374700069427,0.5,0.4166666666666667,0.6236030360062917,0.6575626581907272,0.5704872906208038,0.7083333333333334,0.25,0.37434184551239014,0.4037545472383499,0.34953218698501587,0.7916666666666666,0.3333333333333333,0.5345130264759064,0.5500268489122391,0.5065067484974861,0.7083333333333334,0.25,0.39717379709084827,0.42324093729257584,0.37403497844934464,0.75,0.3333333333333333,0.5451947003602982,0.5969361364841461,0.48784680664539337,0.7083333333333334,0.3333333333333333,0.7329322695732117,0.7109100818634033,0.7727449685335159,0.7083333333333334,0.25
257,1.4031072457631428,1.407933533191681,1.40546253323555,0.5833333333333334,0.5,1.010412871837616,1.0079889446496964,1.0114819705486298,0.4166666666666667,0.5,0.5786997129519781,0.6757640987634659,0.5869487226009369,0.6666666666666666,0.5,0.3614462266365687,0.4029324799776077,0.35723452270030975,0.625,0.5,0.5109347651402155,0.5594659149646759,0.5150688514113426,0.75,0.5416666666666666,0.37853842477003735,0.43384675681591034,0.38227254897356033,0.8333333333333334,0.5416666666666666,0.5044335176547369,0.6229599267244339,0.5057572200894356,0.8333333333333334,0.5833333333333334,0.7664383550484976,0.6974814832210541,0.7605544924736023,0.75,0.5416666666666666
258,1.3934980829556782,1.4109960198402405,1.4029588997364044,0.625,0.4583333333333333,0.9914981226126353,1.0089163482189178,1.0023421943187714,0.6666666666666666,0.5416666666666666,0.6831463575363159,0.7360331118106842,0.6450613439083099,0.75,0.2916666666666667,0.4025902102390925,0.4487680420279503,0.3835398331284523,0.7916666666666666,0.3333333333333333,0.5695638259251913,0.5852731168270111,0.549308180809021,0.7083333333333334,0.2916666666666667,0.43207113444805145,0.4533483758568764,0.406715452671051,0.7916666666666666,0.20833333333333334,0.6349754432837168,0.6885382533073425,0.5727569013834,0.75,0.20833333333333334,0.6831442713737488,0.6608321219682693,0.7119228392839432,0.7083333333333334,0.2916666666666667
259,1.3875305652618408,1.3967998921871185,1.4147391021251678,0.8333333333333334,0.9166666666666666,0.990075687567393,0.9909090995788574,1.0215488970279694,0.5,0.875,0.5745372374852499,0.732848584651947,0.5827948153018951,1.0,0.375,0.3486964652935664,0.44154324382543564,0.3555513247847557,1.0,0.5,0.5019020587205887,0.5858725011348724,0.5134234875440598,1.0,0.4583333333333333,0.3609289179245631,0.45627302676439285,0.37793082743883133,1.0,0.5,0.46643316249052685,0.6916261166334152,0.4956614226102829,1.0,0.5,0.779261569182078,0.6599564999341965,0.7628895789384842,1.0,0.4583333333333333
260,1.3995830416679382,1.3974829316139221,1.4009599089622498,0.2916666666666667,0.4166666666666667,1.0031975607077281,0.9915485084056854,0.9994369149208069,0.25,0.4166666666666667,0.6596631606419882,0.7060430496931076,0.618922770023346,0.7083333333333334,0.25,0.3938020169734955,0.4313148409128189,0.3759795054793358,0.875,0.3333333333333333,0.5551243722438812,0.5753237754106522,0.5341483503580093,0.75,0.20833333333333334,0.4154259165128072,0.4406305402517319,0.3945601060986519,0.7083333333333334,0.25,0.5953745245933533,0.6536139696836472,0.5415423139929771,0.7083333333333334,0.20833333333333334,0.7036566833655039,0.6749588400125504,0.7334671914577484,0.75,0.20833333333333334
261,1.3954120675722759,1.3991231322288513,1.390855610370636,0.5416666666666666,0.3333333333333333,0.9909629921118418,0.9982080608606339,0.9885096997022629,0.625,0.4166666666666667,0.6167546212673187,0.6526132971048355,0.6248717233538628,0.625,0.5416666666666666,0.3720933198928833,0.39294852316379547,0.37636975198984146,0.625,0.5416666666666666,0.5313041905562083,0.5523373782634735,0.5325746461749077,0.625,0.5416666666666666,0.3874708116054535,0.42146913707256317,0.3880358934402466,0.7083333333333334,0.5416666666666666,0.533622995018959,0.5996469408273697,0.5395476743578911,0.7083333333333334,0.5416666666666666,0.7374931573867798,0.7076350301504135,0.7357000708580017,0.625,0.5416666666666666
262,1.3856831391652424,1.395312249660492,1.4069600403308868,0.5833333333333334,0.8333333333333334,0.9893720944722494,0.9974876344203949,1.0161109864711761,0.5833333333333334,0.9166666666666666,0.608339528242747,0.6606729477643967,0.5368679016828537,0.7083333333333334,0.2916666666666667,0.3683095872402191,0.4112165570259094,0.33204345405101776,0.75,0.2916666666666667,0.5281422932942709,0.5457904785871506,0.49517183005809784,0.7083333333333334,0.3333333333333333,0.3960762123266856,0.4089127629995346,0.3564906045794487,0.7083333333333334,0.375,0.5348015626271566,0.5722962394356728,0.4626826122403145,0.7083333333333334,0.375,0.7419927020867666,0.7169058918952942,0.7888264209032059,0.7083333333333334,0.3333333333333333
263,1.394301215807597,1.3949006795883179,1.3969206511974335,0.5416666666666666,0.625,0.995261033376058,0.9907765239477158,0.9983950555324554,0.3333333333333333,0.5833333333333334,0.6639486054579417,0.6355610191822052,0.6187905818223953,0.2916666666666667,0.3333333333333333,0.39297231535116833,0.3769378587603569,0.38728244602680206,0.4166666666666667,0.4583333333333333,0.5576463143030802,0.545057624578476,0.531107984483242,0.3333333333333333,0.25,0.42455252011617023,0.40986253321170807,0.40236347913742065,0.375,0.375,0.6099921961625417,0.5739865601062775,0.5502057150006294,0.375,0.375,0.7000752091407776,0.7179542928934097,0.7377923280000687,0.3333333333333333,0.25
264,1.372084657351176,1.4115710258483887,1.408177375793457,0.75,0.75,0.9740303556124369,1.0079778283834457,1.0060156732797623,0.875,0.75,0.6496884773174921,0.6949489116668701,0.629180058836937,0.625,0.4166666666666667,0.38629861176013947,0.41471731662750244,0.38426195830106735,0.6666666666666666,0.4583333333333333,0.5512536813815435,0.5741994082927704,0.5377049744129181,0.7083333333333334,0.4166666666666667,0.40615522861480713,0.43972814083099365,0.4001744017004967,0.8333333333333334,0.4166666666666667,0.5801657438278198,0.6510544866323471,0.554593063890934,0.75,0.4166666666666667,0.7091532448927561,0.6765682101249695,0.7284241616725922,0.7083333333333334,0.4166666666666667
265,1.3734124700228374,1.401723861694336,1.4087973237037659,1.0,0.7916666666666666,0.9720433155695597,0.9979321956634521,1.0074108093976974,1.0,0.7916666666666666,0.6512472033500671,0.675171822309494,0.6265227794647217,0.5833333333333334,0.4166666666666667,0.38587430616219837,0.39881542325019836,0.3768220320343971,0.5416666666666666,0.4583333333333333,0.5521214803059896,0.561254158616066,0.5354048386216164,0.5416666666666666,0.375,0.4148478110631307,0.42660336941480637,0.39372771233320236,0.5416666666666666,0.375,0.5899957170089086,0.6145371198654175,0.5480491518974304,0.5416666666666666,0.375,0.7079278031984965,0.694951519370079,0.7316782176494598,0.5416666666666666,0.375
266,1.3953728278477986,1.401270180940628,1.3945841193199158,0.5833333333333334,0.5,0.9957737723986307,1.003003254532814,0.9908634126186371,0.625,0.4166666666666667,0.6286581257979075,0.6186102628707886,0.640667125582695,0.4166666666666667,0.6666666666666666,0.37683795889218646,0.3716965392231941,0.38338419049978256,0.5,0.625,0.5382077644268671,0.5330388098955154,0.5466545596718788,0.375,0.7083333333333334,0.40007705986499786,0.4000117555260658,0.41127660870552063,0.4166666666666667,0.7083333333333334,0.552670548359553,0.5462640449404716,0.578741230070591,0.4166666666666667,0.7083333333333334,0.7276961207389832,0.7350414097309113,0.7156831920146942,0.375,0.7083333333333334
267,1.3882388869921367,1.410001963376999,1.4051100015640259,0.9166666666666666,0.75,0.9894419809182485,1.0050550550222397,1.005441665649414,0.6666666666666666,0.6666666666666666,0.6421684920787811,0.6985814273357391,0.619456335902214,0.6666666666666666,0.4583333333333333,0.3856145938237508,0.41614004224538803,0.3775761276483536,0.7083333333333334,0.4583333333333333,0.545282910267512,0.5726564973592758,0.5259140655398369,0.7083333333333334,0.4583333333333333,0.41147469977537793,0.4396345317363739,0.39023539423942566,0.7083333333333334,0.4583333333333333,0.5785450339317322,0.6493299156427383,0.5329844951629639,0.7083333333333334,0.4583333333333333,0.7176348368326823,0.6787418872117996,0.7451624870300293,0.7083333333333334,0.4583333333333333
268,1.3975647290547688,1.4009902775287628,1.407426655292511,0.5416666666666666,0.625,0.9895002444585165,0.9924640953540802,1.0023870915174484,0.5416666666666666,0.6666666666666666,0.7000000874201456,0.7676700949668884,0.6584560424089432,0.875,0.25,0.4096689224243164,0.468327559530735,0.3888324275612831,1.0,0.2916666666666667,0.5727288822333018,0.5973285138607025,0.5591438114643097,0.875,0.2916666666666667,0.42653543253739673,0.4626901298761368,0.41161034256219864,0.9583333333333334,0.3333333333333333,0.6306899189949036,0.7200766950845718,0.5928739011287689,0.9166666666666666,0.3333333333333333,0.6786521077156067,0.6436996906995773,0.6979493349790573,0.875,0.2916666666666667
269,1.3759971261024475,1.4036870300769806,1.3747485876083374,0.875,0.5416666666666666,0.9851950407028198,1.0072607845067978,0.9815161675214767,0.75,0.375,0.6103528439998627,0.623686820268631,0.5497224405407906,0.5,0.375,0.36885927120844525,0.37897754460573196,0.35414350032806396,0.5,0.4583333333333333,0.5309770603974661,0.5340505689382553,0.4939318001270294,0.5,0.25,0.3935675670703252,0.40445783734321594,0.36513860523700714,0.5,0.3333333333333333,0.5408673385779063,0.5525083243846893,0.4731820747256279,0.5,0.3333333333333333,0.7379617094993591,0.7336064577102661,0.7906180918216705,0.5,0.25
270,1.3948788444201152,1.4067293107509613,1.3964978754520416,0.6666666666666666,0.5833333333333334,1.0020665129025776,1.012340396642685,1.0006039291620255,0.6666666666666666,0.5833333333333334,0.5780157198508581,0.6370143741369247,0.5770792216062546,0.7083333333333334,0.5,0.3515930771827698,0.3865214139223099,0.35421521216630936,0.7916666666666666,0.5,0.5116153210401535,0.5388706773519516,0.5147931575775146,0.6666666666666666,0.5833333333333334,0.38319719831148785,0.4052256718277931,0.38079918920993805,0.7083333333333334,0.5,0.5054026047388712,0.5587873309850693,0.5030214041471481,0.6666666666666666,0.5,0.7654758294423422,0.726723924279213,0.7609542459249496,0.6666666666666666,0.5833333333333334
271,1.3860506415367126,1.4102948606014252,1.4045482575893402,0.7916666666666666,0.6666666666666666,0.9842099150021871,1.0115648806095123,1.006189450621605,0.875,0.7916666666666666,0.6523199280103048,0.6625581383705139,0.6637803018093109,0.5833333333333334,0.5416666666666666,0.39023733635743457,0.39551057666540146,0.4021839275956154,0.5833333333333334,0.6666666666666666,0.5478858351707458,0.5512382686138153,0.5535974949598312,0.5,0.5416666666666666,0.40541879336039227,0.4099024757742882,0.41277727484703064,0.5,0.5416666666666666,0.5695254305998484,0.581620842218399,0.5852559804916382,0.5,0.5833333333333334,0.7139377892017365,0.7091788947582245,0.7058253884315491,0.5,0.5416666666666666
272,1.3934731086095173,1.3958948254585266,1.4021866023540497,0.5416666666666666,0.625,0.9931062161922455,0.9941310733556747,1.0050501078367233,0.5,0.8333333333333334,0.67056671778361,0.6571068912744522,0.593354269862175,0.4166666666666667,0.25,0.3994076798359553,0.3902721405029297,0.36175215244293213,0.4166666666666667,0.25,0.5576758682727814,0.552578404545784,0.5227632746100426,0.375,0.25,0.41273048023382825,0.4143585115671158,0.38085536658763885,0.375,0.2916666666666667,0.5945132474104563,0.5893521457910538,0.5168495252728462,0.375,0.25,0.7000189423561096,0.707282155752182,0.749640554189682,0.375,0.25
273,1.3958821296691895,1.3986903131008148,1.4007569551467896,0.5833333333333334,0.625,0.9909088214238485,0.9921361804008484,0.9980076104402542,0.4583333333333333,0.7083333333333334,0.6593163510163625,0.6700893044471741,0.6461595892906189,0.5833333333333334,0.375,0.3877335687478383,0.4075121805071831,0.38264627009630203,0.6666666666666666,0.4166666666666667,0.5556139449278513,0.5589106678962708,0.5513928830623627,0.4583333333333333,0.375,0.4126545290152232,0.42014360427856445,0.41023245453834534,0.4583333333333333,0.4166666666666667,0.5922269970178604,0.6029831916093826,0.5805104374885559,0.4583333333333333,0.4166666666666667,0.702962338924408,0.6982841193675995,0.7089642435312271,0.4583333333333333,0.375
274,1.4000578721364338,1.4010281264781952,1.3910122513771057,0.5833333333333334,0.20833333333333334,1.000903050104777,0.9969715774059296,0.9908911138772964,0.4166666666666667,0.25,0.5776887635389963,0.6420780569314957,0.6039764434099197,0.9166666666666666,0.7916666666666666,0.3461359888315201,0.38659150898456573,0.3664401099085808,1.0,0.75,0.5162437309821447,0.5465108454227448,0.5287266373634338,0.9166666666666666,0.7083333333333334,0.38193585475285846,0.41410961002111435,0.3919651210308075,0.875,0.75,0.5043022384246191,0.5794118642807007,0.5313722193241119,0.875,0.75,0.7588953375816345,0.7158986032009125,0.7411511987447739,0.9166666666666666,0.7083333333333334
275,1.3887651364008586,1.393165498971939,1.4269244074821472,0.5416666666666666,1.0,0.9876860082149506,0.9877956211566925,1.0326806604862213,0.4583333333333333,1.0,0.6392755607763926,0.6455136388540268,0.6182805746793747,0.5,0.375,0.3829104353984197,0.3912958577275276,0.37101222574710846,0.6666666666666666,0.375,0.5464973151683807,0.5481628328561783,0.535069465637207,0.5833333333333334,0.4166666666666667,0.4099713017543157,0.4153968468308449,0.39818175137043,0.5833333333333334,0.5,0.5753033260504404,0.5847888514399529,0.549652673304081,0.5833333333333334,0.4583333333333333,0.7159127295017242,0.7135501503944397,0.7321427166461945,0.5833333333333334,0.4166666666666667
276,1.388938585917155,1.3986168801784515,1.4041666686534882,0.5416666666666666,0.6666666666666666,0.9911512136459351,0.9963824152946472,1.0054165124893188,0.5416666666666666,0.6666666666666666,0.6508983870347341,0.6681136190891266,0.5703305602073669,0.625,0.20833333333333334,0.39668190975983936,0.41315406560897827,0.3554448112845421,0.6666666666666666,0.2916666666666667,0.5491127073764801,0.5507842451334,0.510987751185894,0.5416666666666666,0.20833333333333334,0.4128715544939041,0.41302601993083954,0.37927887588739395,0.5,0.25,0.5837129553159078,0.5833458602428436,0.4992988705635071,0.5,0.20833333333333334,0.7121941049893697,0.7098242491483688,0.7663748860359192,0.5416666666666666,0.20833333333333334
277,1.387643297513326,1.3927814066410065,1.4013831615447998,0.2916666666666667,0.4166666666666667,0.9948983391125997,0.9914312213659286,1.001404121518135,0.3333333333333333,0.5416666666666666,0.6794285575548807,0.7026112377643585,0.6330340653657913,0.5833333333333334,0.2916666666666667,0.4070589343706767,0.4263535216450691,0.3770565837621689,0.5,0.25,0.5625402828057607,0.5696058124303818,0.5442573577165604,0.5416666666666666,0.25,0.4200298140446345,0.4340831860899925,0.40315140783786774,0.5416666666666666,0.2916666666666667,0.6167369584242502,0.6377091854810715,0.566119059920311,0.5416666666666666,0.25,0.6931225260098776,0.6830873787403107,0.7190895676612854,0.5416666666666666,0.25
278,1.374765674273173,1.4026269018650055,1.3933253586292267,0.5416666666666666,0.375,0.9935084283351898,1.0078700482845306,1.0011516362428665,0.5416666666666666,0.375,0.5930347889661789,0.6843431442975998,0.5448085144162178,0.7916666666666666,0.25,0.36040982604026794,0.4178815484046936,0.3277091085910797,0.875,0.25,0.5178747872511545,0.5592136383056641,0.496488057076931,0.75,0.2916666666666667,0.38038042187690735,0.42791758477687836,0.36321908980607986,0.8333333333333334,0.2916666666666667,0.5062127262353897,0.6162482053041458,0.46520131081342697,0.8333333333333334,0.2916666666666667,0.7565732002258301,0.6978396624326706,0.7869683653116226,0.75,0.2916666666666667
279,1.3902748227119446,1.4001292288303375,1.3952665328979492,0.5416666666666666,0.3333333333333333,0.9948222736517588,1.0046231746673584,0.9976287633180618,0.7083333333333334,0.3333333333333333,0.6040505866209666,0.6247300654649734,0.6023471802473068,0.6666666666666666,0.375,0.3566491057475408,0.379966638982296,0.3709198087453842,0.7916666666666666,0.5833333333333334,0.5310152818759283,0.5387815833091736,0.5275080054998398,0.625,0.3333333333333333,0.39836859206358594,0.4060629904270172,0.3946347236633301,0.5416666666666666,0.2916666666666667,0.5430911779403687,0.5606051757931709,0.53206717222929,0.5833333333333334,0.2916666666666667,0.737913578748703,0.7268754690885544,0.742893248796463,0.625,0.3333333333333333
280,1.3573979536692302,1.390311598777771,1.410666674375534,0.5833333333333334,0.75,0.9707436362902323,0.9868741631507874,1.0177302211523056,0.5416666666666666,0.7916666666666666,0.609746257464091,0.6784545183181763,0.6313716620206833,0.7916666666666666,0.5,0.36870420972506207,0.40645721554756165,0.3874879702925682,0.7083333333333334,0.5833333333333334,0.5305582930644354,0.5629282593727112,0.5313989967107773,0.7916666666666666,0.4583333333333333,0.38623272875944775,0.4220610037446022,0.388219878077507,0.7916666666666666,0.375,0.5294080277283987,0.610068067908287,0.5278193354606628,0.7916666666666666,0.375,0.7385621766249338,0.6925575584173203,0.7373668104410172,0.7916666666666666,0.4583333333333333
281,1.385044793287913,1.4026654660701752,1.3495447933673859,0.5416666666666666,0.375,0.9892895519733429,0.9954502880573273,0.9644438326358795,0.4166666666666667,0.2916666666666667,0.6017919580141703,0.7317326217889786,0.5651260763406754,1.0,0.4166666666666667,0.36262333889802295,0.4333535209298134,0.3503887802362442,1.0,0.5833333333333334,0.5208347688118616,0.5852283835411072,0.49570561200380325,1.0,0.25,0.3764337400595347,0.4447826221585274,0.34220094233751297,1.0,0.25,0.5026203443606695,0.6732171028852463,0.44012095779180527,1.0,0.25,0.7523811360200247,0.6608550250530243,0.7880685180425644,1.0,0.25
282,1.4047247767448425,1.4111814498901367,1.4083979427814484,0.8333333333333334,0.625,0.9980295697848002,1.007636845111847,1.003510296344757,0.875,0.625,0.7124887506167094,0.6850718408823013,0.6769604086875916,0.25,0.20833333333333334,0.4186079253753026,0.4040723070502281,0.40139034390449524,0.25,0.25,0.581090917189916,0.5699634850025177,0.5677632987499237,0.25,0.25,0.4390774667263031,0.4324987381696701,0.42240680009126663,0.375,0.25,0.6604940593242645,0.6346671432256699,0.6165488064289093,0.3333333333333333,0.25,0.6667724549770355,0.6825823336839676,0.6856913566589355,0.25,0.25
283,1.39128444592158,1.408253163099289,1.4075849652290344,0.6666666666666666,0.6666666666666666,0.988921195268631,1.0066819041967392,1.0047859698534012,0.6666666666666666,0.7083333333333334,0.6212768157323202,0.7095858007669449,0.627605751156807,0.9166666666666666,0.625,0.3792378107706706,0.42807164043188095,0.3747967332601547,0.875,0.5416666666666666,0.5346327523390452,0.5722470432519913,0.5410191565752029,0.9583333333333334,0.7083333333333334,0.3988375614086787,0.4403055012226105,0.40534765273332596,0.9583333333333334,0.5833333333333334,0.5458420862754186,0.6488199979066849,0.5603245794773102,0.9583333333333334,0.625,0.7327633202075958,0.6793273538351059,0.7236839532852173,0.9583333333333334,0.7083333333333334
284,1.4029851357142131,1.394594132900238,1.3968774378299713,0.20833333333333334,0.16666666666666666,1.005361298720042,0.9942877143621445,0.9947563260793686,0.20833333333333334,0.16666666666666666,0.6576663553714752,0.655587762594223,0.6157168298959732,0.4166666666666667,0.25,0.393307367960612,0.4113784208893776,0.36555642634630203,0.5,0.25,0.5504933446645737,0.5489049702882767,0.5369540154933929,0.4166666666666667,0.25,0.4054098924001058,0.41972676664590836,0.3964988514780998,0.5,0.25,0.5766142656405767,0.5911066830158234,0.5451364517211914,0.4583333333333333,0.25,0.7102312843004862,0.7125089466571808,0.7294690757989883,0.4166666666666667,0.25
285,1.3895522952079773,1.4077313840389252,1.3928431570529938,0.7916666666666666,0.5416666666666666,0.9924949705600739,1.0077728033065796,1.000308334827423,0.75,0.625,0.562684565782547,0.7149966061115265,0.5899123400449753,1.0,0.625,0.3461768130461375,0.43408210575580597,0.37067243456840515,1.0,0.7083333333333334,0.5058106034994125,0.576066792011261,0.5158873647451401,1.0,0.6666666666666666,0.3714102953672409,0.4380079284310341,0.37543772906064987,1.0,0.5416666666666666,0.4840825945138931,0.6506363451480865,0.4971245005726814,1.0,0.5833333333333334,0.7737107773621877,0.6738568544387817,0.7593815475702286,1.0,0.6666666666666666
286,1.3982354799906414,1.3956288695335388,1.4041564762592316,0.375,0.5,0.9964577754338583,0.9881219863891602,1.0005246847867966,0.2916666666666667,0.625,0.7123132546742758,0.7266862541437149,0.6690367758274078,0.6666666666666666,0.16666666666666666,0.41562705238660175,0.424109622836113,0.3951976001262665,0.625,0.16666666666666666,0.5791792273521423,0.5823582857847214,0.5638337284326553,0.5833333333333334,0.16666666666666666,0.436599001288414,0.44297977536916733,0.42577432841062546,0.5833333333333334,0.25,0.6532504359881083,0.6670628637075424,0.6162960827350616,0.5833333333333334,0.25,0.6694782276948293,0.6649735122919083,0.6912939995527267,0.5833333333333334,0.16666666666666666
287,1.40141765276591,1.40214005112648,1.4131645560264587,0.5833333333333334,0.875,0.9997959037621816,1.0011983066797256,1.0148440450429916,0.5416666666666666,0.875,0.673194815715154,0.6643210500478745,0.6134841218590736,0.375,0.16666666666666666,0.3955414493878682,0.4077949821949005,0.3643058314919472,0.625,0.25,0.5637242992719015,0.5517298728227615,0.5351803153753281,0.2916666666666667,0.16666666666666666,0.4239857494831085,0.4234422594308853,0.3938802108168602,0.5,0.20833333333333334,0.6150083343187968,0.5996608436107635,0.5454005748033524,0.4166666666666667,0.20833333333333334,0.6914359033107758,0.7084925323724747,0.7320030778646469,0.2916666666666667,0.16666666666666666
288,1.4081669648488362,1.4066451489925385,1.3827160596847534,0.4166666666666667,0.20833333333333334,1.0169445077578227,1.00919808447361,0.9888599514961243,0.4583333333333333,0.3333333333333333,0.5960476398468018,0.6502862870693207,0.5283089205622673,0.75,0.3333333333333333,0.3650289575258891,0.3938157632946968,0.33045489341020584,0.7916666666666666,0.4166666666666667,0.5206590543190638,0.5460771396756172,0.4858715906739235,0.75,0.375,0.3855356772740682,0.40999986976385117,0.354098305106163,0.7916666666666666,0.3333333333333333,0.5183304150899252,0.5799643471837044,0.4516166001558304,0.75,0.2916666666666667,0.7526072561740875,0.7165054976940155,0.8020615726709366,0.75,0.375
289,1.3979287147521973,1.4106063544750214,1.4000959396362305,0.875,0.5833333333333334,0.9998825192451477,1.0102791041135788,1.002513825893402,0.75,0.5833333333333334,0.6557226280371348,0.6984482109546661,0.6396078169345856,0.75,0.4583333333333333,0.3953724801540375,0.4208165183663368,0.3889319524168968,0.75,0.5,0.5491820375124613,0.5705334395170212,0.5418920069932938,0.7916666666666666,0.4166666666666667,0.4049139420191447,0.429716095328331,0.40518543124198914,0.7916666666666666,0.5416666666666666,0.5725059658288956,0.633595272898674,0.5634284988045692,0.7916666666666666,0.5416666666666666,0.7120947142442068,0.6817523837089539,0.7224658727645874,0.7916666666666666,0.4166666666666667
290,1.3965769410133362,1.403207927942276,1.4025733768939972,0.5833333333333334,0.6666666666666666,0.9946008026599884,1.0000111013650894,1.0001105815172195,0.5833333333333334,0.6666666666666666,0.6793561577796936,0.7062119096517563,0.6514315605163574,0.8333333333333334,0.2916666666666667,0.4063297857840856,0.4253240376710892,0.3897591531276703,0.875,0.2916666666666667,0.5620672802130381,0.5698150098323822,0.5514139831066132,0.6666666666666666,0.3333333333333333,0.42034363249937695,0.43903764337301254,0.41379232704639435,0.8333333333333334,0.3333333333333333,0.6067465643088022,0.6432453691959381,0.5849213302135468,0.8333333333333334,0.3333333333333333,0.6937831044197083,0.6827904582023621,0.7089330404996872,0.6666666666666666,0.3333333333333333
291,1.4044031500816345,1.389208972454071,1.387086182832718,0.16666666666666666,0.16666666666666666,1.0077078739802043,0.9863886833190918,0.9894625246524811,0.08333333333333333,0.20833333333333334,0.6306127806504568,0.6355105936527252,0.6172173023223877,0.5,0.5,0.379361296693484,0.3761007636785507,0.37335048615932465,0.5,0.4583333333333333,0.540531168381373,0.5442322045564651,0.5316275805234909,0.5416666666666666,0.5,0.4070765475432078,0.41192256659269333,0.3954731523990631,0.5416666666666666,0.5,0.5672450015942255,0.5783779844641685,0.5437067598104477,0.5416666666666666,0.5,0.7243909537792206,0.7191308289766312,0.7370375841856003,0.5416666666666666,0.5
292,1.3802524209022522,1.4046547412872314,1.4010695219039917,0.75,0.75,0.9797571202119192,1.001796767115593,1.0004191100597382,0.7916666666666666,0.7916666666666666,0.6193720151980718,0.6951994895935059,0.6296581774950027,0.9583333333333334,0.5,0.367802361647288,0.41081663966178894,0.38090282678604126,1.0,0.5416666666666666,0.5378366708755493,0.5723826140165329,0.5363620966672897,0.9583333333333334,0.4166666666666667,0.39479970932006836,0.4351366311311722,0.3896041736006737,0.875,0.4166666666666667,0.5488420923550924,0.6409578621387482,0.5380810275673866,0.875,0.375,0.7282195091247559,0.6791380345821381,0.7303192317485809,0.9583333333333334,0.4166666666666667
293,1.4025929768880208,1.4051541090011597,1.4048202633857727,0.5416666666666666,0.625,1.0018851657708485,1.0010924190282822,1.0039057582616806,0.5,0.625,0.6412359078725179,0.6771907657384872,0.6803252398967743,0.75,0.75,0.37831952671209973,0.39611104875802994,0.4047562927007675,0.75,0.8333333333333334,0.5522508720556895,0.5660122931003571,0.5668886303901672,0.6666666666666666,0.6666666666666666,0.4149769991636276,0.432345986366272,0.4318109378218651,0.75,0.625,0.5883894860744476,0.6285849064588547,0.6298149824142456,0.7916666666666666,0.625,0.7077459792296091,0.6881909817457199,0.6869373023509979,0.7083333333333334,0.6666666666666666
294,1.408707578976949,1.3981077075004578,1.300515964627266,0.16666666666666666,0.5416666666666666,1.0045963525772095,0.9910297244787216,0.9276240170001984,0.20833333333333334,0.5,0.6699806054433187,0.7141114175319672,0.6177874207496643,0.9166666666666666,0.125,0.3948509494463603,0.432021901011467,0.3671196401119232,1.0,0.20833333333333334,0.5646345516045889,0.57477967441082,0.5344126597046852,0.75,0.08333333333333333,0.42042019963264465,0.4318663850426674,0.38996055722236633,0.7916666666666666,0.20833333333333334,0.6097906827926636,0.6399617940187454,0.5348677709698677,0.75,0.16666666666666666,0.6901461184024811,0.6757358610630035,0.7330912351608276,0.75,0.08333333333333333
295,1.3984091877937317,1.3983385860919952,1.403653770685196,0.4166666666666667,0.7083333333333334,0.9945989747842153,0.9922089576721191,1.0009110271930695,0.3333333333333333,0.7083333333333334,0.6624735196431478,0.7334033250808716,0.6383760869503021,0.875,0.2916666666666667,0.3960793266693751,0.4502723813056946,0.3806517571210861,0.9583333333333334,0.2916666666666667,0.5565938154856364,0.5797223299741745,0.5471131503582001,0.8333333333333334,0.375,0.41373307009538013,0.4461003318428993,0.40474262833595276,0.7916666666666666,0.3333333333333333,0.5936152239640554,0.6696821451187134,0.5690106600522995,0.7916666666666666,0.3333333333333333,0.7015658517678579,0.6687206923961639,0.7150451391935349,0.8333333333333334,0.375
296,1.3968506058057149,1.4063955545425415,1.413292407989502,0.5833333333333334,0.7916666666666666,0.9937264422575632,1.005922794342041,1.0173629522323608,0.6666666666666666,0.8333333333333334,0.6573995252450308,0.6507329195737839,0.6418556421995163,0.5,0.4166666666666667,0.3950213889280955,0.39102063328027725,0.383906252682209,0.4166666666666667,0.3333333333333333,0.5514623721440634,0.5484226495027542,0.5464887768030167,0.5,0.4583333333333333,0.41961953540643054,0.4256100356578827,0.4122663214802742,0.5416666666666666,0.4166666666666667,0.59798663854599,0.6001182943582535,0.5797525718808174,0.5416666666666666,0.4583333333333333,0.7088491022586823,0.7131877392530441,0.7159143090248108,0.5,0.4583333333333333
297,1.3903927206993103,1.4030165374279022,1.3966724276542664,0.375,0.2916666666666667,1.0006570219993591,1.0022970736026764,1.0019792765378952,0.375,0.375,0.5972447196642557,0.6363314986228943,0.6155406832695007,0.75,0.5833333333333334,0.3631489425897598,0.3821038603782654,0.373036690056324,0.7083333333333334,0.5,0.5234439770380656,0.5446154177188873,0.5291165634989738,0.75,0.625,0.38610021273295086,0.4133402779698372,0.3930155634880066,0.7916666666666666,0.625,0.5177823106447855,0.5765504539012909,0.5331064984202385,0.7916666666666666,0.5833333333333334,0.7486596802870432,0.7185865193605423,0.7405980080366135,0.75,0.625
298,1.376684049765269,1.4057926833629608,1.400012731552124,0.8333333333333334,0.6666666666666666,0.9766342441240946,1.0028323084115982,0.9945437461137772,0.875,0.7083333333333334,0.6705142358938853,0.6909247040748596,0.5925948023796082,0.625,0.2916666666666667,0.405241737763087,0.41303467005491257,0.35672086104750633,0.5,0.2916666666666667,0.5571435193220774,0.5683936178684235,0.521224170923233,0.6666666666666666,0.2916666666666667,0.41376302142937976,0.42813790589571,0.37531042098999023,0.5416666666666666,0.2916666666666667,0.5931408902009329,0.6266164481639862,0.513997346162796,0.5833333333333334,0.2916666666666667,0.7007766167322794,0.6847994476556778,0.7518202215433121,0.6666666666666666,0.2916666666666667
299,1.4026692708333333,1.4009138345718384,1.398288607597351,0.3333333333333333,0.2916666666666667,1.0048040052254994,0.9970976114273071,0.9961417317390442,0.4583333333333333,0.3333333333333333,0.6899734536806742,0.7543765008449554,0.6467614471912384,0.7916666666666666,0.2916666666666667,0.40967947741349536,0.4498060345649719,0.3852310851216316,0.8333333333333334,0.3333333333333333,0.5690514743328094,0.5919877290725708,0.5471742898225784,0.75,0.20833333333333334,0.42739678422609967,0.4536702632904053,0.40633030980825424,0.7916666666666666,0.20833333333333334,0.6281917293866476,0.6981444507837296,0.5704729184508324,0.75,0.20833333333333334,0.6838782727718353,0.6512862145900726,0.714952290058136,0.75,0.20833333333333334
300,1.3896530469258626,1.3984457850456238,1.4003497660160065,0.6666666666666666,0.625,0.9933762947718302,0.9963008165359497,1.0105112195014954,0.5,0.6666666666666666,0.531282901763916,0.6820210367441177,0.5283708646893501,1.0,0.4166666666666667,0.32425649960835773,0.40503960102796555,0.3309208005666733,1.0,0.5833333333333334,0.48172298073768616,0.5628278851509094,0.4745058938860893,1.0,0.3333333333333333,0.3337136159340541,0.4335778281092644,0.32176198065280914,1.0,0.25,0.41579581300417584,0.6265063285827637,0.3938187062740326,1.0,0.2916666666666667,0.8079386552174886,0.6927031725645065,0.8181801438331604,1.0,0.3333333333333333
301,1.3949307203292847,1.3956082463264465,1.3836775422096252,0.625,0.25,0.9918114840984344,0.9919140934944153,0.9812275767326355,0.5416666666666666,0.375,0.613537589708964,0.6731445491313934,0.6051068007946014,0.9166666666666666,0.4166666666666667,0.36727213362852734,0.4128742218017578,0.3629247918725014,0.9166666666666666,0.4166666666666667,0.5328043947617213,0.5482385903596878,0.5294389575719833,0.6666666666666666,0.4166666666666667,0.398375208179156,0.4111091271042824,0.397906556725502,0.625,0.4166666666666667,0.5438320090373358,0.5770314633846283,0.538262628018856,0.625,0.4166666666666667,0.735369473695755,0.7134393155574799,0.7401482611894608,0.6666666666666666,0.4166666666666667
302,1.362560510635376,1.4059451818466187,1.398179292678833,0.75,0.7083333333333334,0.9647742807865143,1.0038444697856903,1.0019366592168808,0.75,0.75,0.6252450744311014,0.6498244851827621,0.5627544671297073,0.5833333333333334,0.25,0.38662558297316235,0.39164696633815765,0.3511594533920288,0.5,0.2916666666666667,0.527051587899526,0.5466247200965881,0.5021645203232765,0.625,0.2916666666666667,0.3809088170528412,0.41169294714927673,0.3561941459774971,0.75,0.3333333333333333,0.5160078356663386,0.5757547318935394,0.4584121033549309,0.7083333333333334,0.2916666666666667,0.7435271541277567,0.7157211601734161,0.7788937091827393,0.625,0.2916666666666667
303,1.4002123673756917,1.4056701958179474,1.408522516489029,0.3333333333333333,0.4166666666666667,1.004030853509903,1.001591518521309,1.0061500519514084,0.2916666666666667,0.4583333333333333,0.6844430863857269,0.6711170226335526,0.6564258486032486,0.5,0.4166666666666667,0.4068210870027542,0.3984471336007118,0.39040657132864,0.4583333333333333,0.4166666666666667,0.5624596079190572,0.5620765089988708,0.5556066334247589,0.5,0.4583333333333333,0.42144107321898144,0.42816663533449173,0.41758911311626434,0.5833333333333334,0.4583333333333333,0.6119327743848165,0.618846669793129,0.5985817760229111,0.5416666666666666,0.5,0.6932236154874166,0.6937816292047501,0.7029763758182526,0.5,0.4583333333333333
304,1.4077099959055583,1.3990290462970734,1.402986228466034,0.2916666666666667,0.4166666666666667,1.0078807473182678,0.9962179064750671,1.0014600902795792,0.375,0.2916666666666667,0.6523018280665079,0.6561976969242096,0.6220346987247467,0.5,0.4583333333333333,0.3925684144099553,0.3938170075416565,0.3761882558465004,0.5,0.4583333333333333,0.5499248504638672,0.5510177761316299,0.5375754311680794,0.4583333333333333,0.5,0.4136970788240433,0.4191317558288574,0.397548608481884,0.5416666666666666,0.4166666666666667,0.5871020704507828,0.5929176211357117,0.5515086650848389,0.5416666666666666,0.4583333333333333,0.7110458513100942,0.7094898521900177,0.7285863310098648,0.4583333333333333,0.5
305,1.3993683457374573,1.4003140926361084,1.4081160426139832,0.5,0.75,0.9965086181958517,0.9937395453453064,1.007830649614334,0.5,0.75,0.6792363524436951,0.6882041394710541,0.6384803503751755,0.5833333333333334,0.3333333333333333,0.4032856225967407,0.4085865318775177,0.3789801448583603,0.5416666666666666,0.2916666666666667,0.563197006781896,0.5692023187875748,0.5463850200176239,0.5833333333333334,0.3333333333333333,0.42222022513548535,0.43925924599170685,0.4084748774766922,0.8333333333333334,0.375,0.6121387481689453,0.6426452845335007,0.5743792653083801,0.7916666666666666,0.375,0.6921785771846771,0.6836649477481842,0.7160764932632446,0.5833333333333334,0.3333333333333333
306,1.3947608669598897,1.405603438615799,1.3873464465141296,0.8333333333333334,0.375,0.9957251250743866,1.0010401010513306,0.9815491139888763,0.625,0.2916666666666667,0.6193443934122721,0.7279196381568909,0.5903435796499252,1.0,0.25,0.36788948873678845,0.43565697968006134,0.3527563661336899,1.0,0.2916666666666667,0.5382590790589651,0.5832100510597229,0.5288825929164886,1.0,0.2916666666666667,0.40103042622407276,0.45426860451698303,0.3928151950240135,1.0,0.2916666666666667,0.552528977394104,0.6851156055927277,0.5309354066848755,1.0,0.2916666666666667,0.7276175320148468,0.6637663692235947,0.740948036313057,1.0,0.2916666666666667
307,1.383130431175232,1.4076651632785797,1.3802432715892792,0.9166666666666666,0.4583333333333333,0.9869056046009064,1.0063501000404358,0.9787489026784897,0.9166666666666666,0.25,0.6302226185798645,0.7302897721529007,0.5911199003458023,1.0,0.2916666666666667,0.3805328806241353,0.442120797932148,0.3552856147289276,0.9583333333333334,0.20833333333333334,0.5376281142234802,0.5801490992307663,0.5234128758311272,1.0,0.2916666666666667,0.4041353563467662,0.4462025389075279,0.38822607696056366,1.0,0.2916666666666667,0.5554463565349579,0.6690650135278702,0.5204507112503052,1.0,0.3333333333333333,0.7284989853700002,0.6680881828069687,0.7487054765224457,1.0,0.2916666666666667
308,1.4015486637751262,1.4031458795070648,1.4026758074760437,0.4583333333333333,0.4583333333333333,1.0012519160906475,1.0055081397294998,1.0031796544790268,0.5,0.4583333333333333,0.6333074768384298,0.6233586668968201,0.6229229271411896,0.4583333333333333,0.4583333333333333,0.37966370085875195,0.3752824068069458,0.38609401881694794,0.5416666666666666,0.5,0.5374931842088699,0.5395427942276001,0.5323387458920479,0.5,0.5416666666666666,0.4000963519016902,0.41092437505722046,0.38722722977399826,0.5833333333333334,0.4166666666666667,0.5550367931524912,0.5670218169689178,0.5317804217338562,0.5416666666666666,0.4583333333333333,0.7287091116110483,0.7257982045412064,0.73602195084095,0.5,0.5416666666666666
309,1.4022672176361084,1.4025852382183075,1.3942301273345947,0.4166666666666667,0.2916666666666667,1.0031911432743073,1.0002956837415695,0.9944562762975693,0.4583333333333333,0.2916666666666667,0.6388158599535624,0.6511570960283279,0.6123337149620056,0.5416666666666666,0.3333333333333333,0.38160960376262665,0.3906005099415779,0.37638522684574127,0.5416666666666666,0.4583333333333333,0.5452489952246348,0.5486700683832169,0.5301674604415894,0.5416666666666666,0.375,0.4126851310332616,0.41378939151763916,0.3982398584485054,0.4583333333333333,0.4166666666666667,0.5764098862806956,0.5828468203544617,0.542289137840271,0.4583333333333333,0.375,0.7176832258701324,0.7128150165081024,0.7391207814216614,0.5416666666666666,0.375
310,1.3780086437861125,1.3869114518165588,1.394300490617752,0.4583333333333333,0.5833333333333334,0.9867338438828787,0.981578066945076,0.9973291456699371,0.4583333333333333,0.5416666666666666,0.5481441766023636,0.6203934103250504,0.5676762908697128,0.75,0.5416666666666666,0.3312944819529851,0.37579120695590973,0.34367838501930237,0.7916666666666666,0.5416666666666666,0.49872757991154987,0.5394570678472519,0.5099426656961441,0.7916666666666666,0.5416666666666666,0.35429541269938153,0.4040972962975502,0.36870569735765457,0.9583333333333334,0.5416666666666666,0.45884735882282257,0.5569829046726227,0.4846538081765175,0.875,0.5416666666666666,0.7837828000386556,0.7259181141853333,0.7678409367799759,0.7916666666666666,0.5416666666666666
311,1.3867294192314148,1.4018363058567047,1.41036456823349,0.5833333333333334,0.8333333333333334,0.9890200992425283,1.001109853386879,1.0142886638641357,0.5833333333333334,0.875,0.6114738235870997,0.6327093094587326,0.6307352632284164,0.375,0.4166666666666667,0.36841680854558945,0.38162311166524887,0.3782954290509224,0.375,0.4166666666666667,0.5296041518449783,0.5440385788679123,0.5436038970947266,0.4583333333333333,0.4166666666666667,0.3844926357269287,0.4095001891255379,0.4092449024319649,0.5416666666666666,0.5,0.5357091675202051,0.5699362605810165,0.569703534245491,0.4583333333333333,0.5,0.7399185200532278,0.7194096893072128,0.7200334668159485,0.4583333333333333,0.4166666666666667
312,1.3802917003631592,1.4036085605621338,1.4060046076774597,0.625,0.6666666666666666,0.9837562541166941,1.0033154785633087,1.0037968754768372,0.7083333333333334,0.625,0.652633418639501,0.6315542310476303,0.6119738817214966,0.4583333333333333,0.2916666666666667,0.3948817898829778,0.39155038446187973,0.363685242831707,0.5,0.16666666666666666,0.5451755970716476,0.5376681089401245,0.5319258347153664,0.4583333333333333,0.2916666666666667,0.40779238442579907,0.4056262969970703,0.39802414178848267,0.5,0.375,0.5709490478038788,0.5620371922850609,0.5427983775734901,0.5,0.2916666666666667,0.7177818914254507,0.7284739464521408,0.7366141378879547,0.4583333333333333,0.2916666666666667
313,1.3988871375719707,1.4016214609146118,1.3894365727901459,0.5833333333333334,0.2916666666666667,0.9964555104573568,0.9997905194759369,0.9916061908006668,0.6666666666666666,0.3333333333333333,0.6306516925493876,0.698797345161438,0.6119349449872971,0.75,0.4166666666666667,0.3794277260700862,0.4194503650069237,0.37150289863348007,0.875,0.375,0.5377092659473419,0.5730394124984741,0.5312786251306534,0.8333333333333334,0.5,0.3984594792127609,0.43415194749832153,0.39477159827947617,0.7916666666666666,0.5,0.5511395235856374,0.641270324587822,0.5393639355897903,0.7916666666666666,0.5,0.7283903857072195,0.6781711131334305,0.7375399768352509,0.8333333333333334,0.5
314,1.405278245608012,1.4028797447681427,1.333735466003418,0.375,0.3333333333333333,1.0038782060146332,1.0012631863355637,0.9494047462940216,0.4583333333333333,0.25,0.6296796003977457,0.6537744402885437,0.5901415348052979,0.7083333333333334,0.2916666666666667,0.3784373849630356,0.39965085685253143,0.3641320616006851,0.7083333333333334,0.375,0.5437707205613455,0.5537219047546387,0.5220652148127556,0.625,0.25,0.4022199908892314,0.4215404912829399,0.38211581856012344,0.7083333333333334,0.3333333333333333,0.5601038932800293,0.5984243452548981,0.5120331943035126,0.7083333333333334,0.3333333333333333,0.7197965482870737,0.7056643813848495,0.7506288588047028,0.625,0.25
315,1.4071708520253499,1.4020329415798187,1.3906176686286926,0.4166666666666667,0.375,1.0136718948682149,0.9960305839776993,1.0030220448970795,0.20833333333333334,0.375,0.5972062100966772,0.6858168542385101,0.5593484193086624,0.6666666666666666,0.4166666666666667,0.36272117992242175,0.4183182790875435,0.34125538170337677,0.6666666666666666,0.4166666666666667,0.5234673370917639,0.5638367533683777,0.5036393776535988,0.625,0.4166666666666667,0.39212295413017273,0.43012841045856476,0.36577700078487396,0.5416666666666666,0.4166666666666667,0.5336252997318903,0.6223508417606354,0.4829472005367279,0.625,0.4166666666666667,0.7486381828784943,0.6912599056959152,0.7768100947141647,0.625,0.4166666666666667
316,1.3963267803192139,1.399078220129013,1.398139327764511,0.5833333333333334,0.4583333333333333,0.9916717608769735,0.9969161450862885,0.9918081015348434,0.6666666666666666,0.5,0.6336672206719717,0.6675137728452682,0.6235668212175369,0.5833333333333334,0.3333333333333333,0.3799219032128652,0.412616565823555,0.37390969693660736,0.625,0.3333333333333333,0.5419955750306448,0.5548617392778397,0.541780024766922,0.4583333333333333,0.4583333333333333,0.3974000612894694,0.42409101128578186,0.39995477348566055,0.625,0.4583333333333333,0.555909052491188,0.6053694933652878,0.5567079707980156,0.5,0.4583333333333333,0.7223051091035207,0.7040468901395798,0.7226242572069168,0.4583333333333333,0.4583333333333333
317,1.398606300354004,1.4029848873615265,1.3906004130840302,0.7083333333333334,0.4166666666666667,1.0011404156684875,1.0006652474403381,0.9924549758434296,0.7083333333333334,0.3333333333333333,0.6467714508374532,0.6723272800445557,0.6046229153871536,0.625,0.3333333333333333,0.3896937568982442,0.41105929762125015,0.36635320633649826,0.6666666666666666,0.2916666666666667,0.5478983521461487,0.5520701557397842,0.5260367542505264,0.625,0.2916666666666667,0.41369180381298065,0.41979872435331345,0.39661721885204315,0.625,0.25,0.582997108499209,0.5970390439033508,0.5363842993974686,0.625,0.2916666666666667,0.7139158348242441,0.7080026715993881,0.7449917495250702,0.625,0.2916666666666667
318,1.3832226196924846,1.4022628664970398,1.392478108406067,0.75,0.5833333333333334,0.9882882138093313,0.9987374246120453,0.992307037115097,0.625,0.5833333333333334,0.6325014432271322,0.7213241755962372,0.6287635862827301,0.9166666666666666,0.5,0.38233638803164166,0.4358925521373749,0.38056493550539017,0.9166666666666666,0.4583333333333333,0.5416677097479502,0.5790082961320877,0.5387197136878967,0.9166666666666666,0.4583333333333333,0.40043888489405316,0.44246359169483185,0.4017312526702881,0.9166666666666666,0.5416666666666666,0.5586852977673212,0.661163717508316,0.558175653219223,0.9166666666666666,0.5416666666666666,0.722764233748118,0.6697206497192383,0.7269635647535324,0.9166666666666666,0.4583333333333333
319,1.4113490581512451,1.4079667925834656,1.4009198546409607,0.3333333333333333,0.125,1.0083956718444824,1.0023265480995178,0.9985744804143906,0.375,0.20833333333333334,0.664180854956309,0.7636492103338242,0.6208005398511887,1.0,0.2916666666666667,0.39528390268484753,0.4616120085120201,0.3728044182062149,1.0,0.3333333333333333,0.5570712288220724,0.5975980311632156,0.5344380587339401,1.0,0.3333333333333333,0.41698431968688965,0.45814408361911774,0.3902364820241928,1.0,0.25,0.5961182614167532,0.713084265589714,0.5367456749081612,1.0,0.25,0.7008852064609528,0.6433215141296387,0.7330458611249924,1.0,0.3333333333333333
320,1.3874307870864868,1.4081923961639404,1.4023613929748535,0.8333333333333334,0.7083333333333334,0.9892229437828064,1.0087260454893112,1.0037712156772614,0.75,0.6666666666666666,0.6541566352049509,0.6514952629804611,0.6267603486776352,0.375,0.25,0.3970462630192439,0.3938021957874298,0.3766123950481415,0.4166666666666667,0.25,0.5474811842044195,0.5488187670707703,0.5353428721427917,0.5,0.3333333333333333,0.40699293712774914,0.4209228530526161,0.3972310647368431,0.625,0.5,0.5778623769680659,0.5932213068008423,0.544047087430954,0.5833333333333334,0.4166666666666667,0.7145192523797353,0.7126205712556839,0.7317511737346649,0.5,0.3333333333333333
321,1.3934190074602764,1.3937360048294067,1.3997750878334045,0.16666666666666666,0.16666666666666666,0.9994105398654938,0.9928449988365173,0.9996525198221207,0.20833333333333334,0.2916666666666667,0.669217050075531,0.6717181205749512,0.6200388818979263,0.5833333333333334,0.3333333333333333,0.40041709939638775,0.4228299930691719,0.3763986676931381,0.625,0.4166666666666667,0.5571484118700027,0.5521695464849472,0.5323526263237,0.4583333333333333,0.3333333333333333,0.41836699346701306,0.4202580153942108,0.39930547773838043,0.5416666666666666,0.4166666666666667,0.6076216499010721,0.5996301025152206,0.552551232278347,0.4583333333333333,0.375,0.7007797757784525,0.7078553587198257,0.7360212802886963,0.4583333333333333,0.3333333333333333
322,1.3857628107070923,1.3979211747646332,1.40064537525177,0.5,0.5833333333333334,0.9865277508894602,0.9912533909082413,1.0017962902784348,0.5,0.6666666666666666,0.6767124632994334,0.6882737725973129,0.619326651096344,0.5,0.2916666666666667,0.41411881148815155,0.41262026131153107,0.3778917118906975,0.5,0.375,0.5545443991820017,0.5656667202711105,0.5281235724687576,0.5416666666666666,0.2916666666666667,0.4162586232026418,0.4305065721273422,0.3938797414302826,0.5416666666666666,0.3333333333333333,0.5988107522328695,0.6275452375411987,0.5387299358844757,0.5833333333333334,0.3333333333333333,0.7044528722763062,0.6886737197637558,0.7420062720775604,0.5416666666666666,0.2916666666666667
323,1.4011376698811848,1.4011759757995605,1.396169662475586,0.375,0.4166666666666667,0.9952329496542612,0.9972914308309555,0.9904542714357376,0.4583333333333333,0.4166666666666667,0.6415382424990336,0.662414625287056,0.634774923324585,0.625,0.4583333333333333,0.37793341279029846,0.393833763897419,0.3777567222714424,0.7083333333333334,0.5,0.5498241484165192,0.5566129237413406,0.5462104231119156,0.5833333333333334,0.4583333333333333,0.40951866408189136,0.42487360537052155,0.40810027718544006,0.75,0.4166666666666667,0.5777433812618256,0.6061923503875732,0.5709816738963127,0.6666666666666666,0.4166666666666667,0.7111937999725342,0.7015504688024521,0.7163207978010178,0.5833333333333334,0.4583333333333333
324,1.4001559813817341,1.3900075256824493,1.40217125415802,0.16666666666666666,0.5416666666666666,0.9986543556054434,0.9842973351478577,1.004456490278244,0.125,0.5416666666666666,0.6761481364568075,0.692742332816124,0.6611083894968033,0.5416666666666666,0.4166666666666667,0.40955742200215656,0.41266124695539474,0.3983817771077156,0.4583333333333333,0.375,0.5549643238385519,0.5633011162281036,0.5520850718021393,0.5416666666666666,0.5,0.41572420795758563,0.4276682958006859,0.4188430607318878,0.5833333333333334,0.5833333333333334,0.5945223669211069,0.623340517282486,0.5961219370365143,0.5833333333333334,0.5416666666666666,0.7038732469081879,0.692036360502243,0.7079750746488571,0.5416666666666666,0.5
325,1.3928911487261455,1.4036135971546173,1.3920224606990814,0.7083333333333334,0.5,0.9932979345321655,1.0026599615812302,0.9905934184789658,0.625,0.4583333333333333,0.6191844443480173,0.6767589151859283,0.5781394243240356,0.7916666666666666,0.3333333333333333,0.3775493601957957,0.41822413355112076,0.35441334545612335,0.7916666666666666,0.2916666666666667,0.5301125049591064,0.5604848563671112,0.5135118365287781,0.7916666666666666,0.375,0.38178009291489917,0.43596218526363373,0.36801765859127045,0.8333333333333334,0.4166666666666667,0.5219838172197342,0.628685936331749,0.4874657914042473,0.7916666666666666,0.4583333333333333,0.7391871909300486,0.6960611045360565,0.7627829611301422,0.7916666666666666,0.375
326,1.3817588488260906,1.4044799506664276,1.404700517654419,0.625,0.6666666666666666,0.9894160131613413,1.005869746208191,1.0114206075668335,0.5416666666666666,0.7083333333333334,0.607596884171168,0.6605362743139267,0.605845145881176,0.7083333333333334,0.5,0.3692053159077962,0.3933461606502533,0.3733448460698128,0.5416666666666666,0.5,0.5272962947686514,0.5570013225078583,0.5283089503645897,0.75,0.5,0.39613166948159534,0.4294688105583191,0.39771798998117447,0.75,0.5416666666666666,0.5382256309191386,0.6128039211034775,0.5438921824097633,0.75,0.5416666666666666,0.7431856989860535,0.7009738236665726,0.7417535334825516,0.75,0.5
327,1.4068423906962078,1.4060677289962769,1.4029764235019684,0.5,0.625,1.0080630083878834,1.007179617881775,1.0071072727441788,0.4583333333333333,0.5416666666666666,0.6701328456401825,0.6894658356904984,0.6257404834032059,0.7083333333333334,0.16666666666666666,0.3976069192091624,0.41798973083496094,0.37032564729452133,0.75,0.125,0.5592619677384695,0.5618289858102798,0.542560800909996,0.625,0.20833333333333334,0.42434021830558777,0.4367064908146858,0.40751736611127853,0.7083333333333334,0.25,0.6094785432020823,0.6313967555761337,0.5660499632358551,0.7083333333333334,0.25,0.6977847417195638,0.6941449493169785,0.721512109041214,0.625,0.20833333333333334
328,1.399692674477895,1.3984438478946686,1.3925221860408783,0.4166666666666667,0.4583333333333333,1.005662699540456,0.9998673349618912,0.9981408417224884,0.375,0.4166666666666667,0.6127207477887472,0.6217696815729141,0.5242074131965637,0.5416666666666666,0.16666666666666666,0.375452588001887,0.3784659504890442,0.32795344293117523,0.4583333333333333,0.25,0.5243077973524729,0.5314316004514694,0.48242080956697464,0.5833333333333334,0.20833333333333334,0.39421180387338,0.41070543229579926,0.3525551110506058,0.625,0.25,0.5354588230450948,0.5596731901168823,0.4465298727154732,0.625,0.25,0.7474315663178762,0.7373114824295044,0.8069535344839096,0.5833333333333334,0.20833333333333334
329,1.3954097827275593,1.3864822089672089,1.3978113234043121,0.25,0.375,1.0001680453618367,0.982024073600769,0.9982608407735825,0.25,0.4166666666666667,0.6352241535981497,0.6678353846073151,0.6172806173563004,0.75,0.4166666666666667,0.3825241376956304,0.4008030965924263,0.36815598607063293,0.7083333333333334,0.3333333333333333,0.538084089756012,0.5550601631402969,0.5354060903191566,0.7916666666666666,0.4583333333333333,0.4003089964389801,0.4151192754507065,0.4033488631248474,0.6666666666666666,0.5,0.5524378766616186,0.5918664038181305,0.5551868453621864,0.75,0.5,0.7278559108575186,0.7037390768527985,0.7316758036613464,0.7916666666666666,0.4583333333333333
330,1.404199441274007,1.4061170518398285,1.4002758860588074,0.5416666666666666,0.375,1.0019040902455647,1.0033478140830994,0.9966769963502884,0.5833333333333334,0.5416666666666666,0.6448017259438833,0.6516045033931732,0.6062154024839401,0.5416666666666666,0.2916666666666667,0.3835424979527791,0.3882264047861099,0.36379632353782654,0.5416666666666666,0.2916666666666667,0.5518212417761484,0.5504852086305618,0.5335433930158615,0.4583333333333333,0.25,0.4123404026031494,0.41637253016233444,0.39906924962997437,0.5416666666666666,0.375,0.5844618926445643,0.5879835188388824,0.5453080162405968,0.5416666666666666,0.2916666666666667,0.7083481550216675,0.7102565765380859,0.7343305349349976,0.4583333333333333,0.25
331,1.416276752948761,1.3953028321266174,1.4085742235183716,0.125,0.4166666666666667,1.0214417576789856,0.9899885952472687,1.0115316957235336,0.08333333333333333,0.5833333333333334,0.6236685911814371,0.6993473172187805,0.5915701240301132,0.8333333333333334,0.3333333333333333,0.3707268883784612,0.41502927243709564,0.35613996535539627,0.8333333333333334,0.375,0.5344739009936651,0.5746082216501236,0.5176120400428772,0.875,0.3333333333333333,0.3911939412355423,0.4401550367474556,0.3758355379104614,0.875,0.4166666666666667,0.5391473770141602,0.6532984972000122,0.5015173479914665,0.875,0.4166666666666667,0.7329969803492228,0.6759801506996155,0.7569561302661896,0.875,0.3333333333333333
332,1.39662371079127,1.3965098559856415,1.3502051532268524,0.5,0.5833333333333334,0.9902669191360474,0.9901603907346725,0.9643608629703522,0.4583333333333333,0.5833333333333334,0.6714181900024414,0.6594265848398209,0.5693401172757149,0.4583333333333333,0.16666666666666666,0.40050487716992694,0.4059688150882721,0.34118199348449707,0.5,0.20833333333333334,0.5583975613117218,0.5561516284942627,0.5094203427433968,0.5,0.125,0.4128982921441396,0.4206414744257927,0.359338641166687,0.5833333333333334,0.20833333333333334,0.5951845844586691,0.6012971252202988,0.4743941053748131,0.5416666666666666,0.125,0.6990039050579071,0.7022029459476471,0.7685869336128235,0.5,0.125
333,1.3040593167146046,1.3953604400157928,1.4141213297843933,0.5833333333333334,1.0,0.9255495568116506,0.994177982211113,1.0192236304283142,0.5416666666666666,0.9583333333333334,0.6299385279417038,0.6417130678892136,0.5955361425876617,0.5833333333333334,0.375,0.3790105531613032,0.3872397094964981,0.36145126819610596,0.625,0.375,0.5392240633567175,0.5448192358016968,0.5198283270001411,0.625,0.4166666666666667,0.40444934368133545,0.4172870144248009,0.3825194612145424,0.625,0.4166666666666667,0.5657320469617844,0.5842915028333664,0.5150344297289848,0.625,0.4166666666666667,0.7262475887934366,0.7183054685592651,0.7538059800863266,0.625,0.4166666666666667
334,1.3954869508743286,1.410425215959549,1.394027441740036,0.7916666666666666,0.4166666666666667,0.9967365264892578,1.0112242251634598,0.9964903295040131,0.75,0.5,0.620612899462382,0.6478444933891296,0.5844007506966591,0.5416666666666666,0.3333333333333333,0.3801756699879964,0.3871268853545189,0.3554879054427147,0.5,0.3333333333333333,0.5306907395521799,0.5506567507982254,0.518337294459343,0.6666666666666666,0.4166666666666667,0.38666049639383954,0.41410667449235916,0.38285737484693527,0.75,0.4583333333333333,0.5283291637897491,0.5837901681661606,0.5104327127337456,0.75,0.4583333333333333,0.7383748094240824,0.709997221827507,0.755928710103035,0.6666666666666666,0.4166666666666667
335,1.405689299106598,1.3973966538906097,1.4040630757808685,0.3333333333333333,0.5,1.005940983692805,0.9943784177303314,1.0011139214038849,0.375,0.4166666666666667,0.6529865761597952,0.6450896263122559,0.5998448058962822,0.5,0.25,0.3900904804468155,0.3928735628724098,0.3573940396308899,0.5416666666666666,0.25,0.5546905895074209,0.5452403128147125,0.5263146460056305,0.4583333333333333,0.25,0.4164297233025233,0.4137401208281517,0.3822890594601631,0.4583333333333333,0.25,0.5930468936761221,0.5787350088357925,0.518943190574646,0.4583333333333333,0.25,0.704279879728953,0.7177145779132843,0.744586169719696,0.4583333333333333,0.25
336,1.3904007077217102,1.3979962766170502,1.3891184329986572,0.7083333333333334,0.375,0.9946410556634268,0.995071679353714,0.9929913133382797,0.5416666666666666,0.4583333333333333,0.5889583875735601,0.6734534502029419,0.5766605883836746,0.75,0.5833333333333334,0.35613195101420086,0.3990318104624748,0.3507204055786133,0.7083333333333334,0.625,0.5174430807431539,0.5597378760576248,0.5117274820804596,0.8333333333333334,0.5416666666666666,0.3802190274000168,0.43132004141807556,0.3768935278058052,0.875,0.5,0.5090713004271189,0.6223606169223785,0.496387355029583,0.875,0.5416666666666666,0.757197509209315,0.6970908492803574,0.7653169482946396,0.8333333333333334,0.5416666666666666
337,1.3711296717325847,1.4114517569541931,1.395376443862915,0.9166666666666666,0.625,0.9716529448827108,1.0135782063007355,0.9938445538282394,0.9166666666666666,0.7083333333333334,0.6263237297534943,0.6726561337709427,0.5970179885625839,0.7083333333333334,0.375,0.37617166340351105,0.3984608054161072,0.35892943292856216,0.75,0.2916666666666667,0.5393888304630915,0.559745118021965,0.5264957398176193,0.7083333333333334,0.3333333333333333,0.40598935385545093,0.4294773116707802,0.3917623981833458,0.625,0.3333333333333333,0.5631233553091685,0.61630018055439,0.527942605316639,0.625,0.3333333333333333,0.7260149021943411,0.697085827589035,0.7443385571241379,0.7083333333333334,0.3333333333333333
338,1.4011489152908325,1.3956210017204285,1.4020546078681946,0.25,0.5,1.0013959805170696,0.9914990663528442,1.0023562014102936,0.20833333333333334,0.4583333333333333,0.6382509966691335,0.6317295134067535,0.5975547730922699,0.4166666666666667,0.2916666666666667,0.37735549112161,0.37593143433332443,0.3590293228626251,0.4166666666666667,0.2916666666666667,0.5478552977244059,0.544521763920784,0.5311128050088882,0.375,0.2916666666666667,0.40942202508449554,0.41127554327249527,0.3914311155676842,0.4583333333333333,0.2916666666666667,0.5781607925891876,0.5741659104824066,0.5328583791851997,0.4583333333333333,0.2916666666666667,0.7139805257320404,0.7187297493219376,0.7377815842628479,0.375,0.2916666666666667
339,1.3683373133341472,1.4012632071971893,1.3977555334568024,0.5,0.4583333333333333,0.977432777484258,1.0018524378538132,0.9980898946523666,0.5833333333333334,0.5416666666666666,0.6160945693651835,0.6214715093374252,0.5603547468781471,0.5416666666666666,0.2916666666666667,0.37325917681058246,0.3733963146805763,0.34371472150087357,0.5,0.2916666666666667,0.5291222681601843,0.5349717289209366,0.5048524290323257,0.5416666666666666,0.3333333333333333,0.38390179971853894,0.4036248251795769,0.36776003241539,0.5833333333333334,0.4166666666666667,0.5228019952774048,0.5516901314258575,0.479928620159626,0.5416666666666666,0.375,0.7405914862950643,0.7322967499494553,0.7750905305147171,0.5416666666666666,0.3333333333333333
340,1.3667063514391582,1.3951641023159027,1.4004679024219513,0.5416666666666666,0.5416666666666666,0.9767697056134542,0.9936677664518356,1.0041726976633072,0.5,0.6666666666666666,0.635421613852183,0.6737111359834671,0.6037220060825348,0.625,0.375,0.3847137490908305,0.4124659523367882,0.3650671914219856,0.625,0.4166666666666667,0.5409555385510126,0.5578458160161972,0.5278850048780441,0.5416666666666666,0.4166666666666667,0.39564211169878644,0.4273632764816284,0.3896661698818207,0.75,0.5,0.5547398130098978,0.6127398014068604,0.530482679605484,0.7083333333333334,0.5,0.7237711946169535,0.6997984796762466,0.7423568218946457,0.5416666666666666,0.4166666666666667
341,1.388947069644928,1.3986038267612457,1.4140209257602692,0.4166666666666667,0.6666666666666666,0.9866767724355062,0.9963456690311432,1.0220876634120941,0.5416666666666666,0.7083333333333334,0.6291725039482117,0.6543600857257843,0.6560024172067642,0.6666666666666666,0.6666666666666666,0.38197387754917145,0.38974711298942566,0.3936312198638916,0.5833333333333334,0.625,0.5400552451610565,0.5514485538005829,0.5523948222398758,0.6666666666666666,0.6666666666666666,0.3981340229511261,0.4174150452017784,0.41919344663619995,0.7083333333333334,0.7083333333333334,0.5519991020361582,0.5900573134422302,0.5936651974916458,0.6666666666666666,0.7083333333333334,0.7250571846961975,0.7088820934295654,0.7075416594743729,0.6666666666666666,0.6666666666666666
342,1.39736404021581,1.411195307970047,1.3991961777210236,0.75,0.5416666666666666,0.9955257574717203,1.0088593512773514,0.9990286529064178,0.6666666666666666,0.5833333333333334,0.6221382021903992,0.7162871360778809,0.5766009837388992,1.0,0.20833333333333334,0.37280067304770154,0.42242148518562317,0.3448129668831825,1.0,0.20833333333333334,0.5361738999684652,0.5790479481220245,0.5193733870983124,1.0,0.2916666666666667,0.400568147500356,0.44738081842660904,0.3841801881790161,1.0,0.375,0.549597238500913,0.6681517958641052,0.5130231231451035,1.0,0.3333333333333333,0.7305838167667389,0.6696588695049286,0.7544554471969604,1.0,0.2916666666666667
343,1.4095458388328552,1.3989315330982208,1.4008843898773193,0.20833333333333334,0.3333333333333333,1.0090450942516327,0.9956874847412109,0.9963342398405075,0.20833333333333334,0.3333333333333333,0.6910572250684103,0.6869735568761826,0.6542976349592209,0.5,0.375,0.4094732900460561,0.42125602066516876,0.3877933397889137,0.5416666666666666,0.375,0.5703062017758688,0.5663739889860153,0.5567459166049957,0.4166666666666667,0.3333333333333333,0.42792921264966327,0.43399229645729065,0.4201698750257492,0.5416666666666666,0.375,0.6314611236254374,0.6335761845111847,0.6016635596752167,0.5,0.375,0.6820913453896841,0.6876891851425171,0.7013606578111649,0.4166666666666667,0.3333333333333333
344,1.3792654275894165,1.3973310589790344,1.392185091972351,0.4166666666666667,0.375,0.9939921796321869,0.99700628221035,0.9981288909912109,0.3333333333333333,0.3333333333333333,0.5797404150168101,0.6179723888635635,0.568054161965847,0.5833333333333334,0.5416666666666666,0.3506956249475479,0.3757251873612404,0.3424796834588051,0.5416666666666666,0.5416666666666666,0.5138611247142156,0.534853532910347,0.5080251395702362,0.5833333333333334,0.5416666666666666,0.37531597912311554,0.400529608130455,0.3700288459658623,0.625,0.5,0.5035677949587504,0.5492565333843231,0.4861004948616028,0.5833333333333334,0.5,0.7622806330521902,0.7324538230895996,0.7705724239349365,0.5833333333333334,0.5416666666666666
345,1.3756712277730305,1.4021684229373932,1.3806312680244446,0.6666666666666666,0.5416666666666666,0.9909425477186838,1.0002239048480988,0.9876700937747955,0.6666666666666666,0.4166666666666667,0.6093330085277557,0.6822985708713531,0.5713896974921227,0.875,0.3333333333333333,0.3628066082795461,0.40311308205127716,0.34341203421354294,0.8333333333333334,0.3333333333333333,0.5312136511007944,0.5644516944885254,0.5099915936589241,0.875,0.2916666666666667,0.39052396019299823,0.4316738322377205,0.3707639276981354,0.875,0.3333333333333333,0.5351874977350235,0.6279567778110504,0.48839855194091797,0.875,0.3333333333333333,0.737616240978241,0.6904128342866898,0.7677869498729706,0.875,0.2916666666666667
346,1.4018280108769734,1.3928599059581757,1.400233507156372,0.3333333333333333,0.5,1.0056457817554474,0.9903263002634048,1.0010277926921844,0.25,0.375,0.6554300089677175,0.6525145769119263,0.6302637830376625,0.5,0.4166666666666667,0.39074384172757465,0.393129400908947,0.3774087131023407,0.5,0.4583333333333333,0.5527585248152415,0.5487257242202759,0.5423395335674286,0.4166666666666667,0.4583333333333333,0.415229469537735,0.41582032293081284,0.40761861950159073,0.5,0.5,0.5914336691300074,0.5867555215954781,0.5719898715615273,0.5,0.4583333333333333,0.7070139050483704,0.712759330868721,0.7218290418386459,0.4166666666666667,0.4583333333333333
347,1.3926357626914978,1.3974202275276184,1.4016838073730469,0.5833333333333334,0.6666666666666666,0.9923444390296936,0.9996147751808167,1.0050541311502457,0.6666666666666666,0.75,0.670159657796224,0.6566794812679291,0.588137298822403,0.5,0.375,0.4044900139172872,0.40394436568021774,0.35808390378952026,0.5,0.3333333333333333,0.5571867028872172,0.5484452247619629,0.519394688308239,0.4583333333333333,0.375,0.4188663611809413,0.41916509717702866,0.38497379422187805,0.5,0.375,0.6031720489263535,0.5913603007793427,0.5244689658284187,0.5,0.375,0.700721949338913,0.7131631970405579,0.7544290274381638,0.4583333333333333,0.375
348,1.390058974424998,1.3952657580375671,1.4007344543933868,0.5,0.6666666666666666,0.995765229066213,0.9918569922447205,1.0050734728574753,0.5,0.625,0.6207307179768881,0.6551249623298645,0.6334082037210464,0.7083333333333334,0.5833333333333334,0.38472917675971985,0.40465326607227325,0.39315688610076904,0.75,0.625,0.5259954134623209,0.5448259562253952,0.5344297811388969,0.7083333333333334,0.5833333333333334,0.3917687733968099,0.4123992770910263,0.39493201673030853,0.6666666666666666,0.5416666666666666,0.5298962940772375,0.5746051669120789,0.5417309924960136,0.7083333333333334,0.5,0.7450279891490936,0.7182640731334686,0.7330348044633865,0.7083333333333334,0.5833333333333334
349,1.3924272259076436,1.4083558320999146,1.3957310020923615,0.5416666666666666,0.3333333333333333,0.9935092826684316,1.0067933052778244,0.9936186373233795,0.5833333333333334,0.4166666666666667,0.6209428509076437,0.6719205528497696,0.5894114822149277,0.8333333333333334,0.2916666666666667,0.3714463760455449,0.39678241312503815,0.35603057593107224,0.75,0.2916666666666667,0.5355867197116216,0.5594410449266434,0.5249388664960861,0.8333333333333334,0.375,0.3973013361295064,0.4244624301791191,0.38978730142116547,0.7916666666666666,0.375,0.5469780266284943,0.609573021531105,0.523807480931282,0.7916666666666666,0.375,0.731417049964269,0.6975252479314804,0.7465448528528214,0.8333333333333334,0.375
350,1.3717841704686482,1.4020648002624512,1.403123527765274,0.5,0.5833333333333334,0.9762669603029887,0.9985750764608383,1.0025106519460678,0.5416666666666666,0.5416666666666666,0.6239940424760183,0.6785826981067657,0.595377579331398,0.7916666666666666,0.25,0.372793585062027,0.4140411764383316,0.3563321381807327,0.8333333333333334,0.25,0.5392984499533972,0.5611272305250168,0.5283463001251221,0.7916666666666666,0.2916666666666667,0.39627528687318164,0.4374687895178795,0.384984590113163,0.9166666666666666,0.3333333333333333,0.549003024895986,0.6304672658443451,0.5204123854637146,0.875,0.3333333333333333,0.7261389096577963,0.6951418519020081,0.7416992485523224,0.7916666666666666,0.2916666666666667
351,1.3735859990119934,1.400403380393982,1.3903199434280396,0.5833333333333334,0.5416666666666666,0.9777913391590118,0.9938843995332718,0.9917654395103455,0.5,0.5833333333333334,0.6660876274108887,0.6975674778223038,0.5817444920539856,0.6666666666666666,0.25,0.41319529215494794,0.41735420376062393,0.3617488890886307,0.5416666666666666,0.25,0.5540441075960795,0.56900355219841,0.5114405527710915,0.7916666666666666,0.16666666666666666,0.4157414535681407,0.4364768862724304,0.3716415464878082,0.75,0.20833333333333334,0.5917003651460012,0.6401307582855225,0.49449028819799423,0.75,0.16666666666666666,0.7051790853341421,0.6839304566383362,0.7657124996185303,0.7916666666666666,0.16666666666666666
352,1.408393879731496,1.4101659953594208,1.3934318125247955,0.5,0.25,1.005015363295873,1.0104434490203857,0.9875682443380356,0.625,0.2916666666666667,0.6719183425108591,0.7298504114151001,0.653730034828186,0.75,0.4166666666666667,0.40020325779914856,0.4270676523447037,0.38662605732679367,0.5833333333333334,0.375,0.5605313877264658,0.5859436988830566,0.5548356622457504,0.75,0.4583333333333333,0.41575857996940613,0.4489995017647743,0.41320109367370605,0.7916666666666666,0.4583333333333333,0.6020502398411433,0.6817864030599594,0.5899290442466736,0.7916666666666666,0.4583333333333333,0.6959734360376993,0.6598695069551468,0.7040732353925705,0.75,0.4583333333333333
353,1.4030387202898662,1.4028249084949493,1.40513414144516,0.4583333333333333,0.6666666666666666,1.0059907138347626,1.005636751651764,1.0092283487319946,0.5,0.5833333333333334,0.6458110014597574,0.6728046089410782,0.603907972574234,0.7083333333333334,0.25,0.3889225423336029,0.4151764065027237,0.36459534615278244,0.7916666666666666,0.25,0.5493025879065195,0.5529676526784897,0.5245718210935593,0.5,0.25,0.4199797958135605,0.4188849702477455,0.39571940898895264,0.5,0.2916666666666667,0.5923647483189901,0.5945953577756882,0.5325369536876678,0.4583333333333333,0.25,0.7119430204232534,0.7067152708768845,0.7470601052045822,0.5,0.25
354,1.4005061785380046,1.3958432376384735,1.383752554655075,0.3333333333333333,0.3333333333333333,0.9995264808336893,0.9942544102668762,0.9860076606273651,0.2916666666666667,0.4166666666666667,0.6318425933519999,0.6294092535972595,0.5883861631155014,0.375,0.25,0.38053278128306073,0.38560900837183,0.3570597693324089,0.5,0.2916666666666667,0.5448531260093054,0.5417900085449219,0.5254564806818962,0.375,0.20833333333333334,0.402926246325175,0.4109191671013832,0.384387269616127,0.4583333333333333,0.3333333333333333,0.5641632427771887,0.5697490870952606,0.5192134454846382,0.4166666666666667,0.2916666666666667,0.7182481487592062,0.7226156443357468,0.7458108365535736,0.375,0.20833333333333334
355,1.3921305537223816,1.404608279466629,1.3844263553619385,0.4166666666666667,0.16666666666666666,0.993824710448583,1.007508024573326,0.9841489493846893,0.4166666666666667,0.2916666666666667,0.6250976423422495,0.6270271688699722,0.5637997984886169,0.5416666666666666,0.3333333333333333,0.3746693283319473,0.38115570694208145,0.34077344834804535,0.625,0.375,0.5371648271878561,0.5325828194618225,0.5075798109173775,0.5,0.2916666666666667,0.39853906134764355,0.3996838927268982,0.36853354424238205,0.5,0.2916666666666667,0.5489179392655691,0.5447894111275673,0.48388394713401794,0.5416666666666666,0.2916666666666667,0.7291596929232279,0.7356884628534317,0.7712099999189377,0.5,0.2916666666666667
356,1.3917437195777893,1.409250795841217,1.4012185633182526,0.6666666666666666,0.5,0.9976439575354258,1.0106834769248962,1.0026673674583435,0.625,0.5416666666666666,0.5880764226118723,0.6781976372003555,0.5849606245756149,0.9583333333333334,0.5,0.35209402441978455,0.40819477289915085,0.3508549779653549,1.0,0.5,0.5227181216080984,0.5628291964530945,0.5191955417394638,0.9166666666666666,0.4583333333333333,0.3876464366912842,0.4329179599881172,0.38570282608270645,0.9166666666666666,0.5416666666666666,0.5204584002494812,0.6269074976444244,0.5146277025341988,0.9166666666666666,0.5416666666666666,0.749698648850123,0.6927052587270737,0.7547015994787216,0.9166666666666666,0.4583333333333333
357,1.3993167479832966,1.3961218893527985,1.3965159952640533,0.4583333333333333,0.4166666666666667,0.9991305967171987,0.9927787929773331,0.9921147674322128,0.4166666666666667,0.4583333333333333,0.6514985660711924,0.6682017296552658,0.6471005976200104,0.6666666666666666,0.5416666666666666,0.3860185196002324,0.3959672451019287,0.38768886774778366,0.625,0.5416666666666666,0.5529870589574178,0.5555688738822937,0.5467931479215622,0.5416666666666666,0.4583333333333333,0.4164876143137614,0.4219544753432274,0.40899644792079926,0.5,0.4166666666666667,0.590911199649175,0.6012116521596909,0.5742946267127991,0.5416666666666666,0.4583333333333333,0.7066929042339325,0.7030243873596191,0.715493842959404,0.5416666666666666,0.4583333333333333
358,1.3842536409695942,1.4075271487236023,1.4088126122951508,0.4583333333333333,0.375,0.9894383152325948,1.0104934871196747,1.0093852281570435,0.5,0.4583333333333333,0.6633674502372742,0.6740449070930481,0.6408519744873047,0.5833333333333334,0.4166666666666667,0.3920070280631383,0.3997804671525955,0.38460925221443176,0.5416666666666666,0.4583333333333333,0.5577590068181356,0.5620937347412109,0.5434597283601761,0.5416666666666666,0.2916666666666667,0.4190831780433655,0.4274986535310745,0.40424227714538574,0.5833333333333334,0.3333333333333333,0.6021384596824646,0.6174733936786652,0.5631995052099228,0.5833333333333334,0.3333333333333333,0.6999175151189169,0.6937578618526459,0.7202439606189728,0.5416666666666666,0.2916666666666667
359,1.4015994668006897,1.4018488228321075,1.404750019311905,0.2916666666666667,0.4166666666666667,1.0019123554229736,1.0035997331142426,1.0104104280471802,0.5,0.5416666666666666,0.6509180665016174,0.6495030075311661,0.5821010172367096,0.4166666666666667,0.25,0.38577179114023846,0.39523886889219284,0.3503125011920929,0.7916666666666666,0.3333333333333333,0.5493859450022379,0.5477831363677979,0.5181536376476288,0.375,0.20833333333333334,0.4126075506210327,0.4095771685242653,0.38091934472322464,0.375,0.20833333333333334,0.5804759760697683,0.5743190497159958,0.5073991939425468,0.4583333333333333,0.20833333333333334,0.7118130326271057,0.7140952050685883,0.7561890631914139,0.375,0.20833333333333334
360,1.387530525525411,1.4062647819519043,1.3959287405014038,0.75,0.4166666666666667,0.9895733495553335,1.0044461339712143,1.0000315755605698,0.6666666666666666,0.5833333333333334,0.6364141007264456,0.6878665238618851,0.608123853802681,0.5833333333333334,0.5,0.38733813166618347,0.40677814930677414,0.37365440279245377,0.5416666666666666,0.5,0.5405168881018957,0.5708596706390381,0.5264392420649529,0.6666666666666666,0.4583333333333333,0.3976391951243083,0.4414738491177559,0.3833092898130417,0.7083333333333334,0.375,0.5581677158673605,0.6489102691411972,0.5227993130683899,0.7083333333333334,0.4166666666666667,0.7244098981221517,0.681309774518013,0.7444030046463013,0.6666666666666666,0.4583333333333333
361,1.3949098388353984,1.3972198069095612,1.3960305452346802,0.5,0.375,0.99297567208608,0.9921516180038452,0.9938924461603165,0.4583333333333333,0.4583333333333333,0.6558747490247091,0.6592447459697723,0.5924406796693802,0.5,0.25,0.3887626032034556,0.3962941989302635,0.3532879874110222,0.625,0.25,0.5545295079549154,0.5559978187084198,0.5216948762536049,0.4166666666666667,0.20833333333333334,0.4164007753133774,0.4275099188089371,0.3774125725030899,0.6666666666666666,0.20833333333333334,0.5944965829451879,0.6106337755918503,0.5078207477927208,0.625,0.20833333333333334,0.7045044203599294,0.702431708574295,0.7511451244354248,0.4166666666666667,0.20833333333333334
362,1.3887869914372761,1.404197096824646,1.3950854241847992,0.6666666666666666,0.5416666666666666,0.9949145515759786,1.0019783824682236,0.9938265681266785,0.5416666666666666,0.5416666666666666,0.6228518784046173,0.6983580440282822,0.5740274861454964,0.8333333333333334,0.2916666666666667,0.37201231718063354,0.41392941772937775,0.35001174360513687,0.875,0.3333333333333333,0.5395561158657074,0.574115052819252,0.5157086625695229,0.875,0.2916666666666667,0.402276615301768,0.44253508001565933,0.3795491084456444,0.9583333333333334,0.2916666666666667,0.5582950562238693,0.6545380502939224,0.5043620318174362,0.9166666666666666,0.2916666666666667,0.7257748941580454,0.6766717880964279,0.7596616148948669,0.875,0.2916666666666667
363,1.399686376253764,1.4097819030284882,1.4025967121124268,0.8333333333333334,0.4166666666666667,0.997840166091919,1.011553019285202,0.997667983174324,0.875,0.375,0.6570522884527842,0.7173783332109451,0.6524831652641296,0.7916666666666666,0.5833333333333334,0.39030135174592334,0.4251505583524704,0.3880121484398842,0.7916666666666666,0.625,0.5568500061829885,0.5770897418260574,0.5527485907077789,0.7916666666666666,0.5416666666666666,0.41695864001909894,0.4460480213165283,0.4102926701307297,0.875,0.5416666666666666,0.597087100148201,0.6644915640354156,0.5873344466090202,0.8333333333333334,0.5416666666666666,0.7012077967325846,0.6724591255187988,0.7070375680923462,0.7916666666666666,0.5416666666666666
364,1.368008275826772,1.3932413458824158,1.3918269574642181,0.7083333333333334,0.75,0.9723402659098307,0.9963496178388596,1.0009885281324387,0.7083333333333334,0.7916666666666666,0.5895323355992635,0.5920619815587997,0.5544527769088745,0.5,0.3333333333333333,0.3556910107533137,0.3556690663099289,0.3472076654434204,0.5,0.4166666666666667,0.5196986595789591,0.5234344005584717,0.5035715252161026,0.5,0.375,0.38899749517440796,0.3961116001009941,0.36515137553215027,0.5,0.3333333333333333,0.5209859013557434,0.5301365628838539,0.4760264828801155,0.5,0.375,0.7539949715137482,0.7486835420131683,0.7768964022397995,0.5,0.375
365,1.3745093544324238,1.4037805795669556,1.399329036474228,0.75,0.7083333333333334,0.9810319046179453,0.9981259852647781,1.0064588338136673,0.625,0.875,0.632797360420227,0.7131707221269608,0.5846259891986847,0.8333333333333334,0.3333333333333333,0.3841489056746165,0.4291635900735855,0.35433943569660187,0.8333333333333334,0.2916666666666667,0.534928431113561,0.5753438621759415,0.5204618573188782,0.8333333333333334,0.375,0.3988349338372548,0.44197623431682587,0.38406139612197876,0.75,0.2916666666666667,0.5528106590112051,0.6557251065969467,0.5134702324867249,0.7916666666666666,0.3333333333333333,0.7323481738567352,0.6749195158481598,0.752905398607254,0.8333333333333334,0.375
366,1.4001708428064983,1.403588980436325,1.4084611237049103,0.5833333333333334,0.6666666666666666,0.99893519282341,1.0000365525484085,1.0083011388778687,0.5,0.625,0.611126442750295,0.7480682581663132,0.6107097715139389,1.0,0.7083333333333334,0.37208937605222064,0.4735245332121849,0.3694344833493233,1.0,0.7083333333333334,0.5323162575562795,0.5824978053569794,0.5354984775185585,1.0,0.7083333333333334,0.3882025132576625,0.44500919431447983,0.39236874133348465,1.0,0.6666666666666666,0.5279144396384557,0.671081617474556,0.53910843282938,1.0,0.7083333333333334,0.7360531886418661,0.664776474237442,0.7315335273742676,1.0,0.7083333333333334
367,1.4011718432108562,1.3923166692256927,1.4026708900928497,0.2916666666666667,0.5,1.0062959690888722,0.9891262799501419,1.0047296285629272,0.3333333333333333,0.5416666666666666,0.6267148753007253,0.6296012103557587,0.6047142893075943,0.5,0.4166666666666667,0.3789738118648529,0.3788383826613426,0.3710852786898613,0.5,0.4166666666666667,0.5402662058671316,0.5393119752407074,0.5239056050777435,0.4583333333333333,0.375,0.40505820512771606,0.406188003718853,0.3866281360387802,0.5416666666666666,0.4583333333333333,0.5619562715291977,0.5634248331189156,0.5245869681239128,0.5416666666666666,0.4583333333333333,0.7247666815916697,0.7261160314083099,0.7480085045099258,0.4583333333333333,0.375
368,1.402497907479604,1.414791762828827,1.384976476430893,0.6666666666666666,0.25,0.9990591704845428,1.0135304778814316,0.9824787676334381,0.625,0.25,0.6153508126735687,0.6620151996612549,0.5957750380039215,0.75,0.4166666666666667,0.3731768727302551,0.3953075483441353,0.36159903556108475,0.7083333333333334,0.375,0.53206238647302,0.5585644394159317,0.5222616493701935,0.7916666666666666,0.375,0.3915478785832723,0.4198595955967903,0.383110411465168,0.7916666666666666,0.4166666666666667,0.5348225434621176,0.6027680933475494,0.5148883163928986,0.7916666666666666,0.4166666666666667,0.736423502365748,0.6987509578466415,0.750340148806572,0.7916666666666666,0.375
369,1.4114746848742168,1.399741768836975,1.414881706237793,0.25,0.5833333333333334,1.0093584756056468,0.9930358529090881,1.014898270368576,0.16666666666666666,0.5416666666666666,0.6352947254975637,0.7045141905546188,0.628956750035286,0.8333333333333334,0.4583333333333333,0.3855321407318115,0.41605904698371887,0.3786558732390404,0.8333333333333334,0.4166666666666667,0.5432124435901642,0.5722188353538513,0.5423200726509094,0.875,0.5416666666666666,0.40308918058872223,0.43851152807474136,0.4033871218562126,0.875,0.625,0.5609694222609202,0.6456784754991531,0.5597283095121384,0.875,0.5833333333333334,0.7205835282802582,0.6793681681156158,0.7218360602855682,0.875,0.5416666666666666
370,1.4003568689028423,1.3945216238498688,1.3992274701595306,0.375,0.4583333333333333,1.000261257092158,0.9907189756631851,0.9955969452857971,0.3333333333333333,0.375,0.6833575864632925,0.6768378615379333,0.6469727009534836,0.4583333333333333,0.25,0.4090300699075063,0.40265168994665146,0.38721810281276703,0.3333333333333333,0.16666666666666666,0.5594387352466583,0.5636417120695114,0.5461711138486862,0.5416666666666666,0.3333333333333333,0.4218399077653885,0.42875995486974716,0.40677328407764435,0.5416666666666666,0.3333333333333333,0.607242226600647,0.6206600069999695,0.5689765065908432,0.5416666666666666,0.3333333333333333,0.6975286801656088,0.6915581375360489,0.71636563539505,0.5416666666666666,0.3333333333333333
371,1.389678378899892,1.39676034450531,1.3882744908332825,0.20833333333333334,0.20833333333333334,0.9908703664938608,0.9892412573099136,0.9825848639011383,0.25,0.25,0.6748213171958923,0.7087977081537247,0.6331276744604111,0.6666666666666666,0.3333333333333333,0.39955774943033856,0.41808442026376724,0.3749515488743782,0.6666666666666666,0.3333333333333333,0.5640909473101298,0.5769559890031815,0.5414466857910156,0.625,0.2916666666666667,0.42211205263932544,0.4398307204246521,0.40057191997766495,0.625,0.3333333333333333,0.6177727927764257,0.6569472551345825,0.5599268302321434,0.625,0.3333333333333333,0.6909145812193552,0.6726443320512772,0.7231011390686035,0.625,0.2916666666666667
372,1.3979620337486267,1.4159361720085144,1.3815197944641113,0.7916666666666666,0.5,0.9968020915985107,1.014997437596321,0.9825316220521927,0.8333333333333334,0.4166666666666667,0.6402902106444041,0.7075390666723251,0.6187204122543335,0.7083333333333334,0.4583333333333333,0.38027360538641614,0.4151111990213394,0.36674951761960983,0.7083333333333334,0.4166666666666667,0.5469648440678915,0.5743061751127243,0.5372423008084297,0.6666666666666666,0.4583333333333333,0.4005890339612961,0.43822508305311203,0.3913586586713791,0.7083333333333334,0.4583333333333333,0.5673192789157232,0.6502837240695953,0.5429985821247101,0.6666666666666666,0.4583333333333333,0.715242842833201,0.676399901509285,0.7290609180927277,0.6666666666666666,0.4583333333333333
373,1.3882710138956706,1.4021739661693573,1.4118630588054657,0.375,0.625,0.9932499627272288,0.9986152052879333,1.011823683977127,0.5,0.625,0.7061781585216522,0.6915808022022247,0.6422382593154907,0.375,0.2916666666666667,0.4202433377504349,0.4399438202381134,0.3798724487423897,0.6666666666666666,0.2916666666666667,0.5751292208830515,0.562695324420929,0.542694203555584,0.375,0.2916666666666667,0.4294299433628718,0.4229281395673752,0.391444630920887,0.375,0.2916666666666667,0.6384374797344208,0.6137131601572037,0.5518681034445763,0.375,0.2916666666666667,0.6752289136250814,0.6929193586111069,0.7213088870048523,0.375,0.2916666666666667
374,1.3974151015281677,1.3987781703472137,1.3984636068344116,0.5416666666666666,0.4583333333333333,0.996645857890447,0.9953330606222153,1.0048552453517914,0.5416666666666666,0.5416666666666666,0.6540373762448629,0.6701353341341019,0.5641060918569565,0.5833333333333334,0.2916666666666667,0.40041625996430713,0.4048680290579796,0.3486590161919594,0.5416666666666666,0.2916666666666667,0.5394634952147802,0.5569198280572891,0.49814069271087646,0.5833333333333334,0.25,0.39830945432186127,0.43146178871393204,0.3642992675304413,0.5833333333333334,0.375,0.568265105287234,0.6203177720308304,0.47883594036102295,0.5833333333333334,0.375,0.7258951961994171,0.7011066377162933,0.7846222221851349,0.5833333333333334,0.25
375,1.4017752806345622,1.408735603094101,1.3960618078708649,0.625,0.375,1.005368709564209,1.0056524574756622,0.997554212808609,0.5,0.4166666666666667,0.6347632904847463,0.6746324747800827,0.5685321688652039,0.7083333333333334,0.20833333333333334,0.39169548948605853,0.40735895186662674,0.35877320170402527,0.7083333333333334,0.20833333333333334,0.5376773079236349,0.5607350170612335,0.5028217360377312,0.7916666666666666,0.041666666666666664,0.39793744186560315,0.4283098578453064,0.3610752150416374,0.9583333333333334,0.0,0.5467788527409235,0.6174170076847076,0.4644094780087471,0.8333333333333334,0.0,0.7284332315127054,0.6956785172224045,0.7779712826013565,0.7916666666666666,0.041666666666666664
376,1.397024969259898,1.3979331851005554,1.399498850107193,0.4583333333333333,0.5833333333333334,0.9914457599322001,0.9909602850675583,0.9960561245679855,0.4583333333333333,0.625,0.6816878020763397,0.7069665193557739,0.6611915528774261,0.625,0.4166666666666667,0.4074778159459432,0.4153849706053734,0.39620473235845566,0.625,0.4583333333333333,0.5643242001533508,0.5762269347906113,0.5526034235954285,0.6666666666666666,0.4166666666666667,0.42154691616694134,0.44659335166215897,0.40936607867479324,0.7916666666666666,0.4166666666666667,0.6136909822622935,0.6640133708715439,0.5861454084515572,0.75,0.4166666666666667,0.6905868947505951,0.6736839115619659,0.7072430551052094,0.6666666666666666,0.4166666666666667
377,1.3925705552101135,1.4057562351226807,1.3987322747707367,0.9166666666666666,0.5833333333333334,0.986318826675415,1.003242626786232,0.9954347610473633,0.8333333333333334,0.6666666666666666,0.6528468032677969,0.692286878824234,0.620784804224968,0.7916666666666666,0.20833333333333334,0.3942956378062566,0.41406889259815216,0.36961672455072403,0.7916666666666666,0.16666666666666666,0.5537300010522207,0.5704381763935089,0.5372830927371979,0.875,0.25,0.4155136893192927,0.4382583647966385,0.40428122133016586,0.875,0.2916666666666667,0.5907006611426672,0.6429611891508102,0.5562935397028923,0.875,0.2916666666666667,0.7056377629439036,0.6818967014551163,0.7290004193782806,0.875,0.25
378,1.3999485572179158,1.402827501296997,1.403031051158905,0.5,0.625,0.9988961617151896,0.999001607298851,1.0021492838859558,0.5416666666666666,0.5833333333333334,0.6274989694356918,0.6535152196884155,0.5962923020124435,0.5416666666666666,0.2916666666666667,0.3731560210386912,0.3876754716038704,0.35577789694070816,0.5416666666666666,0.3333333333333333,0.545651376247406,0.5562205612659454,0.5300389528274536,0.5416666666666666,0.2916666666666667,0.40981583793958026,0.4290007874369621,0.3973914906382561,0.6666666666666666,0.2916666666666667,0.5764996608098348,0.6120391488075256,0.5414488837122917,0.625,0.2916666666666667,0.7171200712521871,0.7021115273237228,0.739301398396492,0.5416666666666666,0.2916666666666667
379,1.4072315295537312,1.400832861661911,1.4028737246990204,0.20833333333333334,0.3333333333333333,1.0040235420068104,0.9989774376153946,0.9992585182189941,0.375,0.4583333333333333,0.7123695611953735,0.6676474660634995,0.6461676955223083,0.4166666666666667,0.16666666666666666,0.4265471249818802,0.4053606018424034,0.38786015659570694,0.4583333333333333,0.20833333333333334,0.5759723285833994,0.5531753823161125,0.5493108481168747,0.3333333333333333,0.16666666666666666,0.43590468168258667,0.4174904003739357,0.4062443971633911,0.4166666666666667,0.16666666666666666,0.649122009674708,0.6008526235818863,0.5733118057250977,0.375,0.16666666666666666,0.6740313867727915,0.7064310908317566,0.7119092047214508,0.3333333333333333,0.16666666666666666
380,1.403371234734853,1.4010874330997467,1.410821110010147,0.3333333333333333,0.625,1.0047361552715302,0.9990457445383072,1.0148946344852448,0.2916666666666667,0.625,0.6271329720815023,0.6199292242527008,0.6594699919223785,0.375,0.7083333333333334,0.3773734321196874,0.3729408159852028,0.40741535276174545,0.4166666666666667,0.7083333333333334,0.5297937244176865,0.5309772193431854,0.5455944240093231,0.375,0.75,0.3996622910102208,0.4091116338968277,0.40562762320041656,0.6666666666666666,0.5833333333333334,0.542212595542272,0.5555528551340103,0.5674661621451378,0.5,0.625,0.7396523952484131,0.7379673272371292,0.7171777039766312,0.375,0.75
381,1.3965426087379456,1.382038801908493,1.3930705189704895,0.16666666666666666,0.20833333333333334,0.9941182235876719,0.9735172688961029,0.9909210801124573,0.16666666666666666,0.20833333333333334,0.6129616697629293,0.6028872728347778,0.6199378967285156,0.4583333333333333,0.5416666666666666,0.3757368822892507,0.37011776864528656,0.378614641726017,0.4583333333333333,0.5,0.5304227372010549,0.5260791406035423,0.5386848598718643,0.4166666666666667,0.5416666666666666,0.39070897301038104,0.39316526055336,0.39726945012807846,0.4166666666666667,0.5416666666666666,0.5407427698373795,0.5313578769564629,0.5519033744931221,0.4166666666666667,0.5416666666666666,0.7387446562449137,0.7449286729097366,0.7270075082778931,0.4166666666666667,0.5416666666666666
382,1.3967300256093342,1.3976926505565643,1.3831048905849457,0.5416666666666666,0.5,0.9927839438120524,0.995221272110939,0.9834554642438889,0.5833333333333334,0.5,0.5921436448891958,0.6411028802394867,0.5885832756757736,0.5,0.4583333333333333,0.35673270374536514,0.38726333528757095,0.35411812365055084,0.5416666666666666,0.4583333333333333,0.5182558596134186,0.5423406511545181,0.522202730178833,0.5,0.4583333333333333,0.37718114753564197,0.4047050476074219,0.38262834399938583,0.5416666666666666,0.4583333333333333,0.5173832525809606,0.5667361617088318,0.516782358288765,0.5,0.4583333333333333,0.7560434738794962,0.721807986497879,0.7504271268844604,0.5,0.4583333333333333
383,1.4012396534283955,1.3941763639450073,1.402539700269699,0.3333333333333333,0.375,1.0054106712341309,0.9952485412359238,1.0072828084230423,0.25,0.3333333333333333,0.678540031115214,0.6351786255836487,0.6082776486873627,0.2916666666666667,0.16666666666666666,0.40253134568532306,0.3809189274907112,0.371355801820755,0.2916666666666667,0.25,0.5582442680994669,0.5441924184560776,0.5256510674953461,0.3333333333333333,0.16666666666666666,0.4185364047686259,0.4095856547355652,0.38859114050865173,0.4166666666666667,0.20833333333333334,0.6022342840830485,0.5728123039007187,0.5266392827033997,0.375,0.20833333333333334,0.6992226441701254,0.7191940248012543,0.7455395311117172,0.3333333333333333,0.16666666666666666
384,1.3995561798413594,1.3897913694381714,1.3979741930961609,0.25,0.3333333333333333,1.0004845360914867,0.9850949794054031,1.0006590336561203,0.20833333333333334,0.4583333333333333,0.5919033189614614,0.6470150202512741,0.5684683918952942,0.8333333333333334,0.375,0.3554241557916005,0.38376931101083755,0.34984923154115677,0.7916666666666666,0.4583333333333333,0.5239650507767996,0.5495702922344208,0.5094811469316483,0.8333333333333334,0.2916666666666667,0.39036768674850464,0.4197724759578705,0.3742705509066582,0.8333333333333334,0.2916666666666667,0.5240933497746786,0.5922679752111435,0.48843129724264145,0.8333333333333334,0.2916666666666667,0.7479300399621328,0.7115338891744614,0.7685060948133469,0.8333333333333334,0.2916666666666667
385,1.3615583578745525,1.3965308666229248,1.3928806483745575,0.3333333333333333,0.25,0.9715549747149149,0.9904836118221283,0.9922695755958557,0.2916666666666667,0.4166666666666667,0.6101865271727244,0.683193251490593,0.6065772175788879,0.875,0.5833333333333334,0.36334816614786786,0.40649329125881195,0.3601733073592186,0.875,0.5416666666666666,0.5315015862385432,0.5652901381254196,0.5293054133653641,0.875,0.5833333333333334,0.39019223550955456,0.4272324964404106,0.3909463956952095,0.875,0.5833333333333334,0.531278188029925,0.6214360445737839,0.5313012897968292,0.875,0.5833333333333334,0.7372194031874338,0.689196765422821,0.7403452843427658,0.875,0.5833333333333334
386,1.4028090039889018,1.4040914177894592,1.4095315635204315,0.5,0.625,0.9996993045012156,1.002926915884018,1.0083493441343307,0.5,0.5,0.6325205067793528,0.7144021689891815,0.6685875207185745,0.9583333333333334,0.75,0.3789776513973872,0.4204435348510742,0.3963230326771736,0.9166666666666666,0.7083333333333334,0.5439182619253794,0.5805229097604752,0.5563267022371292,0.9583333333333334,0.6666666666666666,0.40589645504951477,0.44656775146722794,0.4173742085695267,0.9583333333333334,0.75,0.56535937388738,0.669859305024147,0.6008539497852325,0.9583333333333334,0.75,0.7195804715156555,0.6675657033920288,0.701936811208725,0.9583333333333334,0.7083333333333334
387,1.376541535059611,1.4041349589824677,1.399633139371872,0.7083333333333334,0.7916666666666666,0.9775710006554922,0.9997819364070892,0.994410902261734,0.7083333333333334,0.7083333333333334,0.6964471240838369,0.7361277788877487,0.6495918482542038,0.6666666666666666,0.2916666666666667,0.40863128503163654,0.43877845257520676,0.39739807695150375,0.6666666666666666,0.4166666666666667,0.5702462792396545,0.5859809219837189,0.5477632433176041,0.6666666666666666,0.25,0.4255347400903702,0.4518292173743248,0.40771517902612686,0.7083333333333334,0.25,0.6309710542360941,0.6886383593082428,0.5726283937692642,0.7083333333333334,0.25,0.6821695764859518,0.6598317623138428,0.7141245901584625,0.6666666666666666,0.25
388,1.3688738147417705,1.3998420536518097,1.3981348276138306,0.625,0.5833333333333334,0.973960151274999,0.9994398802518845,0.9947945773601532,0.6666666666666666,0.625,0.6842557787895203,0.6666806042194366,0.6750947386026382,0.3333333333333333,0.5,0.4057859182357788,0.39512285590171814,0.4180707633495331,0.2916666666666667,0.75,0.5627088149388632,0.5569755733013153,0.5452036708593369,0.375,0.375,0.42868175109227497,0.42248500883579254,0.3982452377676964,0.375,0.20833333333333334,0.6203146874904633,0.6045994311571121,0.5606805756688118,0.3333333333333333,0.25,0.6928785940011343,0.7010234594345093,0.7177461385726929,0.375,0.375
389,1.3971703052520752,1.4001682996749878,1.3880644738674164,0.4583333333333333,0.375,1.0087711314360301,0.9966379255056381,0.9929234385490417,0.20833333333333334,0.2916666666666667,0.5758329232533773,0.655165284872055,0.5362707227468491,1.0,0.16666666666666666,0.34792664150396985,0.39574750512838364,0.33108901232481003,0.9583333333333334,0.25,0.5150018930435181,0.5532708466053009,0.48919256776571274,1.0,0.125,0.3823622316122055,0.42052513360977173,0.3576018959283829,1.0,0.3333333333333333,0.5031987428665161,0.5960011780261993,0.45079925656318665,1.0,0.25,0.760666678349177,0.7062869668006897,0.797328844666481,1.0,0.125
390,1.3799205422401428,1.4140770137310028,1.4083223640918732,0.8333333333333334,0.6666666666666666,0.9792007406552633,1.0099642127752304,1.0033037513494492,0.8333333333333334,0.75,0.6455555458863577,0.6524676382541656,0.6413529217243195,0.5833333333333334,0.5,0.38366900384426117,0.38574808090925217,0.38179998099803925,0.4583333333333333,0.5,0.5500392069419225,0.5577164441347122,0.5492404699325562,0.625,0.5416666666666666,0.40450816849867505,0.4202723205089569,0.4076298177242279,0.625,0.5416666666666666,0.5757103512684504,0.6030997484922409,0.5771539062261581,0.625,0.5416666666666666,0.7108757893244425,0.6999922543764114,0.7120271772146225,0.625,0.5416666666666666
391,1.3946378032366435,1.4026359617710114,1.411065936088562,0.375,0.4583333333333333,0.9976324538389841,0.9985443204641342,1.0084839910268784,0.4166666666666667,0.5416666666666666,0.6598285237948099,0.6792614758014679,0.6385401636362076,0.6666666666666666,0.375,0.3898662030696869,0.4008369594812393,0.37814099341630936,0.6666666666666666,0.3333333333333333,0.5537862976392111,0.5638217777013779,0.5440379083156586,0.6666666666666666,0.375,0.4160073846578598,0.43301862478256226,0.40343163162469864,0.6666666666666666,0.4166666666666667,0.5918864111105601,0.6267506629228592,0.5618967562913895,0.6666666666666666,0.375,0.7055592238903046,0.6913018226623535,0.7194073796272278,0.6666666666666666,0.375
392,1.405657430489858,1.3936238586902618,1.3999771773815155,0.25,0.375,1.0077600181102753,0.9898883700370789,0.9984202682971954,0.20833333333333334,0.375,0.5960184733072916,0.594358503818512,0.6349019110202789,0.5416666666666666,0.625,0.3560607333978017,0.3583789989352226,0.3778996914625168,0.5416666666666666,0.6666666666666666,0.5269882579644521,0.5267416313290596,0.5438637584447861,0.4583333333333333,0.6666666666666666,0.383518785238266,0.39444272965192795,0.4070799648761749,0.5833333333333334,0.7083333333333334,0.520073930422465,0.5318649336695671,0.5680058225989342,0.5,0.6666666666666666,0.7436279058456421,0.7440002262592316,0.7196619212627411,0.4583333333333333,0.6666666666666666
393,1.3922106424967449,1.4006188809871674,1.4015478491783142,0.7083333333333334,0.75,0.988906741142273,0.9991563111543655,1.0019550025463104,0.7916666666666666,0.8333333333333334,0.6396746834119161,0.6583160907030106,0.5886023640632629,0.5833333333333334,0.375,0.3824857572714488,0.39095906913280487,0.3474583625793457,0.5833333333333334,0.25,0.5494228800137838,0.5549978911876678,0.5253739878535271,0.5,0.4166666666666667,0.4106345574061076,0.4212646931409836,0.38678737729787827,0.625,0.4166666666666667,0.5805842677752177,0.6019913405179977,0.5274088904261589,0.5416666666666666,0.4583333333333333,0.7117551267147064,0.7038387209177017,0.7459290772676468,0.5,0.4166666666666667
394,1.3994762102762859,1.3996965885162354,1.402149349451065,0.5416666666666666,0.5833333333333334,1.000329742829005,0.9988380670547485,1.0058585107326508,0.4166666666666667,0.625,0.6163435975710551,0.6427511870861053,0.602305680513382,0.5833333333333334,0.4583333333333333,0.36633314689000446,0.38021164387464523,0.36240386217832565,0.5833333333333334,0.4583333333333333,0.5359153548876444,0.5475614368915558,0.5290053263306618,0.5833333333333334,0.4583333333333333,0.3984871705373128,0.41506703197956085,0.3931710720062256,0.5833333333333334,0.5,0.5478868782520294,0.5812850892543793,0.533579021692276,0.5833333333333334,0.4583333333333333,0.730943908294042,0.7144045382738113,0.7407603412866592,0.5833333333333334,0.4583333333333333
395,1.368975579738617,1.4024131894111633,1.4015719294548035,0.5,0.4583333333333333,0.9734201033910116,0.9982975274324417,1.0026307553052902,0.5416666666666666,0.5833333333333334,0.6511520544687907,0.6839987933635712,0.6195151656866074,0.625,0.3333333333333333,0.3897115687529246,0.41884881258010864,0.3760976940393448,0.6666666666666666,0.375,0.5512097179889679,0.5617706477642059,0.5352592319250107,0.5416666666666666,0.2916666666666667,0.4058801879485448,0.43223631381988525,0.39683277159929276,0.6666666666666666,0.4166666666666667,0.576258530219396,0.6268479973077774,0.5447610318660736,0.6666666666666666,0.375,0.7092155118783315,0.6942314356565475,0.7318909168243408,0.5416666666666666,0.2916666666666667
396,1.395126203695933,1.392165094614029,1.4015839099884033,0.2916666666666667,0.5,0.9981795251369476,0.9893329441547394,1.0038137435913086,0.4583333333333333,0.6666666666666666,0.6442922353744507,0.64485102891922,0.6040211319923401,0.5416666666666666,0.375,0.3884860575199127,0.39322953671216965,0.36145710200071335,0.5416666666666666,0.3333333333333333,0.5436508605877558,0.5442689508199692,0.5288777053356171,0.5416666666666666,0.4166666666666667,0.4124250113964081,0.4186629429459572,0.39501824975013733,0.625,0.375,0.578872874379158,0.5903649106621742,0.5410099104046822,0.5416666666666666,0.375,0.7199653188387553,0.7190866470336914,0.740940660238266,0.5416666666666666,0.4166666666666667
397,1.398870329062144,1.4000788927078247,1.3950565457344055,0.5416666666666666,0.4583333333333333,1.0010469158490498,1.0018744617700577,0.9966846704483032,0.5416666666666666,0.5416666666666666,0.6809895733992258,0.6546738892793655,0.6115738600492477,0.375,0.20833333333333334,0.4110233336687088,0.3917252868413925,0.3835480362176895,0.2916666666666667,0.2916666666666667,0.561096986134847,0.5519444197416306,0.5242219567298889,0.3333333333333333,0.25,0.4307270497083664,0.4204326346516609,0.39492353051900864,0.3333333333333333,0.25,0.6257873823245367,0.5964105725288391,0.5367106348276138,0.3333333333333333,0.25,0.6951655745506287,0.7081598788499832,0.7475639581680298,0.3333333333333333,0.25
398,1.405771831671397,1.3966582715511322,1.3961181044578552,0.25,0.2916666666666667,1.0112470984458923,0.9951687157154083,1.0003298223018646,0.20833333333333334,0.25,0.6317872802416483,0.6191213876008987,0.5985761359333992,0.4166666666666667,0.3333333333333333,0.3780091553926468,0.37191176414489746,0.3690082058310509,0.4166666666666667,0.4166666666666667,0.5370619098345438,0.5292438417673111,0.5190811231732368,0.4166666666666667,0.3333333333333333,0.40045150617758435,0.40132005512714386,0.37724632024765015,0.5416666666666666,0.375,0.551390677690506,0.5430525913834572,0.5046105980873108,0.4583333333333333,0.375,0.7293117344379425,0.7404412478208542,0.7548643499612808,0.4166666666666667,0.3333333333333333
399,1.3603164156277974,1.4183658063411713,1.3924936950206757,0.9583333333333334,0.5833333333333334,0.9661741654078165,1.019010990858078,0.9906837642192841,0.875,0.4583333333333333,0.5855943709611893,0.7301997542381287,0.5792998820543289,1.0,0.5416666666666666,0.35297351082166034,0.44163989275693893,0.34384507685899734,1.0,0.5416666666666666,0.5129936089118322,0.58063605427742,0.5164931565523148,0.9583333333333334,0.5416666666666666,0.3723788907130559,0.4452998787164688,0.37832581996917725,0.875,0.5833333333333334,0.5026884078979492,0.6674647927284241,0.5082568973302841,0.875,0.5833333333333334,0.7635061740875244,0.6673883348703384,0.7585286051034927,0.9583333333333334,0.5416666666666666
400,1.4165263175964355,1.4117148518562317,1.3972203135490417,0.375,0.20833333333333334,1.0155253410339355,1.0058298856019974,0.9940719157457352,0.375,0.3333333333333333,0.7004292805989584,0.7792024314403534,0.6627194136381149,0.8333333333333334,0.20833333333333334,0.41917950908343,0.4599766880273819,0.40314314514398575,0.8333333333333334,0.2916666666666667,0.5720402697722117,0.6059142798185349,0.5543725043535233,0.875,0.25,0.42409250140190125,0.4720834717154503,0.4099682420492172,0.9583333333333334,0.3333333333333333,0.6272644897301992,0.7496612221002579,0.5837218314409256,0.9583333333333334,0.2916666666666667,0.6796200474103292,0.631506085395813,0.7047304809093475,0.875,0.20833333333333334
401,1.3936232527097066,1.3967603147029877,1.3990692496299744,0.6666666666666666,0.6666666666666666,0.9911878208319346,0.9950318038463593,1.0002095848321915,0.6666666666666666,0.7916666666666666,0.6716935634613037,0.6587994545698166,0.6117451339960098,0.4166666666666667,0.25,0.40624651809533435,0.39279530197381973,0.3702344298362732,0.4166666666666667,0.2916666666666667,0.5615856647491455,0.5579392462968826,0.5310680046677589,0.4166666666666667,0.25,0.4226173311471939,0.427455872297287,0.3876251056790352,0.5416666666666666,0.25,0.6141390254100164,0.6125770211219788,0.5303981453180313,0.4583333333333333,0.25,0.6944815715154012,0.6996648013591766,0.7378300875425339,0.4166666666666667,0.25
402,1.3993508021036785,1.4046772122383118,1.4022977948188782,0.6666666666666666,0.6666666666666666,1.0011889735857646,1.0030601620674133,1.0047083646059036,0.5416666666666666,0.6666666666666666,0.6844342152277628,0.670034721493721,0.6311454921960831,0.3333333333333333,0.2916666666666667,0.4067513992389043,0.3994082510471344,0.3880341872572899,0.3333333333333333,0.375,0.5642739534378052,0.558761328458786,0.5391649231314659,0.375,0.25,0.42430853843688965,0.42321714013814926,0.40657373517751694,0.375,0.25,0.6188769141832987,0.6075785905122757,0.5649280771613121,0.3333333333333333,0.25,0.6906486054261526,0.6984885632991791,0.7263454794883728,0.375,0.25
403,1.384816288948059,1.3992134928703308,1.3975773751735687,0.5416666666666666,0.5416666666666666,0.9856955508391062,0.9974132031202316,0.9932622462511063,0.625,0.5416666666666666,0.6364645659923553,0.6890379637479782,0.6229754984378815,0.6666666666666666,0.4583333333333333,0.37963176270325977,0.425235316157341,0.3747579976916313,0.8333333333333334,0.625,0.5477857192357382,0.5633365511894226,0.5383298248052597,0.625,0.4166666666666667,0.4008428404728572,0.43150487542152405,0.3980175778269768,0.7916666666666666,0.5,0.5635567357142767,0.6266254931688309,0.5542179048061371,0.6666666666666666,0.4166666666666667,0.7140837907791138,0.692009836435318,0.7275205552577972,0.625,0.4166666666666667
404,1.3887394666671753,1.4004993438720703,1.3965753316879272,0.8333333333333334,0.6666666666666666,0.9901160101095835,1.0012819319963455,1.0055071860551834,0.75,0.8333333333333334,0.5922188311815262,0.6129897087812424,0.5695163458585739,0.5416666666666666,0.4166666666666667,0.36325599253177643,0.3722115382552147,0.3476271405816078,0.4166666666666667,0.375,0.5153564910093943,0.527373805642128,0.505480445921421,0.5416666666666666,0.4583333333333333,0.38190728922684986,0.40267762541770935,0.3736754357814789,0.6666666666666666,0.4166666666666667,0.5069547792275747,0.5433137118816376,0.4868187680840492,0.625,0.4166666666666667,0.7601398229598999,0.7430785894393921,0.7741847187280655,0.5416666666666666,0.4583333333333333
405,1.3835931221644084,1.4098520576953888,1.3999098241329193,0.7916666666666666,0.5416666666666666,0.9835080901781718,1.0093408077955246,0.9979595243930817,0.7916666666666666,0.625,0.6059399644533793,0.6499303728342056,0.5962669998407364,0.8333333333333334,0.4166666666666667,0.3695940474669139,0.39567460119724274,0.363729789853096,0.7916666666666666,0.4583333333333333,0.5279995501041412,0.5401850640773773,0.5287097319960594,0.7083333333333334,0.5416666666666666,0.3902358065048854,0.4053119271993637,0.39034201204776764,0.7916666666666666,0.5416666666666666,0.5272051642338434,0.5599057972431183,0.5294845178723335,0.7083333333333334,0.5416666666666666,0.7421878377596537,0.7248762249946594,0.7411756962537766,0.7083333333333334,0.5416666666666666
406,1.3939830462137859,1.408914566040039,1.4014607071876526,0.7916666666666666,0.625,0.989874005317688,1.009743943810463,0.997401237487793,0.8333333333333334,0.6666666666666666,0.63229700922966,0.6504309177398682,0.593878835439682,0.5833333333333334,0.16666666666666666,0.38350504140059155,0.3878493010997772,0.36122655868530273,0.5833333333333334,0.25,0.53339717288812,0.5501880496740341,0.5153919160366058,0.6666666666666666,0.3333333333333333,0.38788344462712604,0.41377050429582596,0.36850210279226303,0.7916666666666666,0.2916666666666667,0.5313634872436523,0.5840957164764404,0.4868009462952614,0.75,0.3333333333333333,0.7345192829767863,0.7106752246618271,0.7601040601730347,0.6666666666666666,0.3333333333333333
407,1.3868394295374553,1.4066350162029266,1.3967526853084564,0.625,0.5416666666666666,0.9878801504770914,1.0019755810499191,0.9945714175701141,0.5416666666666666,0.5416666666666666,0.644170473019282,0.6882932186126709,0.6289404332637787,0.7916666666666666,0.4166666666666667,0.3859888513882955,0.40786175429821014,0.378936268389225,0.8333333333333334,0.4583333333333333,0.5472288330396017,0.5703656524419785,0.5388951003551483,0.875,0.4166666666666667,0.4104231745004654,0.4344152435660362,0.4027644619345665,0.7916666666666666,0.4166666666666667,0.5754981140295664,0.6379110366106033,0.5557164922356606,0.7916666666666666,0.4166666666666667,0.7148802876472473,0.6820010244846344,0.7267216444015503,0.875,0.4166666666666667
408,1.3833564519882202,1.409456878900528,1.4138739705085754,0.75,0.75,0.983805239200592,1.0097609460353851,1.0141084343194962,0.75,0.7916666666666666,0.6272968749205271,0.6624220162630081,0.6548486053943634,0.7916666666666666,0.75,0.3743766148885091,0.39563005417585373,0.38992804288864136,0.7916666666666666,0.7083333333333334,0.5424523701270422,0.5577307641506195,0.5564423650503159,0.75,0.6666666666666666,0.4004874676465988,0.4196557253599167,0.41634533554315567,0.75,0.625,0.5578535497188568,0.6001065075397491,0.595109149813652,0.75,0.625,0.7216694156328837,0.6999592334032059,0.7017857730388641,0.75,0.6666666666666666
409,1.37310657898585,1.3953112661838531,1.3930559158325195,0.4166666666666667,0.3333333333333333,0.9815094470977783,0.9923225939273834,0.9917427599430084,0.4166666666666667,0.4583333333333333,0.6448384622732798,0.6534867882728577,0.6100659966468811,0.4583333333333333,0.25,0.3850175142288208,0.39015524089336395,0.3653736263513565,0.5,0.2916666666666667,0.5472351908683777,0.5492693483829498,0.5324844270944595,0.5416666666666666,0.25,0.4066237558921178,0.4151567816734314,0.39163196831941605,0.5416666666666666,0.25,0.5712734460830688,0.5849867165088654,0.5331191793084145,0.5833333333333334,0.25,0.714866578578949,0.7119789868593216,0.7358314990997314,0.5416666666666666,0.25
410,1.3717375993728638,1.4101174473762512,1.405170887708664,0.5833333333333334,0.5416666666666666,0.9805456797281901,1.0112287998199463,1.0068622380495071,0.5833333333333334,0.7083333333333334,0.6226183374722799,0.6610608994960785,0.569405123591423,0.7083333333333334,0.2916666666666667,0.37144910792509717,0.3927411213517189,0.34287871420383453,0.625,0.2916666666666667,0.5389918386936188,0.5564261823892593,0.5101751312613487,0.6666666666666666,0.2916666666666667,0.40251825749874115,0.42397431284189224,0.3754056319594383,0.7083333333333334,0.2916666666666667,0.5580332179864248,0.6051866263151169,0.49347686767578125,0.7083333333333334,0.2916666666666667,0.7265835702419281,0.7018145024776459,0.767531231045723,0.6666666666666666,0.2916666666666667
411,1.4016010959943135,1.4016522765159607,1.2795549482107162,0.4166666666666667,0.2916666666666667,1.0040589173634846,0.9955873191356659,0.8955007195472717,0.2916666666666667,0.25,0.6605315109093984,0.6921047121286392,0.6257274001836777,0.6666666666666666,0.375,0.3899955153465271,0.40935857594013214,0.3807253912091255,0.6666666666666666,0.4166666666666667,0.5558265844980875,0.5704988539218903,0.532286025583744,0.625,0.3333333333333333,0.4134788264830907,0.4372822642326355,0.38695961236953735,0.7083333333333334,0.375,0.5928508043289185,0.6442848443984985,0.5367392599582672,0.7083333333333334,0.3333333333333333,0.7026545604070028,0.6818248331546783,0.7361129224300385,0.625,0.3333333333333333
412,1.4010153810183208,1.3968602120876312,1.4000676572322845,0.3333333333333333,0.4166666666666667,0.9997080067793528,0.9922551959753036,0.9985701888799667,0.3333333333333333,0.4583333333333333,0.6580914855003357,0.6695244461297989,0.5695724710822105,0.5833333333333334,0.20833333333333334,0.3898250013589859,0.40004437416791916,0.3421748876571655,0.5833333333333334,0.20833333333333334,0.5551460186640421,0.5580657422542572,0.5167730152606964,0.4583333333333333,0.20833333333333334,0.4198033809661865,0.4299100488424301,0.38257696479558945,0.5833333333333334,0.20833333333333334,0.6002790679534277,0.6154791116714478,0.5095233470201492,0.5,0.20833333333333334,0.7036300400892893,0.6994834691286087,0.7581551522016525,0.4583333333333333,0.20833333333333334
413,1.4117951194445293,1.4017728567123413,1.391873985528946,0.25,0.16666666666666666,1.0133945246537526,0.9971798360347748,0.98558309674263,0.16666666666666666,0.08333333333333333,0.6293657322724661,0.6380509734153748,0.6558090895414352,0.5416666666666666,0.5833333333333334,0.37735694646835327,0.381844624876976,0.3899921253323555,0.5,0.5833333333333334,0.5399746596813202,0.5469092130661011,0.5541453063488007,0.5416666666666666,0.5833333333333334,0.39710937440395355,0.4103986546397209,0.41152773052453995,0.625,0.5833333333333334,0.551998128493627,0.576850064098835,0.5852445960044861,0.5833333333333334,0.5833333333333334,0.7251705924669901,0.7153268307447433,0.7050507217645645,0.5416666666666666,0.5833333333333334
414,1.4072588086128235,1.4039120078086853,1.3948484361171722,0.3333333333333333,0.16666666666666666,1.0043200453122456,0.9984417408704758,0.9899740666151047,0.2916666666666667,0.20833333333333334,0.6756047308444977,0.6756337285041809,0.6491914689540863,0.4583333333333333,0.4166666666666667,0.40180747707684833,0.4033391773700714,0.39216720312833786,0.4583333333333333,0.4583333333333333,0.5636029839515686,0.5649161636829376,0.5496062934398651,0.4583333333333333,0.4166666666666667,0.4208917369445165,0.42778584361076355,0.404538556933403,0.4583333333333333,0.375,0.6191089252630869,0.6216706335544586,0.574473075568676,0.4583333333333333,0.375,0.691611260175705,0.6897560805082321,0.7114977240562439,0.4583333333333333,0.4166666666666667
415,1.3861250281333923,1.411026120185852,1.3974850475788116,0.8333333333333334,0.5833333333333334,0.9843875169754028,1.0129059553146362,0.9982795119285583,0.8333333333333334,0.7083333333333334,0.6154011785984039,0.641216903924942,0.5723797976970673,0.5416666666666666,0.375,0.36680868268013,0.38175293058156967,0.34580568969249725,0.5,0.3333333333333333,0.5340164601802826,0.5463061928749084,0.5188516229391098,0.5416666666666666,0.4166666666666667,0.39030292133490246,0.4124104976654053,0.37386554479599,0.5833333333333334,0.375,0.5395858585834503,0.5766367167234421,0.501420646905899,0.5833333333333334,0.375,0.7336504856745402,0.7161910831928253,0.755196675658226,0.5416666666666666,0.4166666666666667
416,1.3865367968877156,1.3947423994541168,1.4002061486244202,0.5416666666666666,0.6666666666666666,0.9961892267068228,0.9924544095993042,1.0036487430334091,0.375,0.625,0.6440906226634979,0.6991456747055054,0.6280547380447388,0.6666666666666666,0.4166666666666667,0.38580529391765594,0.41424475610256195,0.37437134981155396,0.6666666666666666,0.4166666666666667,0.5458032091458639,0.5699874609708786,0.5414992272853851,0.625,0.4583333333333333,0.41296131412188214,0.43423207104206085,0.407136932015419,0.625,0.4166666666666667,0.5822399308284124,0.6388309001922607,0.5654404759407043,0.625,0.4166666666666667,0.7169027427832285,0.6825373023748398,0.7230094522237778,0.625,0.4583333333333333
417,1.3940867980321248,1.3946745693683624,1.4022873938083649,0.3333333333333333,0.5833333333333334,0.9938115874926249,0.9911594688892365,0.9994759857654572,0.3333333333333333,0.5416666666666666,0.6851138273874918,0.6389084011316299,0.6425290033221245,0.20833333333333334,0.4166666666666667,0.40709859132766724,0.37888334691524506,0.38384171575307846,0.20833333333333334,0.4166666666666667,0.5638815959294637,0.5483511835336685,0.5427953079342842,0.2916666666666667,0.375,0.4279152701298396,0.41362734884023666,0.40408337861299515,0.25,0.4166666666666667,0.6224619845549265,0.5806722491979599,0.5730067119002342,0.25,0.375,0.6912182768185934,0.7132826894521713,0.7211659252643585,0.2916666666666667,0.375
418,1.3850625952084858,1.3881106972694397,1.407891035079956,0.5416666666666666,0.7083333333333334,0.977881004412969,0.9780953079462051,1.0096117407083511,0.5833333333333334,0.7916666666666666,0.6986448665459951,0.6809242218732834,0.6453614979982376,0.375,0.3333333333333333,0.4097849677006404,0.40672947466373444,0.3945644944906235,0.4583333333333333,0.5416666666666666,0.5735247035821279,0.5646948367357254,0.5438258424401283,0.3333333333333333,0.16666666666666666,0.43160779774188995,0.4271000921726227,0.4034375250339508,0.4166666666666667,0.25,0.6378016769886017,0.6206043809652328,0.5675342157483101,0.375,0.20833333333333334,0.6775086720784506,0.6900676488876343,0.7197327464818954,0.3333333333333333,0.16666666666666666
419,1.3988040685653687,1.4089228212833405,1.4008792638778687,0.9583333333333334,0.625,0.9976664483547211,1.0076704919338226,1.00267194211483,0.8333333333333334,0.625,0.6106604139010111,0.6849610507488251,0.5812516063451767,1.0,0.3333333333333333,0.3666176696618398,0.4061702713370323,0.3561422973871231,1.0,0.4166666666666667,0.5319358557462692,0.5691351443529129,0.5134253203868866,1.0,0.2916666666666667,0.3937017520268758,0.43368881940841675,0.37010864168405533,1.0,0.25,0.5366133749485016,0.6344655454158783,0.49008871614933014,1.0,0.2916666666666667,0.7366032103697459,0.68373903632164,0.762890100479126,1.0,0.2916666666666667
420,1.3950433333714802,1.4077026844024658,1.3968032598495483,0.5,0.3333333333333333,1.0011171599229176,1.007184162735939,0.9924805164337158,0.4583333333333333,0.3333333333333333,0.6342575152715048,0.6463738828897476,0.6464014947414398,0.5,0.5416666666666666,0.37823956708113354,0.38882146030664444,0.3837469220161438,0.5,0.5,0.5428066452344259,0.5521130859851837,0.5499900728464127,0.5,0.5416666666666666,0.4037979294856389,0.420004703104496,0.40687184780836105,0.625,0.4583333333333333,0.5645536432663599,0.5939815640449524,0.5729079395532608,0.5833333333333334,0.5416666666666666,0.7211679021517435,0.7079402059316635,0.7109411507844925,0.5,0.5416666666666666
421,1.3804364800453186,1.3979783654212952,1.3914760947227478,0.5,0.625,0.9847254554430643,0.9950662106275558,0.9967608004808426,0.5,0.6666666666666666,0.5938965280850729,0.7031750231981277,0.5774717926979065,0.9166666666666666,0.375,0.366603488723437,0.41827667504549026,0.3543260470032692,0.9166666666666666,0.3333333333333333,0.5175336748361588,0.5735059380531311,0.5109995901584625,0.9166666666666666,0.375,0.3768855681022008,0.44328033924102783,0.3728911876678467,0.9583333333333334,0.4583333333333333,0.5025725016991297,0.656055822968483,0.48782670497894287,0.9166666666666666,0.4166666666666667,0.757061223189036,0.6775442808866501,0.7663384526968002,0.9166666666666666,0.375
422,1.4079189499219258,1.4057073295116425,1.397689551115036,0.4583333333333333,0.4166666666666667,1.0066511829694111,1.0065565556287766,0.9956113398075104,0.5416666666666666,0.5,0.6340733468532562,0.6164906769990921,0.6194493621587753,0.3333333333333333,0.375,0.3792894184589386,0.38511740416288376,0.36759714782238007,0.4583333333333333,0.375,0.540006419022878,0.5285609811544418,0.5353149622678757,0.3333333333333333,0.375,0.40065116186936695,0.3995126709342003,0.3978012055158615,0.375,0.4166666666666667,0.5589819103479385,0.5391797870397568,0.543878585100174,0.3333333333333333,0.375,0.7251223027706146,0.7413977980613708,0.7317937761545181,0.3333333333333333,0.375
423,1.393070658047994,1.4067128896713257,1.402395248413086,1.0,0.875,1.003582199414571,1.0059788823127747,1.00984588265419,0.7083333333333334,0.6666666666666666,0.5844241579373678,0.6784102320671082,0.6263679713010788,0.875,0.7083333333333334,0.36401791870594025,0.40712177753448486,0.3851536214351654,0.75,0.6666666666666666,0.5027915835380554,0.5570382624864578,0.5317376255989075,1.0,0.875,0.36412157118320465,0.4300237149000168,0.3919295370578766,1.0,0.9166666666666666,0.4694564640522003,0.6141375005245209,0.5321878492832184,1.0,0.875,0.7779979308446249,0.7009144425392151,0.7368403226137161,1.0,0.875
424,1.3908660809199016,1.401089996099472,1.3963415622711182,0.5,0.4166666666666667,0.9962280293305715,1.0001746267080307,0.994776263833046,0.5,0.4583333333333333,0.6719681123892466,0.6845055222511292,0.633061096072197,0.5416666666666666,0.3333333333333333,0.400874321659406,0.41158008575439453,0.3793450891971588,0.6666666666666666,0.3333333333333333,0.5597231388092041,0.5628263652324677,0.5432487279176712,0.5416666666666666,0.2916666666666667,0.41703271369139355,0.43190372735261917,0.4030056446790695,0.5833333333333334,0.3333333333333333,0.6034841239452362,0.627768263220787,0.5626591965556145,0.5416666666666666,0.3333333333333333,0.697125236193339,0.6927257180213928,0.7205317467451096,0.5416666666666666,0.2916666666666667
425,1.3985312183698018,1.399184763431549,1.3914647102355957,0.5416666666666666,0.25,1.0002252360184987,0.9924833625555038,0.9891726672649384,0.375,0.08333333333333333,0.6679514348506927,0.7279940247535706,0.608492836356163,0.875,0.20833333333333334,0.398641640941302,0.42284488677978516,0.36798106878995895,0.75,0.25,0.5574246048927307,0.5810510069131851,0.5320179164409637,0.75,0.25,0.42325642208258313,0.4510828033089638,0.39833541959524155,0.7916666666666666,0.2916666666666667,0.6074914733568827,0.6784057468175888,0.5451329872012138,0.75,0.2916666666666667,0.7003836929798126,0.666815921664238,0.736484095454216,0.75,0.25
426,1.3882574637730916,1.4050301611423492,1.4119813144207,0.4166666666666667,0.5833333333333334,0.9870939950148264,1.000133365392685,1.0088684260845184,0.4166666666666667,0.625,0.7131567100683848,0.7175499349832535,0.6984403878450394,0.4166666666666667,0.5,0.4197141279776891,0.4237767904996872,0.41036175191402435,0.4166666666666667,0.4583333333333333,0.5748508671919504,0.577731266617775,0.5696036070585251,0.4583333333333333,0.4166666666666667,0.43327170610427856,0.44576244056224823,0.4310840666294098,0.5,0.5,0.6494632760683695,0.664485439658165,0.6371336951851845,0.4583333333333333,0.4583333333333333,0.6756233672300974,0.6715504378080368,0.683086559176445,0.4583333333333333,0.4166666666666667
427,1.4042643507321675,1.4013105034828186,1.3955146968364716,0.5,0.4166666666666667,1.0019986629486084,1.0012504756450653,0.9919425994157791,0.5,0.3333333333333333,0.6556284030278524,0.6512304544448853,0.6512933075428009,0.4583333333333333,0.5,0.3890767792860667,0.39924032986164093,0.3894122764468193,0.5416666666666666,0.5,0.5505715509255728,0.5468349903821945,0.5480730086565018,0.5416666666666666,0.5416666666666666,0.41183745861053467,0.4185159429907799,0.39897066354751587,0.5416666666666666,0.4166666666666667,0.5844079454739889,0.588593065738678,0.5631009936332703,0.5416666666666666,0.4583333333333333,0.7101248105367025,0.7154535204172134,0.7136566191911697,0.5416666666666666,0.5416666666666666
428,1.395097593466441,1.4004986584186554,1.397314876317978,0.7083333333333334,0.625,0.9948402146498362,0.9987691193819046,0.9997071921825409,0.625,0.625,0.6285753647486368,0.6278176158666611,0.5974096953868866,0.5,0.2916666666666667,0.3817107329765956,0.37771322578191757,0.3648732900619507,0.4583333333333333,0.25,0.5350199490785599,0.535408079624176,0.5213053300976753,0.5416666666666666,0.375,0.3972717225551605,0.4047500491142273,0.37731221318244934,0.5,0.3333333333333333,0.546970451871554,0.5569001734256744,0.5061910599470139,0.5,0.3333333333333333,0.7322061359882355,0.7316787987947464,0.7517035156488419,0.5416666666666666,0.375
429,1.3612433870633442,1.4125675857067108,1.4056641161441803,0.875,0.625,0.9727323452631632,1.01392263174057,1.0091574043035507,0.7916666666666666,0.625,0.6336021920045217,0.7007991820573807,0.591481477022171,0.75,0.20833333333333334,0.38221238056818646,0.43822623789310455,0.3577379211783409,0.7916666666666666,0.20833333333333334,0.5398437778155009,0.562291145324707,0.5197028517723083,0.75,0.2916666666666667,0.3923637916644414,0.4188770353794098,0.3727313354611397,0.75,0.3333333333333333,0.5450982650121053,0.6130630522966385,0.4969828501343727,0.75,0.3333333333333333,0.7253525753815969,0.6934807747602463,0.7539783120155334,0.75,0.2916666666666667
430,1.4029452403386433,1.3980998992919922,1.3997544944286346,0.2916666666666667,0.375,1.0042530596256256,0.9995229691267014,1.0017600655555725,0.375,0.4583333333333333,0.6675459146499634,0.6548093259334564,0.6568838655948639,0.4583333333333333,0.6666666666666666,0.4039096732934316,0.39432578533887863,0.39340856671333313,0.3333333333333333,0.5,0.5546663502852122,0.5483237653970718,0.5502594336867332,0.4583333333333333,0.6666666666666666,0.41412830352783203,0.4121808782219887,0.41165605932474136,0.5,0.6666666666666666,0.5892108182112376,0.5794582664966583,0.5880333781242371,0.4583333333333333,0.6666666666666666,0.7042893469333649,0.7133224755525589,0.7105747312307358,0.4583333333333333,0.6666666666666666
431,1.3725908994674683,1.3965561985969543,1.3926448225975037,0.75,0.75,0.9775010446707407,0.9942607134580612,0.9949191063642502,0.7083333333333334,0.75,0.5841439763704935,0.6257589906454086,0.5711024478077888,0.7916666666666666,0.375,0.3542038748661677,0.37528639286756516,0.34563954919576645,0.7916666666666666,0.375,0.5145221600929896,0.5357581675052643,0.5079238712787628,0.7916666666666666,0.375,0.3667891224225362,0.4079897776246071,0.365553118288517,0.875,0.4166666666666667,0.48487186431884766,0.5597022920846939,0.47738514095544815,0.7916666666666666,0.4166666666666667,0.7613278230031332,0.7311870008707047,0.7707046568393707,0.7916666666666666,0.375
432,1.406269947687785,1.3978164494037628,1.4054324328899384,0.3333333333333333,0.5,1.0079676409562428,0.9950196444988251,1.006923645734787,0.2916666666666667,0.5,0.6175952255725861,0.62432961165905,0.6273485571146011,0.5416666666666666,0.4583333333333333,0.37335939705371857,0.3729500025510788,0.3798077777028084,0.5,0.4583333333333333,0.5340580940246582,0.5400591939687729,0.539998397231102,0.5833333333333334,0.4166666666666667,0.4022306104501088,0.4110046327114105,0.40225669741630554,0.5,0.5,0.5530470808347067,0.5684660375118256,0.558361679315567,0.5416666666666666,0.5,0.7335878014564514,0.7250689268112183,0.7251338213682175,0.5833333333333334,0.4166666666666667
433,1.3950140674908955,1.3956006467342377,1.4034726321697235,0.2916666666666667,0.5416666666666666,0.9997527003288269,0.9948411881923676,1.0042504966259003,0.2916666666666667,0.5416666666666666,0.6106771727403005,0.6213087290525436,0.6224875301122665,0.5416666666666666,0.5,0.3649870107571284,0.3717929795384407,0.3718785420060158,0.5,0.4583333333333333,0.5309178680181503,0.5421415865421295,0.5342446565628052,0.5833333333333334,0.5,0.3954447954893112,0.414349265396595,0.3974224328994751,0.5833333333333334,0.5,0.5400298436482748,0.5767102092504501,0.5454903468489647,0.5833333333333334,0.5,0.7380460798740387,0.7221081405878067,0.7333119362592697,0.5833333333333334,0.5
434,1.3783101240793865,1.3972395658493042,1.4094634056091309,0.4166666666666667,0.7916666666666666,0.9846935967604319,0.9960619509220123,1.0128160268068314,0.5,0.7916666666666666,0.6399679084618887,0.6507827341556549,0.6042422503232956,0.5,0.2916666666666667,0.3813108106454213,0.3877420574426651,0.3629281371831894,0.5,0.3333333333333333,0.5471364061037699,0.5502778589725494,0.5317224860191345,0.4166666666666667,0.2916666666666667,0.40762103100617725,0.4193684235215187,0.39354682713747025,0.4583333333333333,0.2916666666666667,0.5780515025059382,0.5924708098173141,0.5369472950696945,0.4583333333333333,0.2916666666666667,0.7150046328703562,0.7105585038661957,0.7369065582752228,0.4166666666666667,0.2916666666666667
435,1.3947477738062541,1.402699053287506,1.4006730914115906,0.3333333333333333,0.2916666666666667,1.0018089811007183,1.0003899186849594,1.0027915388345718,0.3333333333333333,0.4166666666666667,0.6547904312610626,0.6353757679462433,0.5946165919303894,0.4166666666666667,0.2916666666666667,0.40384899576505023,0.3830428496003151,0.36071300506591797,0.3333333333333333,0.25,0.5390236377716064,0.5369759351015091,0.5225166901946068,0.5416666666666666,0.3333333333333333,0.4039907405773799,0.4003778025507927,0.3929249867796898,0.4166666666666667,0.4583333333333333,0.5580347726742426,0.552438423037529,0.5270375981926918,0.5416666666666666,0.4166666666666667,0.726525733868281,0.7294285297393799,0.7499867379665375,0.5416666666666666,0.3333333333333333
436,1.3664989272753398,1.4011207222938538,1.3564549088478088,0.5,0.2916666666666667,0.9771396517753601,0.999989852309227,0.9667856693267822,0.5,0.2916666666666667,0.615604301293691,0.6566383689641953,0.5807013511657715,0.625,0.4583333333333333,0.36453721423943836,0.39775048196315765,0.3590492084622383,0.6666666666666666,0.4583333333333333,0.5325757165749868,0.5504220649600029,0.510821707546711,0.625,0.375,0.3883160948753357,0.4195018857717514,0.3625648692250252,0.6666666666666666,0.3333333333333333,0.5372851689656576,0.5965198203921318,0.48084352165460587,0.625,0.3333333333333333,0.7356893916924795,0.7103535085916519,0.7665963768959045,0.625,0.375
437,1.4094114104906719,1.4005005955696106,1.395684391260147,0.4166666666666667,0.25,1.0158265332380931,0.9963471591472626,0.9994912445545197,0.25,0.2916666666666667,0.6217324634393057,0.6336360275745392,0.5749164596199989,0.5,0.3333333333333333,0.38215922315915424,0.3848598077893257,0.34853921085596085,0.4583333333333333,0.3333333333333333,0.5321440746386846,0.5359087586402893,0.5102680400013924,0.5,0.3333333333333333,0.3950299620628357,0.40236951410770416,0.37271010875701904,0.5,0.3333333333333333,0.5414916773637136,0.5528359040617943,0.49306655675172806,0.5,0.3333333333333333,0.7362878521283468,0.7309565097093582,0.7673854976892471,0.5,0.3333333333333333
438,1.3424420555432637,1.4081024825572968,1.4025231301784515,0.7083333333333334,0.5833333333333334,0.9543729424476624,1.0045121759176254,0.999942272901535,0.6666666666666666,0.6666666666666666,0.5717351933320364,0.7030763179063797,0.6385816633701324,0.75,0.5833333333333334,0.3519237736860911,0.4234391078352928,0.3831368461251259,0.75,0.5,0.5104271918535233,0.5678498595952988,0.5464503914117813,0.625,0.5833333333333334,0.35536400973796844,0.4353092387318611,0.4032577648758888,0.875,0.5416666666666666,0.4877791876594226,0.6387844085693359,0.5680372565984726,0.8333333333333334,0.5833333333333334,0.7671510179837545,0.6855679303407669,0.7159817665815353,0.625,0.5833333333333334
439,1.3844417134920757,1.3973361253738403,1.3975833058357239,0.375,0.375,0.99295774102211,0.9977715313434601,0.9996139258146286,0.4166666666666667,0.4166666666666667,0.6448419590791067,0.6495047509670258,0.5665379464626312,0.5833333333333334,0.125,0.3890022387107213,0.38681695610284805,0.3501058295369148,0.4583333333333333,0.20833333333333334,0.5399341781934103,0.5468199402093887,0.5081138238310814,0.6666666666666666,0.125,0.39604757726192474,0.4111131727695465,0.3710397258400917,0.6666666666666666,0.2916666666666667,0.5475046535332998,0.5751013606786728,0.4878944754600525,0.6666666666666666,0.20833333333333334,0.7252320051193237,0.7154533267021179,0.7704555690288544,0.6666666666666666,0.125
440,1.400573154290517,1.4010955095291138,1.3992561995983124,0.4166666666666667,0.4166666666666667,0.9979227185249329,0.9982950687408447,0.9993411302566528,0.375,0.4583333333333333,0.6223928332328796,0.6920322924852371,0.5518400222063065,0.75,0.25,0.37038113673528034,0.40812477469444275,0.33154045790433884,0.75,0.25,0.5396925111611685,0.5721069127321243,0.5072062090039253,0.8333333333333334,0.20833333333333334,0.40095509092013043,0.4335441142320633,0.3665551543235779,0.75,0.20833333333333334,0.5562905718882879,0.6390023231506348,0.47763900458812714,0.8333333333333334,0.20833333333333334,0.7255792915821075,0.6795234084129333,0.7717388868331909,0.8333333333333334,0.20833333333333334
441,1.39728711048762,1.3986578583717346,1.4047883749008179,0.5416666666666666,0.6666666666666666,0.9938904444376627,0.997129887342453,1.0038637965917587,0.5833333333333334,0.7083333333333334,0.6898836493492126,0.7124249339103699,0.6664927005767822,0.625,0.375,0.4054721047480901,0.425892636179924,0.3953857719898224,0.7083333333333334,0.375,0.5720702707767487,0.5772296041250229,0.5589750558137894,0.5416666666666666,0.3333333333333333,0.43186600009600323,0.44481975585222244,0.4203707203269005,0.5833333333333334,0.375,0.6376933455467224,0.6651520878076553,0.6033677458763123,0.5833333333333334,0.3333333333333333,0.6795917252699534,0.6722571104764938,0.6981958895921707,0.5416666666666666,0.3333333333333333
442,1.3982500433921814,1.40094456076622,1.385736733675003,0.5,0.375,1.0009677112102509,1.0006662607192993,0.990465059876442,0.5,0.375,0.5935338536898295,0.6915131509304047,0.5618979781866074,0.7916666666666666,0.3333333333333333,0.36295447250207263,0.4261520355939865,0.3430023640394211,0.7916666666666666,0.3333333333333333,0.5136528114477793,0.5685465484857559,0.5028917193412781,0.7916666666666666,0.4583333333333333,0.37323759992917377,0.4387331008911133,0.36193961650133133,0.7916666666666666,0.4583333333333333,0.5050085683663686,0.641020193696022,0.4749443233013153,0.7916666666666666,0.4583333333333333,0.7625722785790762,0.684580996632576,0.777848869562149,0.7916666666666666,0.4583333333333333
443,1.3958960175514221,1.4084863066673279,1.3966147601604462,0.625,0.4583333333333333,1.003017544746399,1.0104841142892838,0.9999452531337738,0.5833333333333334,0.375,0.6118155469497045,0.6905025839805603,0.5922114104032516,0.9166666666666666,0.4166666666666667,0.3818800201018651,0.4201727733016014,0.3675389289855957,0.7916666666666666,0.4583333333333333,0.5194595009088516,0.5668447911739349,0.5186215862631798,0.9583333333333334,0.4166666666666667,0.37723278999328613,0.43354930728673935,0.38537829369306564,1.0,0.5,0.5041477034489313,0.6317119300365448,0.5126551017165184,1.0,0.5,0.75433283050855,0.6869820952415466,0.7555169314146042,0.9583333333333334,0.4166666666666667
444,1.3883722225824993,1.4166244268417358,1.4021713137626648,0.6666666666666666,0.4583333333333333,0.9943088591098785,1.0189009457826614,1.0039772242307663,0.7083333333333334,0.5,0.649865115682284,0.6626166254281998,0.6136819869279861,0.5416666666666666,0.2916666666666667,0.3881496687730153,0.4053102731704712,0.3693927377462387,0.5416666666666666,0.2916666666666667,0.5473647763331732,0.5557538270950317,0.5329184234142303,0.5,0.2916666666666667,0.4018029123544693,0.4271639287471771,0.389670729637146,0.5416666666666666,0.3333333333333333,0.5736975769201914,0.6085310131311417,0.5325564742088318,0.5416666666666666,0.3333333333333333,0.7146833141644796,0.7027829587459564,0.7352088689804077,0.5,0.2916666666666667
445,1.4013904531796773,1.3983734250068665,1.3943544626235962,0.5,0.2916666666666667,1.0001051127910614,0.9972024261951447,0.9906034618616104,0.4166666666666667,0.3333333333333333,0.647772341966629,0.6726975739002228,0.6323735266923904,0.6666666666666666,0.5,0.3933737526337306,0.41063087433576584,0.3814816251397133,0.6666666666666666,0.4583333333333333,0.5450967301925024,0.5579259693622589,0.5409047901630402,0.6666666666666666,0.5,0.4046805649995804,0.43057332187891006,0.400081567466259,0.6666666666666666,0.4583333333333333,0.569005419810613,0.6205591261386871,0.5565890297293663,0.6666666666666666,0.4583333333333333,0.717896024386088,0.6996869593858719,0.723852813243866,0.6666666666666666,0.5
446,1.39846138159434,1.4120174050331116,1.4056487083435059,0.7916666666666666,0.6666666666666666,0.9953364431858063,1.015307754278183,1.008443534374237,0.8333333333333334,0.75,0.6648181776205698,0.6711341738700867,0.6209516227245331,0.75,0.7083333333333334,0.3945099115371704,0.40218934416770935,0.372550368309021,0.75,0.6666666666666666,0.5573898156483968,0.5552379041910172,0.5341195836663246,0.75,0.625,0.42424000799655914,0.42784731835126877,0.397349551320076,0.75,0.6666666666666666,0.6058462758858999,0.6105116158723831,0.5544758290052414,0.75,0.625,0.7004254261652628,0.7035013735294342,0.7335021942853928,0.75,0.625
447,1.3862908482551575,1.3897049129009247,1.3974566161632538,0.375,0.5,0.9913100997606913,0.9927520155906677,1.0001160800457,0.375,0.5416666666666666,0.6190550227959951,0.6042983010411263,0.5700874924659729,0.4583333333333333,0.20833333333333334,0.37672652800877887,0.3725033849477768,0.3429676592350006,0.5,0.16666666666666666,0.5288997242848078,0.52131786942482,0.5084863975644112,0.4583333333333333,0.3333333333333333,0.3933163930972417,0.4025280624628067,0.37963325530290604,0.5833333333333334,0.3333333333333333,0.534760316212972,0.5403845235705376,0.4959272965788841,0.5833333333333334,0.3333333333333333,0.7409095168113708,0.7516980618238449,0.76993028819561,0.4583333333333333,0.3333333333333333
448,1.3702403505643208,1.3948468565940857,1.3925414085388184,0.5416666666666666,0.625,0.9818439185619354,0.9979149699211121,1.0082397162914276,0.375,0.5833333333333334,0.5913835366566976,0.6459204107522964,0.5350756943225861,0.75,0.375,0.3657440096139908,0.40591442584991455,0.3305787667632103,0.7916666666666666,0.375,0.5104840248823166,0.5413758009672165,0.4857783913612366,0.75,0.4166666666666667,0.38881165782610577,0.4092796817421913,0.36197882890701294,0.5833333333333334,0.3333333333333333,0.5120681871970495,0.569207563996315,0.4583622068166733,0.6666666666666666,0.3333333333333333,0.767069419225057,0.7231578379869461,0.8021722882986069,0.75,0.4166666666666667
449,1.4041905204455059,1.4033102095127106,1.4117465615272522,0.4583333333333333,0.5,1.0061157842477162,1.0021192580461502,1.015352338552475,0.4166666666666667,0.625,0.617843488852183,0.6648055464029312,0.6122917383909225,0.5,0.4583333333333333,0.36689555644989014,0.39209596812725067,0.3654841333627701,0.5416666666666666,0.4583333333333333,0.5360293289025625,0.5575831979513168,0.5298594087362289,0.5,0.375,0.3957005838553111,0.42887283861637115,0.39112865179777145,0.5,0.4583333333333333,0.5514926016330719,0.6125720292329788,0.5320158004760742,0.5,0.4583333333333333,0.7307942310969034,0.7001737356185913,0.7395538091659546,0.5,0.375
450,1.3950021862983704,1.4036391377449036,1.3893917500972748,0.6666666666666666,0.5416666666666666,0.997591237227122,1.0047342032194138,0.9933580011129379,0.6666666666666666,0.5416666666666666,0.6299181481202444,0.6994718313217163,0.5806433409452438,0.7916666666666666,0.2916666666666667,0.376571387052536,0.42068641632795334,0.3622017279267311,0.7916666666666666,0.4166666666666667,0.539565900961558,0.5664950460195541,0.5115306153893471,0.7083333333333334,0.25,0.4068223138650258,0.43549033254384995,0.3785674124956131,0.7083333333333334,0.3333333333333333,0.5652185579140981,0.6353321373462677,0.4987548515200615,0.7083333333333334,0.25,0.7257629632949829,0.6874972730875015,0.7656055092811584,0.7083333333333334,0.25
451,1.3890136281649272,1.4228329360485077,1.4003617763519287,0.9583333333333334,0.625,0.9843461513519287,1.0233185589313507,1.0000214278697968,0.875,0.625,0.6081695655981699,0.6950573772192001,0.5880294591188431,0.7083333333333334,0.4166666666666667,0.3643483718236287,0.4139627665281296,0.35469141602516174,0.7083333333333334,0.4583333333333333,0.5245828976233801,0.5701456665992737,0.5177951008081436,0.7083333333333334,0.5,0.37758687138557434,0.4396216571331024,0.3708120137453079,0.8333333333333334,0.5,0.5157744983832041,0.6446630358695984,0.4977133870124817,0.75,0.5,0.7470455567042033,0.6823216080665588,0.7566974461078644,0.7083333333333334,0.5
452,1.4201719959576924,1.4082048833370209,1.3731507658958435,0.20833333333333334,0.041666666666666664,1.0242529511451721,1.0024580508470535,0.98893241584301,0.16666666666666666,0.08333333333333333,0.6655871470769247,0.7092118412256241,0.6467061340808868,0.6666666666666666,0.4166666666666667,0.399492546916008,0.4207601696252823,0.3895485922694206,0.625,0.375,0.5508647312720617,0.5765822380781174,0.5430606380105019,0.6666666666666666,0.375,0.41117824117342633,0.4410557970404625,0.39619238674640656,0.6666666666666666,0.3333333333333333,0.5875380287567774,0.6587122082710266,0.5571586042642593,0.6666666666666666,0.375,0.7097027003765106,0.6731591820716858,0.720787525177002,0.6666666666666666,0.375
453,1.416067103544871,1.4013392329216003,1.3999881446361542,0.041666666666666664,0.125,1.0142630537350972,0.9924829304218292,0.9918218106031418,0.08333333333333333,0.16666666666666666,0.6925921340783437,0.7161082923412323,0.6760933101177216,0.75,0.5,0.4093109865983327,0.4212232306599617,0.39874958992004395,0.7083333333333334,0.4166666666666667,0.5710324545701345,0.5798081755638123,0.5615208595991135,0.7083333333333334,0.3333333333333333,0.43078118065992993,0.44286108016967773,0.42350469529628754,0.75,0.4583333333333333,0.6364468336105347,0.6636810749769211,0.6148269847035408,0.7083333333333334,0.375,0.6810632844765981,0.6685878783464432,0.6945747882127762,0.7083333333333334,0.3333333333333333
454,1.397729218006134,1.3967283964157104,1.4077410399913788,0.3333333333333333,0.7083333333333334,0.9983182549476624,0.990000531077385,1.0081582814455032,0.2916666666666667,0.75,0.6625202099482218,0.6715394854545593,0.6070037856698036,0.5416666666666666,0.20833333333333334,0.3962663958470027,0.3972660228610039,0.36748017370700836,0.5416666666666666,0.25,0.5521255731582642,0.5607819259166718,0.5303749889135361,0.6666666666666666,0.3333333333333333,0.41166364153226215,0.4223967641592026,0.3906615078449249,0.625,0.3333333333333333,0.5823930005232493,0.6094473451375961,0.533053807914257,0.625,0.3333333333333333,0.7079208691914877,0.6956129968166351,0.7388247400522232,0.6666666666666666,0.3333333333333333
455,1.4057946403821309,1.402343899011612,1.3943115770816803,0.4583333333333333,0.125,1.0037642518679302,0.9979919046163559,0.989486575126648,0.5,0.16666666666666666,0.6412069102128347,0.7080302983522415,0.6518804877996445,0.8333333333333334,0.625,0.3785593658685684,0.4184555560350418,0.3889496847987175,0.8333333333333334,0.6666666666666666,0.547009120384852,0.579690009355545,0.5513855516910553,0.8333333333333334,0.5833333333333334,0.4007513076066971,0.44042813032865524,0.4120413437485695,0.8333333333333334,0.75,0.5620790074268976,0.6611509770154953,0.5846809595823288,0.8333333333333334,0.7083333333333334,0.7151961227258047,0.6687622666358948,0.7089782059192657,0.8333333333333334,0.5833333333333334
456,1.400758186976115,1.399140477180481,1.401898980140686,0.4166666666666667,0.4166666666666667,0.9953830142815908,0.9964875131845474,0.9979158043861389,0.5,0.5,0.6673793892065684,0.6713307648897171,0.6517941951751709,0.4583333333333333,0.375,0.3960038522879283,0.4128299206495285,0.3902158662676811,0.625,0.375,0.5614969432353973,0.5597315579652786,0.5543343722820282,0.375,0.375,0.41536403199036914,0.4282509833574295,0.41461075842380524,0.6666666666666666,0.5833333333333334,0.601376473903656,0.61562380194664,0.5915272906422615,0.5,0.4583333333333333,0.694600502649943,0.6971317231655121,0.7047818452119827,0.375,0.375
457,1.3143789271513622,1.4006170332431793,1.3937660157680511,0.5833333333333334,0.5416666666666666,0.9308692713578542,0.9998230636119843,0.9956995695829391,0.625,0.625,0.6011584252119064,0.6626246869564056,0.5849854350090027,0.7083333333333334,0.4583333333333333,0.36211326718330383,0.4119362235069275,0.35318533331155777,0.8333333333333334,0.4583333333333333,0.5262038856744766,0.5466263592243195,0.5200314149260521,0.6666666666666666,0.4166666666666667,0.3873695184787114,0.41316938400268555,0.38459082692861557,0.75,0.4583333333333333,0.5258408387502035,0.5789098888635635,0.514968641102314,0.7083333333333334,0.4583333333333333,0.7447380622227987,0.7157337218523026,0.753526359796524,0.6666666666666666,0.4166666666666667
458,1.4080851475397747,1.3976278901100159,1.402407169342041,0.2916666666666667,0.4166666666666667,1.0098535617192586,0.9903079718351364,1.002482071518898,0.16666666666666666,0.4166666666666667,0.6449039578437805,0.6991579830646515,0.630941703915596,0.7083333333333334,0.4166666666666667,0.3957786411046982,0.4170188456773758,0.38739386945962906,0.5833333333333334,0.4166666666666667,0.546356533964475,0.5700700134038925,0.5318036302924156,0.6666666666666666,0.4166666666666667,0.4072532057762146,0.43608730286359787,0.3990352675318718,0.75,0.4583333333333333,0.5727432817220688,0.6400943398475647,0.5509596168994904,0.75,0.4166666666666667,0.7160993218421936,0.6824175715446472,0.7367949485778809,0.6666666666666666,0.4166666666666667
459,1.382522722085317,1.406853824853897,1.3698968589305878,0.4166666666666667,0.375,0.9819648067156473,0.9998494982719421,0.9717690348625183,0.4166666666666667,0.375,0.6309017638365427,0.7113590240478516,0.6405068039894104,0.7916666666666666,0.5416666666666666,0.37268832325935364,0.4348243623971939,0.37854626774787903,0.9166666666666666,0.5,0.5420427024364471,0.5734879374504089,0.5469008609652519,0.7916666666666666,0.5833333333333334,0.39431484540303546,0.44074615091085434,0.4046250581741333,0.9166666666666666,0.5416666666666666,0.5502929637829462,0.6521890461444855,0.5715176984667778,0.8333333333333334,0.5416666666666666,0.7222428818543752,0.6775858551263809,0.715348482131958,0.7916666666666666,0.5833333333333334
460,1.4074143767356873,1.3911148309707642,1.4145627617835999,0.2916666666666667,0.8333333333333334,1.0074344674746196,0.9883418083190918,1.0149031281471252,0.25,0.75,0.6230773429075877,0.6466590762138367,0.6233341842889786,0.6666666666666666,0.4166666666666667,0.37546969453493756,0.39419927448034286,0.3731374964118004,0.75,0.3333333333333333,0.5367412368456522,0.5476747825741768,0.5385319590568542,0.7083333333333334,0.5,0.39657585322856903,0.4126257002353668,0.401296004652977,0.75,0.5,0.5493549803892771,0.5821490585803986,0.5546484217047691,0.7083333333333334,0.5416666666666666,0.7297719816366831,0.714242085814476,0.7272318452596664,0.7083333333333334,0.5
461,1.3824373483657837,1.3982840478420258,1.3973503708839417,0.5833333333333334,0.625,0.9922461907068888,0.9985456615686417,1.0028487592935562,0.5833333333333334,0.6666666666666666,0.657056579987208,0.6555215865373611,0.5951010584831238,0.4166666666666667,0.25,0.39905738830566406,0.39066753536462784,0.3602353259921074,0.3333333333333333,0.20833333333333334,0.5469703674316406,0.549744576215744,0.5187546238303185,0.4583333333333333,0.25,0.4035419871409734,0.4170420542359352,0.3763263374567032,0.5416666666666666,0.4166666666666667,0.5675123830636343,0.5882803946733475,0.5097045078873634,0.5416666666666666,0.375,0.7152365644772848,0.7112944424152374,0.7553364485502243,0.4583333333333333,0.25
462,1.3989886244138081,1.3996171355247498,1.4018470346927643,0.4583333333333333,0.625,0.9994803369045258,1.0003434270620346,1.0026929080486298,0.4166666666666667,0.5833333333333334,0.6221683025360107,0.674515888094902,0.5784683302044868,0.6666666666666666,0.375,0.37296420832475025,0.4141288474202156,0.3487440496683121,0.8333333333333334,0.375,0.5401110102732977,0.5575338751077652,0.5201200917363167,0.625,0.375,0.4052777687708537,0.4242587462067604,0.37845660001039505,0.625,0.3333333333333333,0.5634986311197281,0.6068085283041,0.51255152374506,0.625,0.3333333333333333,0.7249946991602579,0.7002480030059814,0.7533876150846481,0.625,0.375
463,1.3671390215555828,1.3916477859020233,1.3907518684864044,0.5,0.4166666666666667,0.9785616596539816,0.9881163984537125,0.9951353371143341,0.4583333333333333,0.5,0.5870135227839152,0.6739218384027481,0.5554369986057281,1.0,0.2916666666666667,0.365202064315478,0.4064320772886276,0.3478667736053467,0.9166666666666666,0.25,0.5061183373133341,0.5539009869098663,0.49879784137010574,1.0,0.4166666666666667,0.3632362484931946,0.42399249970912933,0.36867454648017883,1.0,0.6666666666666666,0.47056761880715686,0.6011922657489777,0.47244593501091003,1.0,0.5833333333333334,0.7732733686765035,0.705389067530632,0.7836837023496628,1.0,0.4166666666666667
464,1.403379003206889,1.4050199389457703,1.3910278677940369,0.4583333333333333,0.16666666666666666,1.0030175149440765,1.0058964639902115,0.9911055117845535,0.5,0.20833333333333334,0.6343841552734375,0.6778179705142975,0.6109412461519241,0.625,0.4166666666666667,0.37449443837006885,0.40094834566116333,0.365188404917717,0.625,0.4166666666666667,0.5392619768778483,0.5591567307710648,0.5326633006334305,0.6666666666666666,0.4583333333333333,0.40319742759068805,0.42753149569034576,0.39510049670934677,0.7083333333333334,0.4583333333333333,0.5602090507745743,0.6136727929115295,0.5394493117928505,0.6666666666666666,0.4583333333333333,0.7261901497840881,0.69791579246521,0.7355552613735199,0.6666666666666666,0.4583333333333333
465,1.3191880981127422,1.3993955850601196,1.3851635456085205,0.7916666666666666,0.5416666666666666,0.9330722490946451,0.9963720440864563,0.9857949316501617,0.7916666666666666,0.625,0.6434097985426585,0.6691903620958328,0.6447960585355759,0.75,0.5833333333333334,0.3836379994948705,0.39564330875873566,0.39734766632318497,0.7083333333333334,0.75,0.5504904588063558,0.5602371394634247,0.5386912152171135,0.6666666666666666,0.4583333333333333,0.41395290195941925,0.42974572628736496,0.39340225607156754,0.75,0.4166666666666667,0.5839435358842214,0.6176506727933884,0.546974204480648,0.7083333333333334,0.4166666666666667,0.7102457781632742,0.6963917315006256,0.7269958257675171,0.6666666666666666,0.4583333333333333
466,1.3778372605641682,1.3960501849651337,1.4057102501392365,0.7083333333333334,0.8333333333333334,0.9786395529905955,0.9946562647819519,1.0049041211605072,0.7083333333333334,0.9166666666666666,0.6458772222201029,0.67078797519207,0.5843722298741341,0.625,0.375,0.3823974480231603,0.41369594633579254,0.34724869579076767,0.8333333333333334,0.375,0.5482319593429565,0.5541021823883057,0.5206073299050331,0.5,0.375,0.41083059708277386,0.4123584255576134,0.3799806237220764,0.4583333333333333,0.375,0.5777313858270645,0.586794838309288,0.5142161697149277,0.5,0.375,0.713447630405426,0.7051074504852295,0.7527017891407013,0.5,0.375
467,1.3722537755966187,1.3987827599048615,1.3935962617397308,0.5833333333333334,0.5416666666666666,0.9786274234453837,0.9940674304962158,0.9945041686296463,0.6666666666666666,0.5833333333333334,0.6281497379144033,0.6625752747058868,0.6306264996528625,0.5833333333333334,0.4583333333333333,0.380443533261617,0.3972419276833534,0.39015858620405197,0.5,0.5,0.5372114231189092,0.5535427629947662,0.5323119908571243,0.5416666666666666,0.4583333333333333,0.4015487531820933,0.42122314870357513,0.39403198659420013,0.5833333333333334,0.4583333333333333,0.5611868351697922,0.5991439670324326,0.5396107584238052,0.5416666666666666,0.4166666666666667,0.7291160523891449,0.7058983892202377,0.7360592037439346,0.5416666666666666,0.4583333333333333
468,1.4081856608390808,1.3914430439472198,1.3988305032253265,0.125,0.2916666666666667,1.0039215087890625,0.9830551147460938,0.9956598430871964,0.25,0.3333333333333333,0.6530894537766775,0.6939172595739365,0.6393779516220093,0.7916666666666666,0.3333333333333333,0.38802966475486755,0.4330056682229042,0.3840819150209427,0.875,0.375,0.5533603131771088,0.5594774335622787,0.5443957448005676,0.6666666666666666,0.25,0.4139424264431,0.42852137237787247,0.40156040340662,0.75,0.25,0.5867486099402109,0.61676025390625,0.5590891242027283,0.7083333333333334,0.25,0.7061645487944285,0.6974900662899017,0.7189012765884399,0.6666666666666666,0.25
469,1.386473814646403,1.3963072001934052,1.3954542577266693,0.5,0.4166666666666667,0.9884351591269175,0.9964760988950729,0.9999695420265198,0.5,0.5833333333333334,0.589489534497261,0.6370215713977814,0.5500654429197311,0.7083333333333334,0.3333333333333333,0.35541967550913495,0.37965277582407,0.3315849304199219,0.7083333333333334,0.3333333333333333,0.5174412975708643,0.5435069054365158,0.5032254308462143,0.75,0.4166666666666667,0.3863326609134674,0.4166160672903061,0.3731318935751915,0.75,0.5,0.5156082610289255,0.5828488618135452,0.4852878153324127,0.7083333333333334,0.5,0.7571875850359598,0.7201549708843231,0.7773948311805725,0.75,0.4166666666666667
470,1.3523683945337932,1.4067383408546448,1.3909634947776794,0.8333333333333334,0.6666666666666666,0.9608077804247538,1.0072882026433945,0.9945811778306961,0.8333333333333334,0.7083333333333334,0.6276283860206604,0.6875792294740677,0.6002646535634995,0.6666666666666666,0.4166666666666667,0.37873758375644684,0.41237982362508774,0.3684573471546173,0.625,0.4166666666666667,0.539546991388003,0.5681179761886597,0.5219537019729614,0.625,0.3333333333333333,0.4011870125929515,0.43402792513370514,0.37915028631687164,0.7916666666666666,0.2916666666666667,0.559380829334259,0.6342934519052505,0.5089365765452385,0.7916666666666666,0.3333333333333333,0.7257866064707438,0.6851847469806671,0.750792607665062,0.625,0.3333333333333333
471,1.3898856043815613,1.3976518511772156,1.4193788468837738,0.5833333333333334,0.9583333333333334,0.9895009299119314,0.9927024990320206,1.0260024666786194,0.5,0.9166666666666666,0.616439551115036,0.6801045686006546,0.6181804090738297,0.8333333333333334,0.5,0.36644527316093445,0.40178506821393967,0.368181973695755,0.8333333333333334,0.5416666666666666,0.5351133793592453,0.5644829124212265,0.5385892987251282,0.875,0.5,0.3923411766688029,0.43051692843437195,0.3977474868297577,0.875,0.5,0.5401538461446762,0.6238055676221848,0.5474125146865845,0.875,0.5,0.7320862710475922,0.6903598308563232,0.7271425426006317,0.875,0.5
472,1.3991817633310955,1.3978868424892426,1.398120790719986,0.5,0.4583333333333333,0.9985635975996653,0.9952714145183563,0.9948932528495789,0.375,0.4583333333333333,0.6347098151842753,0.6579881757497787,0.6248114854097366,0.5833333333333334,0.375,0.3775881975889206,0.3945872262120247,0.3699977174401283,0.6666666666666666,0.3333333333333333,0.5434267769257227,0.5531920045614243,0.5438060909509659,0.5,0.375,0.4022370974222819,0.4195391312241554,0.40451300144195557,0.5833333333333334,0.375,0.5626161893208822,0.5945382118225098,0.5627021938562393,0.5,0.375,0.7202723522981008,0.70640829205513,0.7197410017251968,0.5,0.375
473,1.3299796680609386,1.398299515247345,1.4092937111854553,0.375,0.7083333333333334,0.960472951332728,0.9956472665071487,1.0133864879608154,0.375,0.75,0.5630864997704824,0.6495849639177322,0.6084112524986267,0.625,0.5833333333333334,0.3478313609957695,0.39149603992700577,0.3760931119322777,0.7083333333333334,0.5833333333333334,0.501118078827858,0.5504868924617767,0.5324433892965317,0.6666666666666666,0.625,0.36702579259872437,0.4207224175333977,0.40101055800914764,0.6666666666666666,0.5416666666666666,0.48992697646220523,0.5935617983341217,0.5469880253076553,0.6666666666666666,0.5416666666666666,0.7803997198740641,0.7102294415235519,0.7358643412590027,0.6666666666666666,0.625
474,1.3894325494766235,1.4050719141960144,1.4009687006473541,0.75,0.6666666666666666,0.9926425417264303,1.006511926651001,1.0025113672018051,0.75,0.7083333333333334,0.6189095377922058,0.651064544916153,0.636352464556694,0.75,0.625,0.3673466096321742,0.39076555520296097,0.37823566049337387,0.8333333333333334,0.75,0.5352112352848053,0.5497682690620422,0.5455159246921539,0.7916666666666666,0.7083333333333334,0.39846132198969525,0.4204540550708771,0.4080761894583702,0.875,0.6666666666666666,0.5455065965652466,0.5917862206697464,0.5694400370121002,0.875,0.6666666666666666,0.7319525182247162,0.711269810795784,0.7173077017068863,0.7916666666666666,0.7083333333333334
475,1.395974854628245,1.4016686975955963,1.3976233899593353,0.5833333333333334,0.4583333333333333,0.9957694013913473,0.9948875904083252,0.9974359720945358,0.4583333333333333,0.5833333333333334,0.5964557627836863,0.6499301791191101,0.5892881453037262,0.625,0.5,0.3624708503484726,0.3877665027976036,0.3576435074210167,0.625,0.4166666666666667,0.5254812637964884,0.5538638532161713,0.5190239995718002,0.625,0.4166666666666667,0.3907293876012166,0.42655330896377563,0.38879266381263733,0.625,0.4583333333333333,0.5309283981720606,0.6063415706157684,0.5187374874949455,0.625,0.4583333333333333,0.7457713882128397,0.7054588198661804,0.754957303404808,0.625,0.4166666666666667
476,1.3666276335716248,1.394904911518097,1.4032408893108368,0.5,0.6666666666666666,0.9715796609719595,0.9925230592489243,1.0006969422101974,0.5833333333333334,0.625,0.6141671140988668,0.6786662638187408,0.5993619412183762,0.875,0.375,0.3647999515136083,0.40060344338417053,0.35372431576251984,0.8333333333333334,0.3333333333333333,0.5313990662495295,0.5611013770103455,0.5290958285331726,0.7916666666666666,0.4166666666666667,0.3862101485331853,0.42679300904273987,0.3898613750934601,0.875,0.5,0.5287029594182968,0.6152419149875641,0.5287758484482765,0.8333333333333334,0.4583333333333333,0.7373627225557963,0.6951673775911331,0.7406417578458786,0.7916666666666666,0.4166666666666667
477,1.3960442940394084,1.377525806427002,1.3993626534938812,0.2916666666666667,0.4583333333333333,1.0018361409505208,0.9721761643886566,0.9994592070579529,0.16666666666666666,0.4583333333333333,0.64433686931928,0.6481625437736511,0.583599328994751,0.5416666666666666,0.25,0.3806141217549642,0.40510308742523193,0.34966255724430084,0.6666666666666666,0.3333333333333333,0.5502690176169077,0.5395505875349045,0.5247077494859695,0.375,0.2916666666666667,0.4060590813557307,0.4047343283891678,0.3820379003882408,0.5,0.25,0.5756527135769526,0.5608882308006287,0.5157932564616203,0.5,0.2916666666666667,0.7105607191721598,0.7258064895868301,0.7468831688165665,0.375,0.2916666666666667
478,1.4050086339314778,1.4143289923667908,1.3990425169467926,0.4583333333333333,0.25,1.0080966850121815,1.0139130055904388,1.0006899982690811,0.375,0.3333333333333333,0.6611380676428477,0.693654015660286,0.6360812038183212,0.5416666666666666,0.375,0.4044324109951655,0.4188973903656006,0.38862428069114685,0.625,0.375,0.5507141848405203,0.5696999430656433,0.5414572283625603,0.5833333333333334,0.4583333333333333,0.4138835122187932,0.4344836324453354,0.406166672706604,0.7083333333333334,0.5,0.5862290461858114,0.6403671652078629,0.5658530220389366,0.6666666666666666,0.4166666666666667,0.7099056839942932,0.6829424649477005,0.7230654209852219,0.5833333333333334,0.4583333333333333
479,1.3959597945213318,1.3930467665195465,1.407252311706543,0.375,0.7083333333333334,0.9956312775611877,0.9935212731361389,1.0092752873897552,0.4166666666666667,0.8333333333333334,0.6234553555647532,0.612363263964653,0.579417273402214,0.5,0.375,0.3736426681280136,0.37072304636240005,0.3444639518857002,0.5833333333333334,0.375,0.5412651002407074,0.532007709145546,0.5187214389443398,0.4166666666666667,0.375,0.4000420719385147,0.3995932415127754,0.3793198987841606,0.5416666666666666,0.375,0.5570947378873825,0.5442096143960953,0.5053049698472023,0.5,0.375,0.7233467797438303,0.7365113794803619,0.7553807944059372,0.4166666666666667,0.375
480,1.39507391055425,1.3955822885036469,1.3977434039115906,0.5416666666666666,0.625,1.0019628008206685,0.9936615526676178,1.0065392404794693,0.4166666666666667,0.5833333333333334,0.5707690219084421,0.642354890704155,0.5182294547557831,0.7916666666666666,0.2916666666666667,0.3487023562192917,0.38367779552936554,0.31571677327156067,0.7916666666666666,0.2916666666666667,0.5100011080503464,0.5451233834028244,0.4862178713083267,0.8333333333333334,0.25,0.3802562803030014,0.4168535992503166,0.35647930949926376,0.7916666666666666,0.2916666666666667,0.49912920594215393,0.5815942287445068,0.4490875080227852,0.7916666666666666,0.2916666666666667,0.7677580416202545,0.7178478688001633,0.801549956202507,0.8333333333333334,0.25
481,1.3932107090950012,1.3934446573257446,1.3988314270973206,0.375,0.5416666666666666,0.9937610924243927,0.9916048943996429,0.9964709430932999,0.3333333333333333,0.5833333333333334,0.6379286547501882,0.6309912800788879,0.6554547995328903,0.4583333333333333,0.6666666666666666,0.38130318621794385,0.37721215188503265,0.39549942314624786,0.4583333333333333,0.6666666666666666,0.5457838674386343,0.5416132509708405,0.547849252820015,0.4166666666666667,0.5416666666666666,0.40614910920461017,0.4122224375605583,0.4003501906991005,0.5,0.4583333333333333,0.5696215927600861,0.572572648525238,0.56412373483181,0.5,0.5,0.7169326841831207,0.7228594422340393,0.7139992266893387,0.4166666666666667,0.5416666666666666
482,1.395486851533254,1.3995843827724457,1.3981841504573822,0.6666666666666666,0.5416666666666666,0.996135930220286,1.0002067983150482,0.9977148026227951,0.75,0.625,0.6300213237603506,0.6239415556192398,0.6237737089395523,0.4583333333333333,0.5,0.38380617400010425,0.37251603603363037,0.37350568920373917,0.375,0.5,0.5372206568717957,0.5383385717868805,0.5356907770037651,0.5416666666666666,0.5,0.4029734532038371,0.41044630855321884,0.402288481593132,0.5416666666666666,0.5,0.5555929044882456,0.5670215412974358,0.5551553592085838,0.5416666666666666,0.5,0.7290931940078735,0.7275047302246094,0.7312652319669724,0.5416666666666666,0.5
483,1.3546077410380046,1.4006913006305695,1.385474145412445,0.8333333333333334,0.3333333333333333,0.9646963973840078,0.9986968040466309,0.9848962128162384,0.8333333333333334,0.4583333333333333,0.635759174823761,0.6483703702688217,0.5884286016225815,0.5833333333333334,0.16666666666666666,0.3794473906358083,0.38503170758485794,0.3542534112930298,0.5416666666666666,0.25,0.5429874857266744,0.5521568357944489,0.5243774801492691,0.625,0.20833333333333334,0.4057294577360153,0.4223829582333565,0.38877832889556885,0.6666666666666666,0.2916666666666667,0.5647115310033163,0.5982017666101456,0.5211234912276268,0.6666666666666666,0.25,0.720882793267568,0.707880973815918,0.7473483085632324,0.625,0.20833333333333334
484,1.3894162774085999,1.4014952182769775,1.4024266302585602,0.75,0.7083333333333334,0.9906308650970459,0.9994738548994064,1.0038199573755264,0.7083333333333334,0.75,0.6243417064348856,0.6645574122667313,0.6058179140090942,0.75,0.4583333333333333,0.3724817285935084,0.39743412286043167,0.3614167347550392,0.7916666666666666,0.4583333333333333,0.540646473566691,0.5588112026453018,0.5332200899720192,0.7916666666666666,0.5833333333333334,0.40707095960776013,0.42479316890239716,0.398986779153347,0.8333333333333334,0.5833333333333334,0.5625545481840769,0.6095505505800247,0.5465293154120445,0.7916666666666666,0.5833333333333334,0.7242228090763092,0.6984137296676636,0.7347810715436935,0.7916666666666666,0.5833333333333334
485,1.391003946463267,1.4018336236476898,1.3950319290161133,0.625,0.5416666666666666,0.9924625257651011,0.9997150599956512,0.9913114756345749,0.625,0.5,0.6450746854146322,0.6501507759094238,0.6618864834308624,0.4583333333333333,0.5833333333333334,0.38942977289358777,0.38858822733163834,0.4028649777173996,0.5,0.625,0.5506757199764252,0.5510336309671402,0.5529045909643173,0.4583333333333333,0.5,0.41249405841032666,0.41954168677330017,0.4124000668525696,0.5833333333333334,0.4583333333333333,0.5825249006350836,0.5930826514959335,0.5860555469989777,0.4583333333333333,0.4583333333333333,0.7099761962890625,0.7094704806804657,0.706813707947731,0.4583333333333333,0.5
486,1.3658986687660217,1.4076459407806396,1.3824077546596527,0.6666666666666666,0.16666666666666666,0.967976321776708,1.0064100474119186,0.9729513227939606,0.8333333333333334,0.16666666666666666,0.6753544012705485,0.6966969817876816,0.6276508867740631,0.7083333333333334,0.25,0.4007764160633087,0.4189950078725815,0.3779853284358978,0.75,0.20833333333333334,0.5603846609592438,0.5690405666828156,0.5441661179065704,0.75,0.2916666666666667,0.4138312488794327,0.43968748301267624,0.4064209312200546,0.7916666666666666,0.4166666666666667,0.5970393468936285,0.6467300206422806,0.569323442876339,0.7916666666666666,0.4166666666666667,0.6961829861005148,0.6838995516300201,0.7192382216453552,0.75,0.2916666666666667
487,1.3899203141530354,1.4003661572933197,1.3878408670425415,0.4166666666666667,0.3333333333333333,0.9925533930460612,1.0030420273542404,0.9872837215662003,0.625,0.4166666666666667,0.6314292053381602,0.6071589142084122,0.564645454287529,0.4583333333333333,0.25,0.37644783159097034,0.36823076009750366,0.3392711207270622,0.4583333333333333,0.25,0.5379471480846405,0.5270557031035423,0.5077631175518036,0.375,0.3333333333333333,0.405097375313441,0.399631142616272,0.37686900049448013,0.4583333333333333,0.3333333333333333,0.565816193819046,0.5431870892643929,0.49679598957300186,0.4583333333333333,0.3333333333333333,0.72804856300354,0.7435428202152252,0.7709474712610245,0.375,0.3333333333333333
488,1.3727848529815674,1.3998139798641205,1.3232809901237488,0.5833333333333334,0.3333333333333333,0.9808069268862406,0.9965540319681168,0.9477937966585159,0.5833333333333334,0.4166666666666667,0.6255575319131216,0.6949288249015808,0.5652341693639755,0.7916666666666666,0.25,0.37729176382223767,0.4117267578840256,0.3425856679677963,0.7083333333333334,0.25,0.5391378899415334,0.5686110854148865,0.5139289274811745,0.7916666666666666,0.20833333333333334,0.4057648132244746,0.43785423040390015,0.3775878921151161,0.8333333333333334,0.25,0.5658445805311203,0.6418666690587997,0.5009453520178795,0.7916666666666666,0.25,0.7263723214467367,0.6844750493764877,0.7621900737285614,0.7916666666666666,0.20833333333333334
489,1.3966343800226848,1.40540212392807,1.4254385828971863,0.9166666666666666,0.9166666666666666,0.9937031865119934,1.0048580914735794,1.0318851917982101,0.875,0.7916666666666666,0.6611278653144836,0.7051749527454376,0.6267914026975632,0.7083333333333334,0.375,0.39411185681819916,0.43995659053325653,0.37157075852155685,0.8333333333333334,0.375,0.5559642811616262,0.567912295460701,0.5418018698692322,0.7083333333333334,0.4166666666666667,0.4143153329690297,0.4414651468396187,0.40140601247549057,0.7916666666666666,0.375,0.5912500123182932,0.6454512625932693,0.5624537467956543,0.75,0.375,0.7024575968583425,0.6854995936155319,0.7225897163152695,0.7083333333333334,0.4166666666666667
490,1.363304893175761,1.4050832092761993,1.3841387629508972,0.9166666666666666,0.625,0.975143571694692,1.0041726678609848,0.9966114163398743,0.7916666666666666,0.7083333333333334,0.5563693841298422,0.6804507523775101,0.48195213079452515,0.7916666666666666,0.2916666666666667,0.3508225679397583,0.4138498082756996,0.31746113300323486,0.7916666666666666,0.4583333333333333,0.4968848278125127,0.5600806027650833,0.4534032568335533,0.7916666666666666,0.25,0.36123762528101605,0.43621739000082016,0.3247135356068611,0.9166666666666666,0.2916666666666667,0.4725148876508077,0.6287742555141449,0.3953089639544487,0.875,0.25,0.7863904933134714,0.6966040730476379,0.8481987118721008,0.7916666666666666,0.25
491,1.4104177951812744,1.402154803276062,1.4021205306053162,0.25,0.25,1.0056821604569752,0.9957190304994583,0.9958052933216095,0.3333333333333333,0.20833333333333334,0.7300551335016886,0.6832617074251175,0.6573951244354248,0.16666666666666666,0.08333333333333333,0.43368178606033325,0.40860240161418915,0.38969888538122177,0.25,0.041666666666666664,0.5854809780915579,0.5686844289302826,0.5538061559200287,0.20833333333333334,0.08333333333333333,0.4465654343366623,0.433774471282959,0.4149065986275673,0.2916666666666667,0.08333333333333333,0.6766399145126343,0.6358514279127121,0.5912441313266754,0.20833333333333334,0.08333333333333333,0.6605152289072672,0.6844054460525513,0.7055279612541199,0.20833333333333334,0.08333333333333333
492,1.4028853972752888,1.3967406451702118,1.407490074634552,0.3333333333333333,0.5416666666666666,1.0029068787892659,0.9986439645290375,1.0071992725133896,0.375,0.4583333333333333,0.6521921952565511,0.6199054419994354,0.6181309819221497,0.2916666666666667,0.4166666666666667,0.3922683894634247,0.3785454109311104,0.3750615268945694,0.4166666666666667,0.4583333333333333,0.5532671213150024,0.5338367223739624,0.5351773798465729,0.25,0.4166666666666667,0.41920902331670123,0.4073818400502205,0.3963458463549614,0.2916666666666667,0.4166666666666667,0.5984826385974884,0.5578168481588364,0.5491852909326553,0.25,0.4166666666666667,0.7063041826089224,0.7339120507240295,0.7319898754358292,0.25,0.4166666666666667
493,1.395592172940572,1.3897933959960938,1.3931040465831757,0.2916666666666667,0.3333333333333333,1.0003536641597748,0.993115097284317,1.0015452951192856,0.375,0.625,0.5629295955101649,0.6258050203323364,0.5475966185331345,0.6666666666666666,0.4583333333333333,0.3431805620590846,0.3879890739917755,0.334963895380497,0.7083333333333334,0.4583333333333333,0.5070380022128423,0.53254334628582,0.4978822320699692,0.625,0.5,0.3715587059656779,0.39794473350048065,0.3669281080365181,0.625,0.5416666666666666,0.4897288680076599,0.5432463511824608,0.4733921140432358,0.625,0.5,0.7719727555910746,0.7357264310121536,0.7849832028150558,0.625,0.5
494,1.39159228404363,1.4034631252288818,1.389377921819687,0.6666666666666666,0.4583333333333333,0.9970916211605072,0.9999680072069168,0.9938688576221466,0.5416666666666666,0.4166666666666667,0.5775913149118423,0.6886535882949829,0.5338820964097977,1.0,0.3333333333333333,0.3540450483560562,0.40699175000190735,0.3341105654835701,0.875,0.375,0.5099545121192932,0.5584869533777237,0.4872800037264824,1.0,0.25,0.37658751010894775,0.42970913648605347,0.35848864912986755,0.9583333333333334,0.375,0.4923729995886485,0.6156789213418961,0.4515443295240402,1.0,0.3333333333333333,0.7678256730238596,0.6988609284162521,0.8000490218400955,1.0,0.25
495,1.4036295215288799,1.4017748832702637,1.399427205324173,0.3333333333333333,0.3333333333333333,1.0047463874022167,0.9967955648899078,0.9918936938047409,0.375,0.25,0.7017289996147156,0.70899398624897,0.6352747976779938,0.5833333333333334,0.20833333333333334,0.41307829817136127,0.4213695526123047,0.37387464195489883,0.625,0.20833333333333334,0.5684429407119751,0.5683523416519165,0.5421957969665527,0.5416666666666666,0.20833333333333334,0.4249672790368398,0.4314986318349838,0.3940689340233803,0.5,0.25,0.6252917846043905,0.631691962480545,0.5488706529140472,0.5416666666666666,0.2916666666666667,0.6847223440806071,0.6848685145378113,0.7220126688480377,0.5416666666666666,0.20833333333333334
496,1.3840013146400452,1.3996871709823608,1.3904752433300018,0.4583333333333333,0.4166666666666667,1.0043714344501495,0.9985044300556183,0.9921616166830063,0.4583333333333333,0.4166666666666667,0.6014105379581451,0.6357172578573227,0.5683367103338242,0.625,0.4166666666666667,0.3691023141145706,0.3804870992898941,0.35662494599819183,0.5416666666666666,0.4166666666666667,0.5217000097036362,0.5416295677423477,0.49903982877731323,0.625,0.375,0.38026028374830884,0.41128209233283997,0.35718539357185364,0.7083333333333334,0.4166666666666667,0.5125862856705984,0.5719991773366928,0.46717195957899094,0.6666666666666666,0.4166666666666667,0.7511395116647085,0.7228193879127502,0.7833393514156342,0.625,0.375
497,1.4018910725911458,1.4053445160388947,1.390035331249237,0.3333333333333333,0.4166666666666667,1.004513571659724,1.0035392493009567,0.9918829947710037,0.375,0.375,0.6623625059922537,0.6660420745611191,0.6337882280349731,0.5,0.4166666666666667,0.39775798221429187,0.4014800116419792,0.3836825340986252,0.5,0.5,0.5531016786893209,0.5585188418626785,0.5378321781754494,0.4583333333333333,0.4583333333333333,0.4105355093876521,0.4252409487962723,0.38892560452222824,0.625,0.4166666666666667,0.5835715979337692,0.6092199832201004,0.5427476316690445,0.5833333333333334,0.4583333333333333,0.7065216402212778,0.6988453269004822,0.7282200455665588,0.4583333333333333,0.4583333333333333
498,1.3300293882687886,1.3869356215000153,1.396402657032013,0.6666666666666666,0.7083333333333334,0.9399000108242035,0.9843602329492569,0.9967936128377914,0.7083333333333334,0.8333333333333334,0.6039775808652242,0.6347758620977402,0.6004251837730408,0.5416666666666666,0.3333333333333333,0.3610587740937869,0.3850490003824234,0.3601578325033188,0.5416666666666666,0.3333333333333333,0.5272450298070908,0.5395194441080093,0.529121458530426,0.5416666666666666,0.2916666666666667,0.38799428939819336,0.4128650054335594,0.39026737958192825,0.5416666666666666,0.3333333333333333,0.5312698781490326,0.5717205852270126,0.5285767242312431,0.5416666666666666,0.3333333333333333,0.7432671984036764,0.7258313745260239,0.7405996024608612,0.5416666666666666,0.2916666666666667
499,1.3843262990315754,1.3754775524139404,1.4038698077201843,0.25,1.0,0.9876740475495657,0.9772753715515137,1.010671615600586,0.2916666666666667,1.0,0.6239132185777029,0.5789282470941544,0.5827144235372543,0.2916666666666667,0.3333333333333333,0.37820098797480267,0.34944388270378113,0.3523772433400154,0.20833333333333334,0.2916666666666667,0.5325919638077418,0.5163085758686066,0.5164022073149681,0.3333333333333333,0.375,0.39734986424446106,0.3863066956400871,0.3804122731089592,0.375,0.375,0.5436963190635046,0.5112537890672684,0.5061720535159111,0.3333333333333333,0.375,0.7356622417767843,0.7588147968053818,0.7586600631475449,0.3333333333333333,0.375
